#
# There is insufficient memory for the Java Runtime Environment to continue.
# Native memory allocation (mmap) failed to map 65536 bytes. Error detail: Failed to commit metaspace.
# Possible reasons:
#   The system is out of physical RAM or swap space
#   This process is running with CompressedOops enabled, and the Java Heap may be blocking the growth of the native heap
# Possible solutions:
#   Reduce memory load on the system
#   Increase physical memory or swap space
#   Check if swap backing store is full
#   Decrease Java heap size (-Xmx/-Xms)
#   Decrease number of Java threads
#   Decrease Java thread stack sizes (-Xss)
#   Set larger code cache with -XX:ReservedCodeCacheSize=
#   JVM is running with Unscaled Compressed Oops mode in which the Java heap is
#     placed in the first 4GB address space. The Java Heap base address is the
#     maximum limit for the native heap growth. Please use -XX:HeapBaseMinAddress
#     to set the Java Heap base and to place the Java Heap above 4GB virtual address.
# This output file may be truncated or incomplete.
#
#  Out of Memory Error (virtualSpaceNode.cpp:113), pid=6932, tid=4148
#
# JRE version: OpenJDK Runtime Environment (21.0.5) (build 21.0.5+-13047016-b750.29)
# Java VM: OpenJDK 64-Bit Server VM (21.0.5+-13047016-b750.29, mixed mode, tiered, compressed oops, compressed class ptrs, g1 gc, windows-amd64)
# No core dump will be written. Minidumps are not enabled by default on client versions of Windows
#

---------------  S U M M A R Y ------------

Command Line: --add-opens=java.base/java.util=ALL-UNNAMED --add-opens=java.base/java.lang=ALL-UNNAMED --add-opens=java.base/java.lang.invoke=ALL-UNNAMED --add-opens=java.prefs/java.util.prefs=ALL-UNNAMED --add-exports=jdk.compiler/com.sun.tools.javac.api=ALL-UNNAMED --add-exports=jdk.compiler/com.sun.tools.javac.util=ALL-UNNAMED --add-opens=java.base/java.nio.charset=ALL-UNNAMED --add-opens=java.base/java.net=ALL-UNNAMED --add-opens=java.base/java.util.concurrent.atomic=ALL-UNNAMED -Xmx2048m -Dfile.encoding=UTF-8 -Duser.country=ID -Duser.language=en -Duser.variant -javaagent:C:\Users\HP\.gradle\wrapper\dists\gradle-8.9-bin\90cnw93cvbtalezasaz0blq0a\gradle-8.9\lib\agents\gradle-instrumentation-agent-8.9.jar org.gradle.launcher.daemon.bootstrap.GradleDaemon 8.9

Host: AMD Athlon Silver 3050U with Radeon Graphics   , 2 cores, 5G,  Windows 11 , 64 bit Build 22621 (10.0.22621.5415)
Time: Sat Aug 16 16:08:31 2025 SE Asia Standard Time elapsed time: 287.999804 seconds (0d 0h 4m 47s)

---------------  T H R E A D  ---------------

Current thread (0x000002dfdb205400):  JavaThread "included builds"        [_thread_in_vm, id=4148, stack(0x000000e940900000,0x000000e940a00000) (1024K)]

Stack: [0x000000e940900000,0x000000e940a00000]
Native frames: (J=compiled Java code, j=interpreted, Vv=VM code, C=native code)
V  [jvm.dll+0x6cfb29]
V  [jvm.dll+0x85df93]
V  [jvm.dll+0x8604ee]
V  [jvm.dll+0x860bd3]
V  [jvm.dll+0x27e6b6]
V  [jvm.dll+0x858e6e]
V  [jvm.dll+0x673d95]
V  [jvm.dll+0x1e3111]
V  [jvm.dll+0x1e2ede]
V  [jvm.dll+0x6766e8]
V  [jvm.dll+0x676522]
V  [jvm.dll+0x67478e]
V  [jvm.dll+0x67e7b7]
V  [jvm.dll+0x214eac]
V  [jvm.dll+0x2153f5]
V  [jvm.dll+0x215dd6]
V  [jvm.dll+0x20ae29]
V  [jvm.dll+0x5b1d63]
V  [jvm.dll+0x7d5f50]
V  [jvm.dll+0x7d607e]
V  [jvm.dll+0x46ebdd]
V  [jvm.dll+0x474528]
C  [java.dll+0x17ec]

Java frames: (J=compiled Java code, j=interpreted, Vv=VM code)
J 794  java.lang.ClassLoader.defineClass1(Ljava/lang/ClassLoader;Ljava/lang/String;[BIILjava/security/ProtectionDomain;Ljava/lang/String;)Ljava/lang/Class; java.base@21.0.5 (0 bytes) @ 0x000002dfc77d1b89 [0x000002dfc77d1ac0+0x00000000000000c9]
J 10920 c2 java.net.URLClassLoader$1.run()Ljava/lang/Class; java.base@21.0.5 (81 bytes) @ 0x000002dfc7cc74c8 [0x000002dfc7cc6a40+0x0000000000000a88]
J 5239 c2 java.lang.ClassLoader.loadClass(Ljava/lang/String;Z)Ljava/lang/Class; java.base@21.0.5 (121 bytes) @ 0x000002dfc7a1bb98 [0x000002dfc7a1b7e0+0x00000000000003b8]
J 3326 c2 java.lang.ClassLoader.loadClass(Ljava/lang/String;)Ljava/lang/Class; java.base@21.0.5 (7 bytes) @ 0x000002dfc7872fec [0x000002dfc7872fa0+0x000000000000004c]
v  ~StubRoutines::call_stub 0x000002dfc71f100d
j  org.gradle.api.problems.internal.DefaultProblemReporter.reporting(Lorg/gradle/api/Action;)V+0
j  org.gradle.api.internal.tasks.compile.DiagnosticToProblemListener.report(Ljavax/tools/Diagnostic;)V+77
j  com.sun.tools.javac.util.Log.writeDiagnostic(Lcom/sun/tools/javac/util/JCDiagnostic;)V+12 jdk.compiler@21.0.5
j  com.sun.tools.javac.util.Log$DefaultDiagnosticHandler.report(Lcom/sun/tools/javac/util/JCDiagnostic;)V+255 jdk.compiler@21.0.5
j  com.sun.tools.javac.util.Log.report(Lcom/sun/tools/javac/util/JCDiagnostic;)V+5 jdk.compiler@21.0.5
j  com.sun.tools.javac.util.AbstractLog.error(Lcom/sun/tools/javac/util/JCDiagnostic$DiagnosticPosition;Lcom/sun/tools/javac/util/JCDiagnostic$Error;)V+15 jdk.compiler@21.0.5
j  com.sun.tools.javac.main.JavaCompiler.generate(Ljava/util/Queue;Ljava/util/Queue;)V+338 jdk.compiler@21.0.5
j  com.sun.tools.javac.main.JavaCompiler.generate(Ljava/util/Queue;)V+3 jdk.compiler@21.0.5
j  com.sun.tools.javac.main.JavaCompiler.compile(Ljava/util/Collection;Ljava/util/Collection;Ljava/lang/Iterable;Ljava/util/Collection;)V+481 jdk.compiler@21.0.5
j  com.sun.tools.javac.api.JavacTaskImpl.lambda$doCall$0()Lcom/sun/tools/javac/main/Main$Result;+45 jdk.compiler@21.0.5
j  com.sun.tools.javac.api.JavacTaskImpl$$Lambda+0x000000010190b840.call()Ljava/lang/Object;+4 jdk.compiler@21.0.5
j  com.sun.tools.javac.api.JavacTaskImpl.invocationHelper(Ljava/util/concurrent/Callable;)Lcom/sun/tools/javac/util/Pair;+20 jdk.compiler@21.0.5
j  com.sun.tools.javac.api.JavacTaskImpl.doCall()Lcom/sun/tools/javac/main/Main$Result;+7 jdk.compiler@21.0.5
j  com.sun.tools.javac.api.JavacTaskImpl.call()Ljava/lang/Boolean;+1 jdk.compiler@21.0.5
j  org.gradle.internal.compiler.java.IncrementalCompileTask.call()Ljava/lang/Boolean;+59
j  org.gradle.api.internal.tasks.compile.AnnotationProcessingCompileTask.call()Ljava/lang/Boolean;+30
j  org.gradle.api.internal.tasks.compile.ResourceCleaningCompilationTask.call()Ljava/lang/Boolean;+4
j  org.gradle.api.internal.tasks.compile.JdkJavaCompiler.execute(Lorg/gradle/api/internal/tasks/compile/JavaCompileSpec;)Lorg/gradle/api/tasks/WorkResult;+56
j  org.gradle.api.internal.tasks.compile.JdkJavaCompiler.execute(Lorg/gradle/language/base/internal/compile/CompileSpec;)Lorg/gradle/api/tasks/WorkResult;+5
j  org.gradle.api.internal.tasks.compile.NormalizingJavaCompiler.delegateAndHandleErrors(Lorg/gradle/api/internal/tasks/compile/JavaCompileSpec;)Lorg/gradle/api/tasks/WorkResult;+5
j  org.gradle.api.internal.tasks.compile.NormalizingJavaCompiler.execute(Lorg/gradle/api/internal/tasks/compile/JavaCompileSpec;)Lorg/gradle/api/tasks/WorkResult;+22
j  org.gradle.api.internal.tasks.compile.NormalizingJavaCompiler.execute(Lorg/gradle/language/base/internal/compile/CompileSpec;)Lorg/gradle/api/tasks/WorkResult;+5
j  org.gradle.api.internal.tasks.compile.AnnotationProcessorDiscoveringCompiler.execute(Lorg/gradle/api/internal/tasks/compile/JavaCompileSpec;)Lorg/gradle/api/tasks/WorkResult;+18
j  org.gradle.api.internal.tasks.compile.AnnotationProcessorDiscoveringCompiler.execute(Lorg/gradle/language/base/internal/compile/CompileSpec;)Lorg/gradle/api/tasks/WorkResult;+5
j  org.gradle.api.internal.tasks.compile.ModuleApplicationNameWritingCompiler.execute(Lorg/gradle/api/internal/tasks/compile/JavaCompileSpec;)Lorg/gradle/api/tasks/WorkResult;+5
j  org.gradle.api.internal.tasks.compile.ModuleApplicationNameWritingCompiler.execute(Lorg/gradle/language/base/internal/compile/CompileSpec;)Lorg/gradle/api/tasks/WorkResult;+5
j  org.gradle.jvm.toolchain.internal.DefaultToolchainJavaCompiler.execute(Lorg/gradle/language/base/internal/compile/CompileSpec;)Lorg/gradle/api/tasks/WorkResult;+33
j  org.gradle.api.tasks.compile.JavaCompile.lambda$createToolchainCompiler$3(Lorg/gradle/language/base/internal/compile/CompileSpec;)Lorg/gradle/api/tasks/WorkResult;+15
j  org.gradle.api.tasks.compile.JavaCompile$$Lambda+0x00000001018f5b38.execute(Lorg/gradle/language/base/internal/compile/CompileSpec;)Lorg/gradle/api/tasks/WorkResult;+5
j  org.gradle.api.internal.tasks.compile.CleaningJavaCompiler.execute(Lorg/gradle/api/internal/tasks/compile/JavaCompileSpec;)Lorg/gradle/api/tasks/WorkResult;+72
j  org.gradle.api.internal.tasks.compile.incremental.IncrementalCompilerFactory.lambda$createRebuildAllCompiler$0(Lorg/gradle/api/file/FileTree;Lorg/gradle/api/internal/tasks/compile/CleaningJavaCompiler;Lorg/gradle/api/internal/tasks/compile/JavaCompileSpec;)Lorg/gradle/api/tasks/WorkResult;+9
j  org.gradle.api.internal.tasks.compile.incremental.IncrementalCompilerFactory$$Lambda+0x00000001018f6d68.execute(Lorg/gradle/language/base/internal/compile/CompileSpec;)Lorg/gradle/api/tasks/WorkResult;+12
j  org.gradle.api.internal.tasks.compile.incremental.SelectiveCompiler.execute(Lorg/gradle/api/internal/tasks/compile/JavaCompileSpec;)Lorg/gradle/api/tasks/WorkResult;+27
j  org.gradle.api.internal.tasks.compile.incremental.SelectiveCompiler.execute(Lorg/gradle/language/base/internal/compile/CompileSpec;)Lorg/gradle/api/tasks/WorkResult;+5
j  org.gradle.api.internal.tasks.compile.incremental.IncrementalResultStoringCompiler.execute(Lorg/gradle/api/internal/tasks/compile/JavaCompileSpec;)Lorg/gradle/api/tasks/WorkResult;+5
j  org.gradle.api.internal.tasks.compile.incremental.IncrementalResultStoringCompiler.execute(Lorg/gradle/language/base/internal/compile/CompileSpec;)Lorg/gradle/api/tasks/WorkResult;+5
j  org.gradle.api.internal.tasks.compile.CompileJavaBuildOperationReportingCompiler$1.call(Lorg/gradle/internal/operations/BuildOperationContext;)Lorg/gradle/api/tasks/WorkResult;+11
j  org.gradle.api.internal.tasks.compile.CompileJavaBuildOperationReportingCompiler$1.call(Lorg/gradle/internal/operations/BuildOperationContext;)Ljava/lang/Object;+2
J 13751 c2 org.gradle.internal.operations.DefaultBuildOperationRunner$CallableBuildOperationWorker.execute(Lorg/gradle/internal/operations/BuildOperation;Lorg/gradle/internal/operations/BuildOperationContext;)V (10 bytes) @ 0x000002dfc7cb4584 [0x000002dfc7cb4440+0x0000000000000144]
J 15896 c2 org.gradle.internal.operations.DefaultBuildOperationRunner$2.execute(Lorg/gradle/internal/operations/BuildOperationDescriptor;Lorg/gradle/internal/operations/BuildOperationState;Lorg/gradle/internal/operations/BuildOperationState;Lorg/gradle/internal/operations/DefaultBuildOperationRunner$ReadableBuildOperationContext;Lorg/gradle/internal/operations/DefaultBuildOperationRunner$BuildOperationExecutionListener;)Ljava/lang/Object; (12 bytes) @ 0x000002dfc7ec391c [0x000002dfc7ec3420+0x00000000000004fc]
J 15892 c1 org.gradle.internal.operations.DefaultBuildOperationRunner.execute(Lorg/gradle/internal/operations/BuildOperationDescriptor$Builder;Lorg/gradle/internal/operations/BuildOperationState;Lorg/gradle/internal/operations/DefaultBuildOperationRunner$BuildOperationExecution;)Ljava/lang/Object; (147 bytes) @ 0x000002dfc142fbc4 [0x000002dfc142f080+0x0000000000000b44]
J 13968 c2 org.gradle.internal.operations.DefaultBuildOperationRunner.call(Lorg/gradle/internal/operations/CallableBuildOperation;)Ljava/lang/Object; (24 bytes) @ 0x000002dfc7e4e850 [0x000002dfc7e4e680+0x00000000000001d0]
j  org.gradle.api.internal.tasks.compile.CompileJavaBuildOperationReportingCompiler.execute(Lorg/gradle/api/internal/tasks/compile/JavaCompileSpec;)Lorg/gradle/api/tasks/WorkResult;+13
j  org.gradle.api.tasks.compile.JavaCompile.performCompilation(Lorg/gradle/api/internal/tasks/compile/JavaCompileSpec;Lorg/gradle/language/base/internal/compile/Compiler;)V+24
j  org.gradle.api.tasks.compile.JavaCompile.performIncrementalCompilation(Lorg/gradle/work/InputChanges;Lorg/gradle/api/internal/tasks/compile/DefaultJavaCompileSpec;)V+87
j  org.gradle.api.tasks.compile.JavaCompile.compile(Lorg/gradle/work/InputChanges;)V+26
J 10405 c1 java.lang.invoke.DirectMethodHandle$Holder.invokeVirtual(Ljava/lang/Object;Ljava/lang/Object;Ljava/lang/Object;)V java.base@21.0.5 (15 bytes) @ 0x000002dfc0cb2914 [0x000002dfc0cb2560+0x00000000000003b4]
J 12753 c1 java.lang.invoke.LambdaForm$MH+0x00000001000dcc00.invoke(Ljava/lang/Object;Ljava/lang/Object;Ljava/lang/Object;)Ljava/lang/Object; java.base@21.0.5 (57 bytes) @ 0x000002dfc10f92f4 [0x000002dfc10f8ba0+0x0000000000000754]
J 13774 c2 jdk.internal.reflect.DirectMethodHandleAccessor.invoke(Ljava/lang/Object;[Ljava/lang/Object;)Ljava/lang/Object; java.base@21.0.5 (92 bytes) @ 0x000002dfc79b9454 [0x000002dfc79b9340+0x0000000000000114]
J 3145 c1 org.gradle.internal.reflect.JavaMethod.invoke(Ljava/lang/Object;[Ljava/lang/Object;)Ljava/lang/Object; (74 bytes) @ 0x000002dfc02f8d9c [0x000002dfc02f8840+0x000000000000055c]
j  org.gradle.api.internal.project.taskfactory.IncrementalTaskAction.doExecute(Lorg/gradle/api/Task;Ljava/lang/String;)V+28
j  org.gradle.api.internal.project.taskfactory.StandardTaskAction.execute(Lorg/gradle/api/Task;)V+32
j  org.gradle.api.internal.project.taskfactory.IncrementalTaskAction.execute(Lorg/gradle/api/Task;)V+2
j  org.gradle.api.internal.project.taskfactory.StandardTaskAction.execute(Ljava/lang/Object;)V+5
j  org.gradle.api.internal.tasks.execution.TaskExecution$3.run(Lorg/gradle/internal/operations/BuildOperationContext;)V+23
J 10260 c1 org.gradle.internal.operations.DefaultBuildOperationRunner$1.execute(Lorg/gradle/internal/operations/BuildOperation;Lorg/gradle/internal/operations/BuildOperationContext;)V (10 bytes) @ 0x000002dfc0c5e1ac [0x000002dfc0c5df60+0x000000000000024c]
J 15896 c2 org.gradle.internal.operations.DefaultBuildOperationRunner$2.execute(Lorg/gradle/internal/operations/BuildOperationDescriptor;Lorg/gradle/internal/operations/BuildOperationState;Lorg/gradle/internal/operations/BuildOperationState;Lorg/gradle/internal/operations/DefaultBuildOperationRunner$ReadableBuildOperationContext;Lorg/gradle/internal/operations/DefaultBuildOperationRunner$BuildOperationExecutionListener;)Ljava/lang/Object; (12 bytes) @ 0x000002dfc7ec391c [0x000002dfc7ec3420+0x00000000000004fc]
J 15892 c1 org.gradle.internal.operations.DefaultBuildOperationRunner.execute(Lorg/gradle/internal/operations/BuildOperationDescriptor$Builder;Lorg/gradle/internal/operations/BuildOperationState;Lorg/gradle/internal/operations/DefaultBuildOperationRunner$BuildOperationExecution;)Ljava/lang/Object; (147 bytes) @ 0x000002dfc142fbc4 [0x000002dfc142f080+0x0000000000000b44]
J 13738 c2 org.gradle.internal.operations.DefaultBuildOperationRunner.execute(Lorg/gradle/internal/operations/BuildOperation;Lorg/gradle/internal/operations/BuildOperationWorker;Lorg/gradle/internal/operations/BuildOperationState;)V (23 bytes) @ 0x000002dfc7c84610 [0x000002dfc7c84540+0x00000000000000d0]
J 10259 c1 org.gradle.internal.operations.DefaultBuildOperationRunner.run(Lorg/gradle/internal/operations/RunnableBuildOperation;)V (13 bytes) @ 0x000002dfc0c5daa4 [0x000002dfc0c5d700+0x00000000000003a4]
j  org.gradle.api.internal.tasks.execution.TaskExecution.executeAction(Ljava/lang/String;Lorg/gradle/api/internal/TaskInternal;Lorg/gradle/api/internal/tasks/InputChangesAwareTaskAction;Lorg/gradle/internal/execution/history/changes/InputChangesInternal;Z)V+30
j  org.gradle.api.internal.tasks.execution.TaskExecution.executeActions(Lorg/gradle/api/internal/TaskInternal;Lorg/gradle/internal/execution/history/changes/InputChangesInternal;)V+131
j  org.gradle.api.internal.tasks.execution.TaskExecution.executeWithPreviousOutputFiles(Lorg/gradle/internal/execution/history/changes/InputChangesInternal;)Lorg/gradle/internal/execution/UnitOfWork$WorkResult;+46
j  org.gradle.api.internal.tasks.execution.TaskExecution.execute(Lorg/gradle/internal/execution/UnitOfWork$ExecutionRequest;)Lorg/gradle/internal/execution/UnitOfWork$WorkOutput;+61
j  org.gradle.internal.execution.steps.ExecuteStep.executeInternal(Lorg/gradle/internal/execution/UnitOfWork;Lorg/gradle/internal/execution/steps/InputChangesContext;)Lorg/gradle/internal/execution/steps/Result;+16
j  org.gradle.internal.execution.steps.ExecuteStep.access$000(Lorg/gradle/internal/execution/UnitOfWork;Lorg/gradle/internal/execution/steps/InputChangesContext;)Lorg/gradle/internal/execution/steps/Result;+2
j  org.gradle.internal.execution.steps.ExecuteStep$1.call(Lorg/gradle/internal/operations/BuildOperationContext;)Lorg/gradle/internal/execution/steps/Result;+8
j  org.gradle.internal.execution.steps.ExecuteStep$1.call(Lorg/gradle/internal/operations/BuildOperationContext;)Ljava/lang/Object;+2
J 13751 c2 org.gradle.internal.operations.DefaultBuildOperationRunner$CallableBuildOperationWorker.execute(Lorg/gradle/internal/operations/BuildOperation;Lorg/gradle/internal/operations/BuildOperationContext;)V (10 bytes) @ 0x000002dfc7cb4584 [0x000002dfc7cb4440+0x0000000000000144]
J 15896 c2 org.gradle.internal.operations.DefaultBuildOperationRunner$2.execute(Lorg/gradle/internal/operations/BuildOperationDescriptor;Lorg/gradle/internal/operations/BuildOperationState;Lorg/gradle/internal/operations/BuildOperationState;Lorg/gradle/internal/operations/DefaultBuildOperationRunner$ReadableBuildOperationContext;Lorg/gradle/internal/operations/DefaultBuildOperationRunner$BuildOperationExecutionListener;)Ljava/lang/Object; (12 bytes) @ 0x000002dfc7ec391c [0x000002dfc7ec3420+0x00000000000004fc]
J 15892 c1 org.gradle.internal.operations.DefaultBuildOperationRunner.execute(Lorg/gradle/internal/operations/BuildOperationDescriptor$Builder;Lorg/gradle/internal/operations/BuildOperationState;Lorg/gradle/internal/operations/DefaultBuildOperationRunner$BuildOperationExecution;)Ljava/lang/Object; (147 bytes) @ 0x000002dfc142fbc4 [0x000002dfc142f080+0x0000000000000b44]
J 13968 c2 org.gradle.internal.operations.DefaultBuildOperationRunner.call(Lorg/gradle/internal/operations/CallableBuildOperation;)Ljava/lang/Object; (24 bytes) @ 0x000002dfc7e4e850 [0x000002dfc7e4e680+0x00000000000001d0]
j  org.gradle.internal.execution.steps.ExecuteStep.execute(Lorg/gradle/internal/execution/UnitOfWork;Lorg/gradle/internal/execution/steps/ChangingOutputsContext;)Lorg/gradle/internal/execution/steps/Result;+28
j  org.gradle.internal.execution.steps.ExecuteStep.execute(Lorg/gradle/internal/execution/UnitOfWork;Lorg/gradle/internal/execution/steps/Context;)Lorg/gradle/internal/execution/steps/Result;+6
j  org.gradle.internal.execution.steps.CancelExecutionStep.execute(Lorg/gradle/internal/execution/UnitOfWork;Lorg/gradle/internal/execution/steps/Context;)Lorg/gradle/internal/execution/steps/Result;+35
j  org.gradle.internal.execution.steps.TimeoutStep.executeWithoutTimeout(Lorg/gradle/internal/execution/UnitOfWork;Lorg/gradle/internal/execution/steps/Context;)Lorg/gradle/internal/execution/steps/Result;+6
j  org.gradle.internal.execution.steps.TimeoutStep.execute(Lorg/gradle/internal/execution/UnitOfWork;Lorg/gradle/internal/execution/steps/Context;)Lorg/gradle/internal/execution/steps/Result;+92
j  org.gradle.internal.execution.steps.PreCreateOutputParentsStep.execute(Lorg/gradle/internal/execution/UnitOfWork;Lorg/gradle/internal/execution/steps/ChangingOutputsContext;)Lorg/gradle/internal/execution/steps/Result;+24
j  org.gradle.internal.execution.steps.PreCreateOutputParentsStep.execute(Lorg/gradle/internal/execution/UnitOfWork;Lorg/gradle/internal/execution/steps/Context;)Lorg/gradle/internal/execution/steps/Result;+6
j  org.gradle.internal.execution.steps.RemovePreviousOutputsStep.execute(Lorg/gradle/internal/execution/UnitOfWork;Lorg/gradle/internal/execution/steps/ChangingOutputsContext;)Lorg/gradle/internal/execution/steps/Result;+57
j  org.gradle.internal.execution.steps.RemovePreviousOutputsStep.execute(Lorg/gradle/internal/execution/UnitOfWork;Lorg/gradle/internal/execution/steps/Context;)Lorg/gradle/internal/execution/steps/Result;+6
j  org.gradle.internal.execution.steps.BroadcastChangingOutputsStep.execute(Lorg/gradle/internal/execution/UnitOfWork;Lorg/gradle/internal/execution/steps/InputChangesContext;)Lorg/gradle/internal/execution/steps/Result;+53
j  org.gradle.internal.execution.steps.BroadcastChangingOutputsStep.execute(Lorg/gradle/internal/execution/UnitOfWork;Lorg/gradle/internal/execution/steps/Context;)Lorg/gradle/internal/execution/steps/Result;+6
j  org.gradle.internal.execution.steps.CaptureOutputsAfterExecutionStep.execute(Lorg/gradle/internal/execution/UnitOfWork;Lorg/gradle/internal/execution/steps/WorkspaceContext;)Lorg/gradle/internal/execution/steps/AfterExecutionResult;+6
j  org.gradle.internal.execution.steps.CaptureOutputsAfterExecutionStep.execute(Lorg/gradle/internal/execution/UnitOfWork;Lorg/gradle/internal/execution/steps/Context;)Lorg/gradle/internal/execution/steps/Result;+6
j  org.gradle.internal.execution.steps.ResolveInputChangesStep.execute(Lorg/gradle/internal/execution/UnitOfWork;Lorg/gradle/internal/execution/steps/IncrementalCachingContext;)Lorg/gradle/internal/execution/steps/Result;+22
j  org.gradle.internal.execution.steps.ResolveInputChangesStep.execute(Lorg/gradle/internal/execution/UnitOfWork;Lorg/gradle/internal/execution/steps/Context;)Lorg/gradle/internal/execution/steps/Result;+6
j  org.gradle.internal.execution.steps.BuildCacheStep.executeWithoutCache(Lorg/gradle/internal/execution/UnitOfWork;Lorg/gradle/internal/execution/steps/WorkspaceContext;)Lorg/gradle/internal/execution/steps/AfterExecutionResult;+6
j  org.gradle.internal.execution.steps.BuildCacheStep.lambda$execute$1(Lorg/gradle/internal/execution/UnitOfWork;Lorg/gradle/internal/execution/steps/WorkspaceContext;Lorg/gradle/internal/execution/caching/CachingState$Disabled;)Lorg/gradle/internal/execution/steps/AfterExecutionResult;+3
j  org.gradle.internal.execution.steps.BuildCacheStep$$Lambda+0x00000001010f1dc0.apply(Ljava/lang/Object;)Ljava/lang/Object;+16
j  org.gradle.internal.Either$Right.fold(Ljava/util/function/Function;Ljava/util/function/Function;)Ljava/lang/Object;+5
j  org.gradle.internal.execution.caching.CachingState.fold(Ljava/util/function/Function;Ljava/util/function/Function;)Ljava/lang/Object;+6
j  org.gradle.internal.execution.steps.BuildCacheStep.execute(Lorg/gradle/internal/execution/UnitOfWork;Lorg/gradle/internal/execution/steps/WorkspaceContext;)Lorg/gradle/internal/execution/steps/AfterExecutionResult;+25
j  org.gradle.internal.execution.steps.BuildCacheStep.execute(Lorg/gradle/internal/execution/UnitOfWork;Lorg/gradle/internal/execution/steps/Context;)Lorg/gradle/internal/execution/steps/Result;+6
j  org.gradle.internal.execution.steps.StoreExecutionStateStep.execute(Lorg/gradle/internal/execution/UnitOfWork;Lorg/gradle/internal/execution/steps/PreviousExecutionContext;)Lorg/gradle/internal/execution/steps/AfterExecutionResult;+6
j  org.gradle.internal.execution.steps.StoreExecutionStateStep.execute(Lorg/gradle/internal/execution/UnitOfWork;Lorg/gradle/internal/execution/steps/Context;)Lorg/gradle/internal/execution/steps/Result;+6
j  org.gradle.internal.execution.steps.SkipUpToDateStep.executeBecause(Lorg/gradle/internal/execution/UnitOfWork;Lcom/google/common/collect/ImmutableList;Lorg/gradle/internal/execution/steps/IncrementalChangesContext;)Lorg/gradle/internal/execution/steps/UpToDateResult;+11
j  org.gradle.internal.execution.steps.SkipUpToDateStep.lambda$execute$2(Lorg/gradle/internal/execution/UnitOfWork;Lcom/google/common/collect/ImmutableList;Lorg/gradle/internal/execution/steps/IncrementalChangesContext;)Lorg/gradle/internal/execution/steps/UpToDateResult;+4
j  org.gradle.internal.execution.steps.SkipUpToDateStep$$Lambda+0x00000001010d5000.get()Ljava/lang/Object;+16
J 8228 c2 java.util.Optional.orElseGet(Ljava/util/function/Supplier;)Ljava/lang/Object; java.base@21.0.5 (21 bytes) @ 0x000002dfc7925bfc [0x000002dfc7925ba0+0x000000000000005c]
j  org.gradle.internal.execution.steps.SkipUpToDateStep.execute(Lorg/gradle/internal/execution/UnitOfWork;Lorg/gradle/internal/execution/steps/IncrementalChangesContext;)Lorg/gradle/internal/execution/steps/UpToDateResult;+65
j  org.gradle.internal.execution.steps.SkipUpToDateStep.execute(Lorg/gradle/internal/execution/UnitOfWork;Lorg/gradle/internal/execution/steps/Context;)Lorg/gradle/internal/execution/steps/Result;+6
j  org.gradle.internal.execution.steps.legacy.MarkSnapshottingInputsFinishedStep.execute(Lorg/gradle/internal/execution/UnitOfWork;Lorg/gradle/internal/execution/steps/CachingContext;)Lorg/gradle/internal/execution/steps/Result;+18
j  org.gradle.internal.execution.steps.legacy.MarkSnapshottingInputsFinishedStep.execute(Lorg/gradle/internal/execution/UnitOfWork;Lorg/gradle/internal/execution/steps/Context;)Lorg/gradle/internal/execution/steps/Result;+6
j  org.gradle.internal.execution.steps.ResolveIncrementalCachingStateStep.executeDelegate(Lorg/gradle/internal/execution/UnitOfWork;Lorg/gradle/internal/execution/steps/IncrementalChangesContext;Lorg/gradle/internal/execution/caching/CachingState;)Lorg/gradle/internal/execution/steps/UpToDateResult;+14
j  org.gradle.internal.execution.steps.ResolveIncrementalCachingStateStep.executeDelegate(Lorg/gradle/internal/execution/UnitOfWork;Lorg/gradle/internal/execution/steps/ValidationFinishedContext;Lorg/gradle/internal/execution/caching/CachingState;)Lorg/gradle/internal/execution/steps/UpToDateResult;+7
j  org.gradle.internal.execution.steps.AbstractResolveCachingStateStep.execute(Lorg/gradle/internal/execution/UnitOfWork;Lorg/gradle/internal/execution/steps/ValidationFinishedContext;)Lorg/gradle/internal/execution/steps/CachingResult;+51
j  org.gradle.internal.execution.steps.AbstractResolveCachingStateStep.execute(Lorg/gradle/internal/execution/UnitOfWork;Lorg/gradle/internal/execution/steps/Context;)Lorg/gradle/internal/execution/steps/Result;+6
j  org.gradle.internal.execution.steps.ResolveChangesStep.execute(Lorg/gradle/internal/execution/UnitOfWork;Lorg/gradle/internal/execution/steps/ValidationFinishedContext;)Lorg/gradle/internal/execution/steps/Result;+43
j  org.gradle.internal.execution.steps.ResolveChangesStep.execute(Lorg/gradle/internal/execution/UnitOfWork;Lorg/gradle/internal/execution/steps/Context;)Lorg/gradle/internal/execution/steps/Result;+6
j  org.gradle.internal.execution.steps.ValidateStep.execute(Lorg/gradle/internal/execution/UnitOfWork;Lorg/gradle/internal/execution/steps/BeforeExecutionContext;)Lorg/gradle/internal/execution/steps/Result;+255
j  org.gradle.internal.execution.steps.ValidateStep.execute(Lorg/gradle/internal/execution/UnitOfWork;Lorg/gradle/internal/execution/steps/Context;)Lorg/gradle/internal/execution/steps/Result;+6
j  org.gradle.internal.execution.steps.AbstractCaptureStateBeforeExecutionStep.execute(Lorg/gradle/internal/execution/UnitOfWork;Lorg/gradle/internal/execution/steps/PreviousExecutionContext;)Lorg/gradle/internal/execution/steps/CachingResult;+32
j  org.gradle.internal.execution.steps.AbstractCaptureStateBeforeExecutionStep.execute(Lorg/gradle/internal/execution/UnitOfWork;Lorg/gradle/internal/execution/steps/Context;)Lorg/gradle/internal/execution/steps/Result;+6
j  org.gradle.internal.execution.steps.AbstractSkipEmptyWorkStep.executeWithNonEmptySources(Lorg/gradle/internal/execution/UnitOfWork;Lorg/gradle/internal/execution/steps/WorkspaceContext;)Lorg/gradle/internal/execution/steps/CachingResult;+12
j  org.gradle.internal.execution.steps.AbstractSkipEmptyWorkStep.execute(Lorg/gradle/internal/execution/UnitOfWork;Lorg/gradle/internal/execution/steps/WorkspaceContext;)Lorg/gradle/internal/execution/steps/CachingResult;+83
j  org.gradle.internal.execution.steps.AbstractSkipEmptyWorkStep.execute(Lorg/gradle/internal/execution/UnitOfWork;Lorg/gradle/internal/execution/steps/Context;)Lorg/gradle/internal/execution/steps/Result;+6
j  org.gradle.internal.execution.steps.legacy.MarkSnapshottingInputsStartedStep.execute(Lorg/gradle/internal/execution/UnitOfWork;Lorg/gradle/internal/execution/steps/Context;)Lorg/gradle/internal/execution/steps/Result;+12
j  org.gradle.internal.execution.steps.LoadPreviousExecutionStateStep.execute(Lorg/gradle/internal/execution/UnitOfWork;Lorg/gradle/internal/execution/steps/WorkspaceContext;)Lorg/gradle/internal/execution/steps/AfterExecutionResult;+42
j  org.gradle.internal.execution.steps.LoadPreviousExecutionStateStep.execute(Lorg/gradle/internal/execution/UnitOfWork;Lorg/gradle/internal/execution/steps/Context;)Lorg/gradle/internal/execution/steps/Result;+6
j  org.gradle.internal.execution.steps.HandleStaleOutputsStep.execute(Lorg/gradle/internal/execution/UnitOfWork;Lorg/gradle/internal/execution/steps/WorkspaceContext;)Lorg/gradle/internal/execution/steps/AfterExecutionResult;+21
j  org.gradle.internal.execution.steps.HandleStaleOutputsStep.execute(Lorg/gradle/internal/execution/UnitOfWork;Lorg/gradle/internal/execution/steps/Context;)Lorg/gradle/internal/execution/steps/Result;+6
j  org.gradle.internal.execution.steps.AssignMutableWorkspaceStep.lambda$execute$0(Lorg/gradle/internal/execution/steps/IdentityContext;Lorg/gradle/internal/execution/UnitOfWork;Ljava/io/File;Lorg/gradle/internal/execution/history/ExecutionHistoryStore;)Lorg/gradle/internal/execution/steps/WorkspaceResult;+30
j  org.gradle.internal.execution.steps.AssignMutableWorkspaceStep$$Lambda+0x00000001010b0ae8.executeInWorkspace(Ljava/io/File;Lorg/gradle/internal/execution/history/ExecutionHistoryStore;)Ljava/lang/Object;+14
j  org.gradle.api.internal.tasks.execution.TaskExecution$4.withWorkspace(Ljava/lang/String;Lorg/gradle/internal/execution/workspace/MutableWorkspaceProvider$WorkspaceAction;)Ljava/lang/Object;+33
j  org.gradle.internal.execution.steps.AssignMutableWorkspaceStep.execute(Lorg/gradle/internal/execution/UnitOfWork;Lorg/gradle/internal/execution/steps/IdentityContext;)Lorg/gradle/internal/execution/steps/WorkspaceResult;+26
j  org.gradle.internal.execution.steps.AssignMutableWorkspaceStep.execute(Lorg/gradle/internal/execution/UnitOfWork;Lorg/gradle/internal/execution/steps/Context;)Lorg/gradle/internal/execution/steps/Result;+6
J 8367 c1 org.gradle.internal.execution.steps.ChoosePipelineStep.execute(Lorg/gradle/internal/execution/UnitOfWork;Lorg/gradle/internal/execution/steps/IdentityContext;)Lorg/gradle/internal/execution/steps/Result; (71 bytes) @ 0x000002dfc0a3498c [0x000002dfc0a343a0+0x00000000000005ec]
J 8502 c1 org.gradle.internal.execution.steps.ChoosePipelineStep.execute(Lorg/gradle/internal/execution/UnitOfWork;Lorg/gradle/internal/execution/steps/Context;)Lorg/gradle/internal/execution/steps/Result; (10 bytes) @ 0x000002dfc0a7792c [0x000002dfc0a777c0+0x000000000000016c]
j  org.gradle.internal.execution.steps.ExecuteWorkBuildOperationFiringStep.lambda$execute$2(Lorg/gradle/internal/execution/UnitOfWork;Lorg/gradle/internal/execution/steps/IdentityContext;)Lorg/gradle/internal/execution/steps/CachingResult;+6
j  org.gradle.internal.execution.steps.ExecuteWorkBuildOperationFiringStep$$Lambda+0x00000001006b8af0.get()Ljava/lang/Object;+12
J 8361 c1 org.gradle.internal.execution.steps.ExecuteWorkBuildOperationFiringStep.execute(Lorg/gradle/internal/execution/UnitOfWork;Lorg/gradle/internal/execution/steps/Context;)Lorg/gradle/internal/execution/steps/Result; (10 bytes) @ 0x000002dfc0a2de1c [0x000002dfc0a2cec0+0x0000000000000f5c]
J 8360 c1 org.gradle.internal.execution.steps.IdentityCacheStep.execute(Lorg/gradle/internal/execution/UnitOfWork;Lorg/gradle/internal/execution/steps/IdentityContext;)Lorg/gradle/internal/execution/steps/WorkspaceResult; (15 bytes) @ 0x000002dfc0a2c8c4 [0x000002dfc0a2c7c0+0x0000000000000104]
j  org.gradle.internal.execution.steps.IdentityCacheStep.execute(Lorg/gradle/internal/execution/UnitOfWork;Lorg/gradle/internal/execution/steps/Context;)Lorg/gradle/internal/execution/steps/Result;+6
j  org.gradle.internal.execution.steps.IdentifyStep.execute(Lorg/gradle/internal/execution/UnitOfWork;Lorg/gradle/internal/execution/steps/ExecutionRequestContext;)Lorg/gradle/internal/execution/steps/Result;+11
j  org.gradle.internal.execution.steps.IdentifyStep.execute(Lorg/gradle/internal/execution/UnitOfWork;Lorg/gradle/internal/execution/steps/Context;)Lorg/gradle/internal/execution/steps/Result;+6
j  org.gradle.internal.execution.impl.DefaultExecutionEngine$1.execute()Lorg/gradle/internal/execution/ExecutionEngine$Result;+15
j  org.gradle.api.internal.tasks.execution.ExecuteActionsTaskExecuter.executeIfValid(Lorg/gradle/api/internal/TaskInternal;Lorg/gradle/api/internal/tasks/TaskStateInternal;Lorg/gradle/api/internal/tasks/TaskExecutionContext;Lorg/gradle/api/internal/tasks/execution/TaskExecution;)Lorg/gradle/api/internal/tasks/TaskExecuterResult;+54
j  org.gradle.api.internal.tasks.execution.ExecuteActionsTaskExecuter.execute(Lorg/gradle/api/internal/TaskInternal;Lorg/gradle/api/internal/tasks/TaskStateInternal;Lorg/gradle/api/internal/tasks/TaskExecutionContext;)Lorg/gradle/api/internal/tasks/TaskExecuterResult;+65
j  org.gradle.api.internal.tasks.execution.FinalizePropertiesTaskExecuter.execute(Lorg/gradle/api/internal/TaskInternal;Lorg/gradle/api/internal/tasks/TaskStateInternal;Lorg/gradle/api/internal/tasks/TaskExecutionContext;)Lorg/gradle/api/internal/tasks/TaskExecuterResult;+61
j  org.gradle.api.internal.tasks.execution.ResolveTaskExecutionModeExecuter.execute(Lorg/gradle/api/internal/TaskInternal;Lorg/gradle/api/internal/tasks/TaskStateInternal;Lorg/gradle/api/internal/tasks/TaskExecutionContext;)Lorg/gradle/api/internal/tasks/TaskExecuterResult;+56
j  org.gradle.api.internal.tasks.execution.SkipTaskWithNoActionsExecuter.execute(Lorg/gradle/api/internal/TaskInternal;Lorg/gradle/api/internal/tasks/TaskStateInternal;Lorg/gradle/api/internal/tasks/TaskExecutionContext;)Lorg/gradle/api/internal/tasks/TaskExecuterResult;+120
j  org.gradle.api.internal.tasks.execution.SkipOnlyIfTaskExecuter.execute(Lorg/gradle/api/internal/TaskInternal;Lorg/gradle/api/internal/tasks/TaskStateInternal;Lorg/gradle/api/internal/tasks/TaskExecutionContext;)Lorg/gradle/api/internal/tasks/TaskExecuterResult;+199
j  org.gradle.api.internal.tasks.execution.CatchExceptionTaskExecuter.execute(Lorg/gradle/api/internal/TaskInternal;Lorg/gradle/api/internal/tasks/TaskStateInternal;Lorg/gradle/api/internal/tasks/TaskExecutionContext;)Lorg/gradle/api/internal/tasks/TaskExecuterResult;+7
j  org.gradle.api.internal.tasks.execution.EventFiringTaskExecuter$1.executeTask(Lorg/gradle/internal/operations/BuildOperationContext;)Lorg/gradle/api/internal/tasks/TaskExecuterResult;+136
j  org.gradle.api.internal.tasks.execution.EventFiringTaskExecuter$1.call(Lorg/gradle/internal/operations/BuildOperationContext;)Lorg/gradle/api/internal/tasks/TaskExecuterResult;+2
j  org.gradle.api.internal.tasks.execution.EventFiringTaskExecuter$1.call(Lorg/gradle/internal/operations/BuildOperationContext;)Ljava/lang/Object;+2
J 13751 c2 org.gradle.internal.operations.DefaultBuildOperationRunner$CallableBuildOperationWorker.execute(Lorg/gradle/internal/operations/BuildOperation;Lorg/gradle/internal/operations/BuildOperationContext;)V (10 bytes) @ 0x000002dfc7cb4584 [0x000002dfc7cb4440+0x0000000000000144]
J 15896 c2 org.gradle.internal.operations.DefaultBuildOperationRunner$2.execute(Lorg/gradle/internal/operations/BuildOperationDescriptor;Lorg/gradle/internal/operations/BuildOperationState;Lorg/gradle/internal/operations/BuildOperationState;Lorg/gradle/internal/operations/DefaultBuildOperationRunner$ReadableBuildOperationContext;Lorg/gradle/internal/operations/DefaultBuildOperationRunner$BuildOperationExecutionListener;)Ljava/lang/Object; (12 bytes) @ 0x000002dfc7ec391c [0x000002dfc7ec3420+0x00000000000004fc]
J 15892 c1 org.gradle.internal.operations.DefaultBuildOperationRunner.execute(Lorg/gradle/internal/operations/BuildOperationDescriptor$Builder;Lorg/gradle/internal/operations/BuildOperationState;Lorg/gradle/internal/operations/DefaultBuildOperationRunner$BuildOperationExecution;)Ljava/lang/Object; (147 bytes) @ 0x000002dfc142fbc4 [0x000002dfc142f080+0x0000000000000b44]
J 13968 c2 org.gradle.internal.operations.DefaultBuildOperationRunner.call(Lorg/gradle/internal/operations/CallableBuildOperation;)Ljava/lang/Object; (24 bytes) @ 0x000002dfc7e4e850 [0x000002dfc7e4e680+0x00000000000001d0]
j  org.gradle.api.internal.tasks.execution.EventFiringTaskExecuter.execute(Lorg/gradle/api/internal/TaskInternal;Lorg/gradle/api/internal/tasks/TaskStateInternal;Lorg/gradle/api/internal/tasks/TaskExecutionContext;)Lorg/gradle/api/internal/tasks/TaskExecuterResult;+15
j  org.gradle.execution.plan.LocalTaskNodeExecutor.execute(Lorg/gradle/execution/plan/Node;Lorg/gradle/api/internal/tasks/NodeExecutionContext;)Z+87
j  org.gradle.execution.taskgraph.DefaultTaskExecutionGraph$InvokeNodeExecutorsAction.execute(Lorg/gradle/execution/plan/Node;)V+46
j  org.gradle.execution.taskgraph.DefaultTaskExecutionGraph$InvokeNodeExecutorsAction.execute(Ljava/lang/Object;)V+5
j  org.gradle.execution.taskgraph.DefaultTaskExecutionGraph$BuildOperationAwareExecutionAction.lambda$execute$0(Lorg/gradle/execution/plan/Node;)V+5
j  org.gradle.execution.taskgraph.DefaultTaskExecutionGraph$BuildOperationAwareExecutionAction$$Lambda+0x0000000101084ce0.run()V+8
j  org.gradle.internal.operations.CurrentBuildOperationRef.with(Lorg/gradle/internal/operations/BuildOperationRef;Ljava/lang/Runnable;)V+11
j  org.gradle.execution.taskgraph.DefaultTaskExecutionGraph$BuildOperationAwareExecutionAction.execute(Lorg/gradle/execution/plan/Node;)V+14
j  org.gradle.execution.taskgraph.DefaultTaskExecutionGraph$BuildOperationAwareExecutionAction.execute(Ljava/lang/Object;)V+5
j  org.gradle.execution.plan.DefaultPlanExecutor$ExecutorWorker.execute(Ljava/lang/Object;Lorg/gradle/execution/plan/WorkSource;Lorg/gradle/api/Action;)V+14
j  org.gradle.execution.plan.DefaultPlanExecutor$ExecutorWorker.run()V+75
j  org.gradle.execution.plan.DefaultPlanExecutor.process(Lorg/gradle/execution/plan/WorkSource;Lorg/gradle/api/Action;)Lorg/gradle/internal/build/ExecutionResult;+101
j  org.gradle.execution.taskgraph.DefaultTaskExecutionGraph.executeWithServices(Lorg/gradle/execution/ProjectExecutionServiceRegistry;)Lorg/gradle/internal/build/ExecutionResult;+41
j  org.gradle.execution.taskgraph.DefaultTaskExecutionGraph.execute(Lorg/gradle/execution/plan/FinalizedExecutionPlan;)Lorg/gradle/internal/build/ExecutionResult;+36
j  org.gradle.execution.SelectedTaskExecutionAction.execute(Lorg/gradle/api/internal/GradleInternal;Lorg/gradle/execution/plan/FinalizedExecutionPlan;)Lorg/gradle/internal/build/ExecutionResult;+14
j  org.gradle.execution.DryRunBuildExecutionAction.execute(Lorg/gradle/api/internal/GradleInternal;Lorg/gradle/execution/plan/FinalizedExecutionPlan;)Lorg/gradle/internal/build/ExecutionResult;+119
j  org.gradle.execution.BuildOperationFiringBuildWorkerExecutor$ExecuteTasks.call(Lorg/gradle/internal/operations/BuildOperationContext;)Lorg/gradle/internal/build/ExecutionResult;+15
j  org.gradle.execution.BuildOperationFiringBuildWorkerExecutor$ExecuteTasks.call(Lorg/gradle/internal/operations/BuildOperationContext;)Ljava/lang/Object;+2
J 13751 c2 org.gradle.internal.operations.DefaultBuildOperationRunner$CallableBuildOperationWorker.execute(Lorg/gradle/internal/operations/BuildOperation;Lorg/gradle/internal/operations/BuildOperationContext;)V (10 bytes) @ 0x000002dfc7cb4584 [0x000002dfc7cb4440+0x0000000000000144]
J 15896 c2 org.gradle.internal.operations.DefaultBuildOperationRunner$2.execute(Lorg/gradle/internal/operations/BuildOperationDescriptor;Lorg/gradle/internal/operations/BuildOperationState;Lorg/gradle/internal/operations/BuildOperationState;Lorg/gradle/internal/operations/DefaultBuildOperationRunner$ReadableBuildOperationContext;Lorg/gradle/internal/operations/DefaultBuildOperationRunner$BuildOperationExecutionListener;)Ljava/lang/Object; (12 bytes) @ 0x000002dfc7ec391c [0x000002dfc7ec3420+0x00000000000004fc]
J 15892 c1 org.gradle.internal.operations.DefaultBuildOperationRunner.execute(Lorg/gradle/internal/operations/BuildOperationDescriptor$Builder;Lorg/gradle/internal/operations/BuildOperationState;Lorg/gradle/internal/operations/DefaultBuildOperationRunner$BuildOperationExecution;)Ljava/lang/Object; (147 bytes) @ 0x000002dfc142fbc4 [0x000002dfc142f080+0x0000000000000b44]
J 13968 c2 org.gradle.internal.operations.DefaultBuildOperationRunner.call(Lorg/gradle/internal/operations/CallableBuildOperation;)Ljava/lang/Object; (24 bytes) @ 0x000002dfc7e4e850 [0x000002dfc7e4e680+0x00000000000001d0]
j  org.gradle.execution.BuildOperationFiringBuildWorkerExecutor.execute(Lorg/gradle/api/internal/GradleInternal;Lorg/gradle/execution/plan/FinalizedExecutionPlan;)Lorg/gradle/internal/build/ExecutionResult;+14
j  org.gradle.internal.build.DefaultBuildLifecycleController.lambda$executeTasks$10(Lorg/gradle/internal/build/DefaultBuildLifecycleController$DefaultBuildWorkPlan;)Lorg/gradle/internal/build/ExecutionResult;+95
j  org.gradle.internal.build.DefaultBuildLifecycleController$$Lambda+0x0000000101081030.get()Ljava/lang/Object;+8
j  org.gradle.internal.model.StateTransitionController.doTransition(Lorg/gradle/internal/model/StateTransitionController$State;Lorg/gradle/internal/model/StateTransitionController$State;Ljava/util/function/Supplier;)Lorg/gradle/internal/build/ExecutionResult;+24
j  org.gradle.internal.model.StateTransitionController.lambda$tryTransition$8(Lorg/gradle/internal/model/StateTransitionController$State;Lorg/gradle/internal/model/StateTransitionController$State;Ljava/util/function/Supplier;)Lorg/gradle/internal/build/ExecutionResult;+4
j  org.gradle.internal.model.StateTransitionController$$Lambda+0x0000000101081268.create()Ljava/lang/Object;+16
j  org.gradle.internal.work.DefaultSynchronizer.withLock(Lorg/gradle/internal/Factory;)Ljava/lang/Object;+6
j  org.gradle.internal.model.StateTransitionController.tryTransition(Lorg/gradle/internal/model/StateTransitionController$State;Lorg/gradle/internal/model/StateTransitionController$State;Ljava/util/function/Supplier;)Lorg/gradle/internal/build/ExecutionResult;+13
j  org.gradle.internal.build.DefaultBuildLifecycleController.executeTasks(Lorg/gradle/execution/plan/BuildWorkPlan;)Lorg/gradle/internal/build/ExecutionResult;+34
j  org.gradle.internal.build.DefaultBuildWorkGraphController$DefaultBuildWorkGraph.runWork()Lorg/gradle/internal/build/ExecutionResult;+95
j  org.gradle.composite.internal.DefaultBuildController$$Lambda+0x0000000100f9e8e8.create()Ljava/lang/Object;+4
j  org.gradle.internal.work.DefaultWorkerLeaseService.withLocks(Ljava/util/Collection;Lorg/gradle/internal/Factory;)Ljava/lang/Object;+28
j  org.gradle.internal.work.DefaultWorkerLeaseService.runAsWorkerThread(Lorg/gradle/internal/Factory;)Ljava/lang/Object;+33
j  org.gradle.composite.internal.DefaultBuildController.doRun()Lorg/gradle/internal/build/ExecutionResult;+18
j  org.gradle.composite.internal.DefaultBuildController.access$000(Lorg/gradle/composite/internal/DefaultBuildController;)Lorg/gradle/internal/build/ExecutionResult;+1
j  org.gradle.composite.internal.DefaultBuildController$BuildOpRunnable.lambda$run$0()V+8
j  org.gradle.composite.internal.DefaultBuildController$BuildOpRunnable$$Lambda+0x0000000100f9e6b0.run()V+4
j  org.gradle.internal.operations.CurrentBuildOperationRef.with(Lorg/gradle/internal/operations/BuildOperationRef;Ljava/lang/Runnable;)V+11
j  org.gradle.composite.internal.DefaultBuildController$BuildOpRunnable.run()V+13
j  java.util.concurrent.Executors$RunnableAdapter.call()Ljava/lang/Object;+4 java.base@21.0.5
j  java.util.concurrent.FutureTask.run()V+39 java.base@21.0.5
J 10652 c2 org.gradle.internal.concurrent.ExecutorPolicy$CatchAndRecordFailures.onExecute(Ljava/lang/Runnable;)V (29 bytes) @ 0x000002dfc7cb6394 [0x000002dfc7cb6340+0x0000000000000054]
j  org.gradle.internal.concurrent.AbstractManagedExecutor$1.run()V+25
j  java.util.concurrent.ThreadPoolExecutor.runWorker(Ljava/util/concurrent/ThreadPoolExecutor$Worker;)V+92 java.base@21.0.5
j  java.util.concurrent.ThreadPoolExecutor$Worker.run()V+5 java.base@21.0.5
j  java.lang.Thread.runWith(Ljava/lang/Object;Ljava/lang/Runnable;)V+5 java.base@21.0.5
j  java.lang.Thread.run()V+19 java.base@21.0.5
v  ~StubRoutines::call_stub 0x000002dfc71f100d

Compiled method (n/a) 288059  794     n 0       java.lang.ClassLoader::defineClass1 (native)
 total in heap  [0x000002dfc77d1910,0x000002dfc77d1f68] = 1624
 relocation     [0x000002dfc77d1a70,0x000002dfc77d1aa8] = 56
 main code      [0x000002dfc77d1ac0,0x000002dfc77d1f67] = 1191
 stub code      [0x000002dfc77d1f67,0x000002dfc77d1f68] = 1

[Constant Pool (empty)]

[MachCode]
[Entry Point]
  # {method} {0x000002dfd4025018} 'defineClass1' '(Ljava/lang/ClassLoader;Ljava/lang/String;[BIILjava/security/ProtectionDomain;Ljava/lang/String;)Ljava/lang/Class;' in 'java/lang/ClassLoader'
  # parm0:    rdx:rdx   = 'java/lang/ClassLoader'
  # parm1:    r8:r8     = 'java/lang/String'
  # parm2:    r9:r9     = '[B'
  # parm3:    rdi       = int
  # parm4:    rsi       = int
  # parm5:    rcx:rcx   = 'java/security/ProtectionDomain'
  # parm6:    [sp+0xa0]   = 'java/lang/String'  (sp of caller)
  0x000002dfc77d1ac0: 448b 5208 | 49c1 e203 | 493b c20f | 8407 0000 

  0x000002dfc77d1ad0: ;   {runtime_call ic_miss_stub}
  0x000002dfc77d1ad0: 00e9 aacc | a6ff 6690 
[Verified Entry Point]
  0x000002dfc77d1ad8: 8984 2400 | 80ff ff55 | 488b ec48 | 81ec 9000 | 0000 6690 | 4181 7f20 | 3000 0000 

  0x000002dfc77d1af4: ;   {runtime_call StubRoutines (final stubs)}
  0x000002dfc77d1af4: 7405 e825 | 80a5 ff48 | 837d 1000 | 488d 4510 | 480f 4445 | 1048 8944 | 2440 4889 | 4c24 7048 
  0x000002dfc77d1b14: 83f9 0048 | 8d44 2470 | 480f 4444 | 2470 4889 | 4424 3848 | 8974 2430 | 4889 7c24 | 284c 894c 
  0x000002dfc77d1b34: 2458 4983 | f900 488d | 4424 5848 | 0f44 4424 | 5848 8944 | 2420 4c89 | 4424 5049 | 83f8 004c 
  0x000002dfc77d1b54: 8d4c 2450 | 4c0f 444c | 2450 4889 | 5424 4848 | 83fa 004c | 8d44 2448 | 4c0f 4444 

  0x000002dfc77d1b70: ;   {oop(a 'java/lang/Class'{0x0000000080093b38} = 'java/lang/ClassLoader')}
  0x000002dfc77d1b70: 2448 49be | 383b 0980 | 0000 0000 | 4c89 7424 | 784c 8d74 | 2478 498b | d6c5 f877 

  0x000002dfc77d1b8c: ;   {internal_word}
  0x000002dfc77d1b8c: 49ba 891b | 7dc7 df02 | 0000 4d89 | 97a0 0300 | 0049 89a7 | 9803 0000 

  0x000002dfc77d1ba4: ;   {external_word}
  0x000002dfc77d1ba4: 49ba 4047 | c637 f97f | 0000 4180 | 3a00 0f84 | 4e00 0000 | 5241 5041 

  0x000002dfc77d1bbc: ;   {metadata({method} {0x000002dfd4025018} 'defineClass1' '(Ljava/lang/ClassLoader;Ljava/lang/String;[BIILjava/security/ProtectionDomain;Ljava/lang/String;)Ljava/lang/Class;' in 'java/lang/ClassLoader')}
  0x000002dfc77d1bbc: 5148 ba10 | 5002 d4df | 0200 0049 | 8bcf 4883 | ec20 40f6 | c40f 0f84 | 1900 0000 | 4883 ec08 
  0x000002dfc77d1bdc: ;   {runtime_call}
  0x000002dfc77d1bdc: 48b8 d06b | 8037 f97f | 0000 ffd0 | 4883 c408 | e90c 0000 

  0x000002dfc77d1bf0: ;   {runtime_call}
  0x000002dfc77d1bf0: 0048 b8d0 | 6b80 37f9 | 7f00 00ff | d048 83c4 | 2041 5941 | 585a 498d | 8fb8 0300 | 0041 c787 
  0x000002dfc77d1c10: 4404 0000 | 0400 0000 

  0x000002dfc77d1c18: ;   {runtime_call}
  0x000002dfc77d1c18: 48b8 ac16 | 2eb8 f97f | 0000 ffd0 | c5f8 7741 | c787 4404 | 0000 0500 | 0000 f083 | 4424 c000 
  0x000002dfc77d1c38: 493b af48 | 0400 000f | 870e 0000 | 0041 83bf | 4004 0000 | 000f 842b | 0000 00c5 | f877 4889 
  0x000002dfc77d1c58: 45f8 498b | cf4c 8be4 | 4883 ec20 | 4883 e4f0 

  0x000002dfc77d1c68: ;   {runtime_call}
  0x000002dfc77d1c68: 48b8 70da | 4b37 f97f | 0000 ffd0 | 498b e44d | 33e4 488b | 45f8 41c7 | 8744 0400 | 0008 0000 
  0x000002dfc77d1c88: 0041 83bf | c004 0000 | 020f 84a3 

  0x000002dfc77d1c94: ;   {external_word}
  0x000002dfc77d1c94: 0200 0049 | ba40 47c6 | 37f9 7f00 | 0041 803a | 000f 844c | 0000 0048 

  0x000002dfc77d1cac: ;   {metadata({method} {0x000002dfd4025018} 'defineClass1' '(Ljava/lang/ClassLoader;Ljava/lang/String;[BIILjava/security/ProtectionDomain;Ljava/lang/String;)Ljava/lang/Class;' in 'java/lang/ClassLoader')}
  0x000002dfc77d1cac: 8945 f848 | ba10 5002 | d4df 0200 | 0049 8bcf | 4883 ec20 | 40f6 c40f | 0f84 1900 | 0000 4883 
  0x000002dfc77d1ccc: ;   {runtime_call}
  0x000002dfc77d1ccc: ec08 48b8 | d06b 8037 | f97f 0000 | ffd0 4883 | c408 e90c 

  0x000002dfc77d1ce0: ;   {runtime_call}
  0x000002dfc77d1ce0: 0000 0048 | b8d0 6b80 | 37f9 7f00 | 00ff d048 | 83c4 2048 | 8b45 f849 | c787 9803 | 0000 0000 
  0x000002dfc77d1d00: 0000 49c7 | 87a0 0300 | 0000 0000 | 00c5 f877 | 4885 c00f | 84fe 0100 | 00a8 030f | 8508 0000 
  0x000002dfc77d1d20: 0048 8b00 | e9ee 0100 | 00a8 010f | 8509 0000 | 0048 8b40 | fee9 dd01 | 0000 488b | 40ff 4180 
  0x000002dfc77d1d40: 7f40 000f | 84ce 0100 | 0048 83f8 | 000f 84c4 | 0100 0049 | 8b4f 2848 | 83f9 000f | 8414 0000 
  0x000002dfc77d1d60: 0048 83e9 | 0849 894f | 2849 034f | 3848 8901 | e9a2 0100 | 0048 81ec | d000 0000 | 4889 0424 
  0x000002dfc77d1d80: 4889 4c24 | 0848 8954 | 2410 4889 | 7424 1848 | 897c 2420 | 4c89 4424 | 284c 894c | 2430 4c89 
  0x000002dfc77d1da0: 5424 384c | 895c 2440 | c5fb 1144 | 2450 c5fb | 114c 2458 | c5fb 1154 | 2460 c5fb | 115c 2468 
  0x000002dfc77d1dc0: c5fb 1164 | 2470 c5fb | 116c 2478 | c5fb 11b4 | 2480 0000 | 00c5 fb11 | bc24 8800 | 0000 c57b 
  0x000002dfc77d1de0: ;   {no_reloc}
  0x000002dfc77d1de0: 1184 2490 | 0000 00c5 | 7b11 8c24 | 9800 0000 | c57b 1194 | 24a0 0000 | 00c5 7b11 | 9c24 a800 
  0x000002dfc77d1e00: 0000 c57b | 11a4 24b0 | 0000 00c5 | 7b11 ac24 | b800 0000 | c57b 11b4 | 24c0 0000 | 00c5 7b11 
  0x000002dfc77d1e20: bc24 c800 | 0000 498b | d748 8bc8 | 4883 ec20 | 40f6 c40f | 0f84 1900 | 0000 4883 

  0x000002dfc77d1e3c: ;   {runtime_call}
  0x000002dfc77d1e3c: ec08 48b8 | 70ed 3e37 | f97f 0000 | ffd0 4883 | c408 e90c 

  0x000002dfc77d1e50: ;   {runtime_call}
  0x000002dfc77d1e50: 0000 0048 | b870 ed3e | 37f9 7f00 | 00ff d048 | 83c4 20c5 | 7b10 bc24 | c800 0000 | c57b 10b4 
  0x000002dfc77d1e70: 24c0 0000 | 00c5 7b10 | ac24 b800 | 0000 c57b | 10a4 24b0 | 0000 00c5 | 7b10 9c24 | a800 0000 
  0x000002dfc77d1e90: c57b 1094 | 24a0 0000 | 00c5 7b10 | 8c24 9800 | 0000 c57b | 1084 2490 | 0000 00c5 | fb10 bc24 
  0x000002dfc77d1eb0: 8800 0000 | c5fb 10b4 | 2480 0000 | 00c5 fb10 | 6c24 78c5 | fb10 6424 | 70c5 fb10 | 5c24 68c5 
  0x000002dfc77d1ed0: fb10 5424 | 60c5 fb10 | 4c24 58c5 | fb10 4424 | 504c 8b5c | 2440 4c8b | 5424 384c | 8b4c 2430 
  0x000002dfc77d1ef0: 4c8b 4424 | 2848 8b7c | 2420 488b | 7424 1848 | 8b54 2410 | 488b 4c24 | 0848 8b04 | 2448 81c4 
  0x000002dfc77d1f10: d000 0000 | c5f8 7749 | 8b8f 2804 | 0000 c781 | 0001 0000 | 0000 0000 | c949 837f | 0800 0f85 
  0x000002dfc77d1f30: 0100 0000 

  0x000002dfc77d1f34: ;   {runtime_call StubRoutines (initial stubs)}
  0x000002dfc77d1f34: c3e9 c6ef | a1ff c5f8 | 7748 8945 | f84c 8be4 | 4883 ec20 | 4883 e4f0 

  0x000002dfc77d1f4c: ;   {runtime_call}
  0x000002dfc77d1f4c: 48b8 70a3 | 8037 f97f | 0000 ffd0 | 498b e44d | 33e4 488b | 45f8 e930 | fdff fff4 
[/MachCode]


Compiled method (c2) 288068 10920   !   4       java.net.URLClassLoader$1::run (81 bytes)
 total in heap  [0x000002dfc7cc5f10,0x000002dfc7cd82e0] = 74704
 relocation     [0x000002dfc7cc6070,0x000002dfc7cc6a38] = 2504
 main code      [0x000002dfc7cc6a40,0x000002dfc7cd21a0] = 46944
 stub code      [0x000002dfc7cd21a0,0x000002dfc7cd2478] = 728
 oops           [0x000002dfc7cd2478,0x000002dfc7cd24c0] = 72
 metadata       [0x000002dfc7cd24c0,0x000002dfc7cd2c40] = 1920
 scopes data    [0x000002dfc7cd2c40,0x000002dfc7cd6020] = 13280
 scopes pcs     [0x000002dfc7cd6020,0x000002dfc7cd74b0] = 5264
 dependencies   [0x000002dfc7cd74b0,0x000002dfc7cd7730] = 640
 handler table  [0x000002dfc7cd7730,0x000002dfc7cd8108] = 2520
 nul chk table  [0x000002dfc7cd8108,0x000002dfc7cd82e0] = 472

[Constant Pool (empty)]

[MachCode]
[Entry Point]
  # {method} {0x000002dfd469c270} 'run' '()Ljava/lang/Class;' in 'java/net/URLClassLoader$1'
  #           [sp+0x180]  (sp of caller)
  0x000002dfc7cc6a40: 448b 5208 | 49c1 e203 

  0x000002dfc7cc6a48: ;   {runtime_call ic_miss_stub}
  0x000002dfc7cc6a48: 493b c20f | 852f 7d57 | ff66 6690 | 660f 1f44 | 0000 660f | 1f44 0000 
[Verified Entry Point]
  0x000002dfc7cc6a60: 8984 2400 | 80ff ff55 | 4881 ec70 | 0100 0090 | 4181 7f20 | 3000 0000 | 0f85 18b7 | 0000 4c8b 
  0x000002dfc7cc6a80: ea8b 5a0c 

  0x000002dfc7cc6a84: ; implicit exception: dispatches to 0x000002dfc7ccfc0c
  0x000002dfc7cc6a84: 440f be53 | 1045 85d2 | 0f85 f956 | 0000 8b4b | 1444 8b41 | 0c48 8bc3 | 4d8b 9780 | 0300 004d 
  0x000002dfc7cc6aa4: 8b32 4585 | c00f 86d8 | 0300 0041 | 8d78 ff41 | 3bf8 0f83 | 3055 0000 | 418d 50fd | 488b f180 
  0x000002dfc7cc6ac4: 7910 2e0f | 84d5 1900 | 0083 fa01 | 0f8e 8f03 | 0000 bd01 | 0000 0045 | 8bd0 442b | d541 83c2 
  0x000002dfc7cc6ae4: fd45 33c9 | 3bd5 450f | 4cd1 4181 | faa0 0f00 | 0041 bba0 | 0f00 0045 | 0f47 d344 | 03d5 eb0f 
  0x000002dfc7cc6b04: 660f 1f44 | 0000 660f | 1f44 0000 | 418b e94c | 63cd 460f | be5c 0910 | 4183 fb2e | 7455 460f 
  0x000002dfc7cc6b24: be5c 0911 | 4183 fb2e | 7442 460f | be5c 0912 | 4183 fb2e | 743a 460f | be5c 0913 | 4183 fb2e 
  0x000002dfc7cc6b44: 7427 448d 

  0x000002dfc7cc6b48: ;   {no_reloc}
  0x000002dfc7cc6b48: 4d04 453b | ca7c c14d | 8b97 5004 | 0000 83c5 

  0x000002dfc7cc6b58: ; ImmutableOopMap {rcx=NarrowOop rbx=NarrowOop rsi=Oop rax=Oop r13=Oop r14=Oop }
                      ;*if_icmpne {reexecute=1 rethrow=0 return_oop=0}
                      ; - (reexecute) java.lang.StringLatin1::replace@28
                      ; - java.lang.String::replace@18
                      ; - java.net.URLClassLoader$1::run@8
                      ;   {poll}
  0x000002dfc7cc6b58: 0341 8502 | 443b ca0f | 8d06 0300 | 0041 8be9 | e96e ffff | ff83 c502 | ffc5 eb03 | 83c5 0241 
  0x000002dfc7cc6b78: 3be8 0f8d | 0703 0000 | 4181 f800 | 0010 000f | 875b 4600 | 004d 8b9f | b801 0000 | 4d63 d049 
  0x000002dfc7cc6b98: 83c2 1749 | 83e2 f84d | 8bcb 4d03 | ca4d 3b8f | c801 0000 | 0f83 3646 | 0000 4d89 | 8fb8 0100 
  0x000002dfc7cc6bb8: 0041 0f18 | 8100 0100 | 0049 c703 | 0100 0000 | 410f 1881 | 4001 0000 

  0x000002dfc7cc6bd0: ;   {metadata({type array byte})}
  0x000002dfc7cc6bd0: 41c7 4308 | 4581 0020 | 4589 430c | 410f 1881 | 8001 0000 | 85ed 0f8e | e900 0000 | 448d 4dff 
  0x000002dfc7cc6bf0: 453b c80f | 835b 5500 | 0045 85c0 | 0f86 5255 | 0000 440f | be51 1045 | 8853 1041 | 83f9 010f 
  0x000002dfc7cc6c10: 8e6b 5500 | 00c5 f96e | eac5 f96e | dfba d007 | 0000 41ba | 0100 0000 | c4c1 f96e | c6c4 e1f9 
  0x000002dfc7cc6c30: 6ece c4c1 | f96e d38b | fd41 2bfa | ffcf 4533 | db45 3bca | 410f 4cfb | 81ff d007 | 0000 0f47 
  0x000002dfc7cc6c50: fa41 03fa | 660f 1f44 | 0000 660f | 1f44 0000 | 4d63 f242 | 0fbe 7431 | 10c4 c1f9 | 7ed3 4388 
  0x000002dfc7cc6c70: 7433 1046 | 0fbe 5c31 | 11c4 e1f9 | 7ed6 4688 | 5c36 1141 | 83c2 0244 | 3bd7 7cd4 | 4d8b 9f50 
  0x000002dfc7cc6c90: ; ImmutableOopMap {rcx=NarrowOop rbx=NarrowOop rsi=Oop rax=Oop r13=Oop xmm0=Oop xmm1=Oop xmm2=Oop }
                      ;*goto {reexecute=1 rethrow=0 return_oop=0}
                      ; - (reexecute) java.lang.StringLatin1::replace@76
                      ; - java.lang.String::replace@18
                      ; - java.net.URLClassLoader$1::run@8
                      ;   {poll}
  0x000002dfc7cc6c90: 0400 0041 | 8503 453b | d17c 9cc4 | c1f9 7ec6 | c4e1 f97e | cec4 c1f9 | 7ed3 c5f9 | 7edf c5f9 
  0x000002dfc7cc6cb0: 7eea 443b | d57d 1ec5 | f96e c749 | 63fa 440f | be4c 3910 | 4588 4c3b | 1041 ffc2 | 443b d57c 
  0x000002dfc7cc6cd0: eac5 f97e | c741 3be8 | 0f8d 3d01 | 0000 413b | e80f 830d | 5400 0041 | 3bf8 0f83 | 0454 0000 
  0x000002dfc7cc6cf0: 448d 4d01 | 4863 dd44 | 0fbe 5419 | 1041 83fa | 2e0f 8409 | 0800 0045 | 8854 1b10 | 448d 5501 
  0x000002dfc7cc6d10: 453b d17d | 0541 8bea | ebda 443b | d20f 8dd1 | 0000 00ff | c5e9 7c00 | 0000 41ba | 2f00 0000 
  0x000002dfc7cc6d30: 4788 540b | 1046 0fbe | 5409 1141 | 83fa 2e74 | 3f47 8854 | 0b11 460f | be54 0912 | 4183 fa2e 
  0x000002dfc7cc6d50: 743e 4788 | 540b 1246 | 0fbe 5409 | 1341 83fa | 2e74 2547 | 8854 0b13 | 83c5 043b | eb7d 294c 
  0x000002dfc7cc6d70: 63cd 460f | be54 0910 | 4183 fa2e | 75b2 ebaa | 41ba 2f00 | 0000 ebb9 | 41ba 2f00 | 0000 ebd3 
  0x000002dfc7cc6d90: ;   {no_reloc}
  0x000002dfc7cc6d90: 41ba 2f00 | 0000 ebba | 4d8b 9750 

  0x000002dfc7cc6d9c: ; ImmutableOopMap {r11=Oop rcx=NarrowOop rsi=Oop rax=Oop r13=Oop r14=Oop }
                      ;*goto {reexecute=1 rethrow=0 return_oop=0}
                      ; - (reexecute) java.lang.StringLatin1::replace@113
                      ; - java.lang.String::replace@18
                      ; - java.net.URLClassLoader$1::run@8
                      ;   {poll}
  0x000002dfc7cc6d9c: 0400 0041 | 8502 3bea | 7d51 418b | d82b dd83 | c3fd 4533 | c93b d541 | 0f4c d981 | fba0 0f00 
  0x000002dfc7cc6dbc: 0041 baa0 | 0f00 0041 | 0f47 da03 | ddeb a442 | c644 0b10 | 2e42 c644 | 0b11 6342 | c644 0b12 
  0x000002dfc7cc6ddc: 6c42 c644 | 0b13 6142 | c644 0b14 | 7342 c644 | 0b15 73e9 | 8f01 0000 | 418b ea41 | 3be8 7d1f 
  0x000002dfc7cc6dfc: 4c63 d546 | 0fbe 4c11 | 1041 83f9 | 2e0f 84f5 | 1500 0047 | 884c 1310 | ffc5 413b | e87c e14d 
  0x000002dfc7cc6e1c: 8b8f b801 | 0000 4d8b | d149 83c2 | 184d 3b97 | c801 0000 | 0f83 2a44 | 0000 4d89 | 97b8 0100 
  0x000002dfc7cc6e3c: 0041 0f18 | 8200 0100 | 0049 c701 | 0100 0000 

  0x000002dfc7cc6e4c: ;   {metadata('java/lang/String')}
  0x000002dfc7cc6e4c: 41c7 4108 | d683 0020 | 4589 610c | 4d89 6110 | 4d8b c345 | 8941 14eb | 2841 b901 | 0000 0045 
  0x000002dfc7cc6e6c: 3bc8 7d17 | 420f be6c | 0910 83fd | 2e0f 8471 | 4800 0041 | ffc1 453b | c87c e94c | 8bd9 4c8b 
  0x000002dfc7cc6e8c: c845 8b53 | 0c45 85d2 | 0f86 8106 | 0000 410f | be79 10c4 | 4242 f7c2 | 4963 c083 | ff01 0f84 
  0x000002dfc7cc6eac: cc57 0000 | 4585 c00f | 8c7f 5700 | 0048 8d70 | 068b ee85 | ed0f 8c95 | 5700 0048 | 8bce 48c1 
  0x000002dfc7cc6ecc: f920 8bd1 | c4e2 69f7 | ed85 ed0f | 8cc7 5700 | 0081 fd00 | 0010 000f | 87ae 5100 | 0048 63cd 
  0x000002dfc7cc6eec: 81fd 0000 | 1000 0f87 | 5740 0000 | 498b 9fb8 | 0100 0048 | 83c1 1748 | 83e1 f848 | 8bd3 4803 
  0x000002dfc7cc6f0c: d149 3b97 | c801 0000 | 0f83 3540 | 0000 4989 | 97b8 0100 | 000f 1882 | 0001 0000 | 48c7 0301 
  0x000002dfc7cc6f2c: 0000 000f | 1882 4001 

  0x000002dfc7cc6f34: ;   {metadata({type array byte})}
  0x000002dfc7cc6f34: 0000 c743 | 0845 8100 | 2089 6b0c | 0f18 8280 | 0100 0041 | 8d50 063b | ea0f 824c | 5100 004d 
  0x000002dfc7cc6f54: 63c8 4585 | c00f 8e6c | feff ff42 | c644 0b15 | 7342 c644 | 0b14 7342 | c644 0b13 | 6142 c644 
  0x000002dfc7cc6f74: 0b12 6c42 | c644 0b11 | 6342 c644 | 0b10 2e4d | 8bcb 4983 | c110 488b | d348 83c2 | 1085 ff0f 
  0x000002dfc7cc6f94: 85b2 1500 | 0041 3bea | 0f82 2a51 | 0000 4585 | d276 1e4d | 63c2 498b | c9c5 f877 | 49ba c07a 
  0x000002dfc7cc6fb4: 22c7 df02 | 0000 41ff 

  0x000002dfc7cc6fbc: ;   {other}
  0x000002dfc7cc6fbc: d20f 1f84 | 0000 0000 | 0049 8b87 | b801 0000 | 4c8b d049 | 83c2 184d | 3b97 c801 | 0000 0f83 
  0x000002dfc7cc6fdc: f03f 0000 | 4d89 97b8 | 0100 0041 | 0f18 8200 | 0100 0048 | c700 0100 

  0x000002dfc7cc6ff4: ;   {metadata('java/lang/String')}
  0x000002dfc7cc6ff4: 0000 c740 | 08d6 8300 | 2044 8960 | 0c4c 8960 | 104c 8bd3 | 4489 5014 | 458b 5510 

  0x000002dfc7cc7010: ; implicit exception: dispatches to 0x000002dfc7ccfc3c
  0x000002dfc7cc7010: 458b 5a54 | 4585 db0f | 84b0 4f00 | 004c 8974 | 2428 4c89 | 6c24 2049 | 8bd3 4c8b | c045 33c9 
  0x000002dfc7cc7030: ;   {optimized virtual_call}
  0x000002dfc7cc7030: c5f8 77e8 

  0x000002dfc7cc7034: ; ImmutableOopMap {[32]=Oop [40]=Oop }
                      ;*invokevirtual getResource {reexecute=0 rethrow=0 return_oop=1}
                      ; - java.net.URLClassLoader$1::run@26
  0x000002dfc7cc7034: 8880 cfff 

  0x000002dfc7cc7038: ;   {other}
  0x000002dfc7cc7038: 0f1f 8400 | 2811 0003 | 488b f848 | 85c0 0f84 | 7901 0000 | 4c8b 5424 | 2045 8b52 | 1044 8954 
  0x000002dfc7cc7058: 2440 4c8b | 5424 2045 | 8b6a 0c44 | 8b54 2440 | 4585 d20f | 8443 5100 | 00c5 f877 | 49ba 30a7 
  0x000002dfc7cc7078: 7937 f97f | 0000 41ff 

  0x000002dfc7cc7080: ;   {other}
  0x000002dfc7cc7080: d20f 1f84 | 0000 0000 | 0048 8944 | 2430 418b | 5d14 8b53 | 0c45 0fbe | 5510 c4e2 | 2af7 f244 
  0x000002dfc7cc70a0: 8d46 ff45 | 85d2 0f85 | d357 0000 | 448d 52ff | 453b d045 | 0f4f d048 | 8bc3 448b | 5c24 404d 
  0x000002dfc7cc70c0: 8bcb 498b | cd45 85d2 | 0f8c 5d34 | 0000 85d2 | 0f86 7651 | 0000 443b | d20f 836d | 5100 0045 
  0x000002dfc7cc70e0: 85d2 0f8e | c853 0000 | 458d 5aff | 41b8 ffff | ffff 33ed | 4889 6c24 | 7842 0fbe | 6c13 1083 
  0x000002dfc7cc7100: fd2e 0f84 | 8b13 0000 | 41ff ca45 | 3bd3 7fe9 | 4183 fa02 | 0f8e 6247 | 0000 418d | 6afe 4533 
  0x000002dfc7cc7120: db41 83fa | 0241 0f4c | eb81 fda0 | 0f00 0041 | bba0 0f00 | 0041 0f47 | eb45 8bf2 | 442b f549 
  0x000002dfc7cc7140: 8be9 c4c1 | 796e c866 | 0f1f 8400 | 0000 0000 | 4d63 c246 | 0fbe 5c03 | 1041 83fb | 2e0f 841f 
  0x000002dfc7cc7160: 0400 0046 | 0fbe 4403 | 0f41 83f8 | 2e0f 8414 | 0400 0045 | 8d5a fe46 | 0fbe 4c1b | 1041 83f9 
  0x000002dfc7cc7180: ;   {no_reloc}
  0x000002dfc7cc7180: 2e0f 8404 | 0400 0045 | 8d5a fd46 | 0fbe 441b | 1041 83f8 | 2e0f 84f0 | 0300 0041 | 83c2 fc45 
  0x000002dfc7cc71a0: 3bd6 7fac | 4d8b 9f50 

  0x000002dfc7cc71a8: ; ImmutableOopMap {rcx=Oop rbx=NarrowOop rdi=Oop rax=Oop rbp=Oop r13=NarrowOop [32]=Oop [40]=Oop [64]=NarrowOop }
                      ;*goto {reexecute=1 rethrow=0 return_oop=0}
                      ; - (reexecute) java.lang.StringLatin1::lastIndexOf@35
                      ; - java.lang.String::lastIndexOf@13
                      ; - java.lang.String::lastIndexOf@8
                      ; - java.net.URLClassLoader::defineClass@7
                      ; - java.net.URLClassLoader$1::run@43
                      ;   {poll}
  0x000002dfc7cc71a8: 0400 0041 | 8503 4183 | fa02 0f8e | bc46 0000 | 4c8b cdc4 | c179 7ec8 | e955 ffff | ff33 ede9 
  0x000002dfc7cc71c8: 2803 0000 | 8bcb eb03 | 8d4b ff83 | f9ff 0f84 | 4033 0000 | 85c9 0f8c | 3057 0000 | 413b c80f 
  0x000002dfc7cc71e8: 8fbb 5800 | 0041 3bc8 | 0f84 1912 | 0000 85c9 | 0f84 2f13 | 0000 498b | 9fb8 0100 | 004c 8bc3 
  0x000002dfc7cc7208: 4983 c018 | 4d3b 87c8 | 0100 000f | 8368 4100 | 004d 8987 | b801 0000 | 410f 1880 | 0001 0000 
  0x000002dfc7cc7228: 48c7 0301 

  0x000002dfc7cc722c: ;   {metadata('java/lang/String')}
  0x000002dfc7cc722c: 0000 00c7 | 4308 d683 | 0020 4489 | 630c 4c89 | 6310 413b | cb0f 8592 | 0000 0049 | 63fb 4181 
  0x000002dfc7cc724c: fb00 0010 | 000f 87a6 | 4300 0049 | 8bb7 b801 | 0000 4c8d | 4717 4983 | e0f8 488b | ce49 03c8 
  0x000002dfc7cc726c: 493b 8fc8 | 0100 000f | 8384 4300 | 0049 898f | b801 0000 | 0f18 8100 | 0100 0048 | c706 0100 
  0x000002dfc7cc728c: 0000 0f18 | 8140 0100 

  0x000002dfc7cc7294: ;   {metadata({type array byte})}
  0x000002dfc7cc7294: 00c7 4608 | 4581 0020 | 4489 5e0c | 0f18 8180 | 0100 0048 | 8bd6 4883 | c210 4883 | c707 48c1 
  0x000002dfc7cc72b4: ef03 498b | c94c 8bc7 | c5f8 7749 | ba60 8122 | c7df 0200 | 0041 ffd2 

  0x000002dfc7cc72cc: ;   {other}
  0x000002dfc7cc72cc: 0f1f 8400 | 0000 0000 | e9cb 0000 | 0081 f900 | 0010 000f | 8730 5400 | 0048 63d1 | 443b d941 
  0x000002dfc7cc72ec: 8beb 0f4f | e944 3bdd | 0f82 0355 | 0000 3bcd | 0f82 fb54 | 0000 4883 | c217 4c8b | c249 83e0 
  0x000002dfc7cc730c: f881 f900 | 0010 000f | 87b3 4100 | 0049 8bb7 | b801 0000 | 4c8b d64d | 03d0 4d3b | 97c8 0100 
  0x000002dfc7cc732c: 000f 8399 | 4100 004d | 8997 b801 | 0000 410f | 1882 0001 | 0000 48c7 | 0601 0000 | 0041 0f18 
  0x000002dfc7cc734c: 8240 0100 

  0x000002dfc7cc7350: ;   {metadata({type array byte})}
  0x000002dfc7cc7350: 00c7 4608 | 4581 0020 | 894e 0c41 | 0f18 8280 | 0100 004c | 8bd6 4983 | c210 48c1 | ea03 85ed 
  0x000002dfc7cc7370: 0f84 a753 | 0000 3be9 | 0f8c 6135 | 0000 4983 | c0f0 49c1 | e803 498b | c949 8bd2 | c5f8 7749 
  0x000002dfc7cc7390: ba60 8122 | c7df 0200 | 0041 ffd2 

  0x000002dfc7cc739c: ;   {other}
  0x000002dfc7cc739c: 0f1f 8400 | 0000 0000 | 4180 7f40 | 000f 8585 | 3300 004c | 8bd6 4489 | 5314 4c8b | d34c 8bde 
  0x000002dfc7cc73bc: 4d33 da49 | c1eb 144d | 85db 741a | 49c1 ea09 | 48b9 0000 | 8cce df02 | 0000 4903 | ca80 3902 
  0x000002dfc7cc73dc: 0f85 bd33 | 0000 4488 | 6310 458b | 4e14 4585 | c90f 859a | 3600 0045 | 8b46 1045 | 85c0 0f85 
  0x000002dfc7cc73fc: 2937 0000 

  0x000002dfc7cc7400: ;   {oop(a 'java/security/cert/Certificate'[0] {0x0000000080042520})}
  0x000002dfc7cc7400: 49ba 2025 | 0480 0000 | 0000 448b | 4424 3045 | 8b58 2c45 | 85db 0f84 | 0c4e 0000 | 4c89 5424 
  0x000002dfc7cc7420: 6044 8944 | 2428 498b | d34c 8bc3 | 4d8b ca48 | 8b6c 2450 

  0x000002dfc7cc7434: ;   {optimized virtual_call}
  0x000002dfc7cc7434: c5f8 77e8 

  0x000002dfc7cc7438: ; ImmutableOopMap {rbp=Oop [32]=Oop [40]=NarrowOop [56]=Oop [68]=NarrowOop [72]=Oop [88]=Oop [96]=Oop [152]=Oop }
                      ;*invokevirtual putIfAbsent {reexecute=0 rethrow=0 return_oop=1}
                      ; - java.lang.ClassLoader::checkCerts@62
                      ; - java.lang.ClassLoader::preDefineClass@113
                      ; - java.lang.ClassLoader::defineClass@4
                      ; - java.security.SecureClassLoader::defineClass@12
                      ; - java.net.URLClassLoader::defineClass@220
                      ; - java.net.URLClassLoader$1::run@43
  0x000002dfc7cc7438: 04db b8ff 

  0x000002dfc7cc743c: ;   {other}
  0x000002dfc7cc743c: 0f1f 8400 | 2c15 0005 | 4885 c074 | 3744 8b58 

  0x000002dfc7cc744c: ;   {metadata('java/security/cert/Certificate'[])}
  0x000002dfc7cc744c: 0841 81fb | e651 0020 | 0f85 7287 | 0000 4c8b | c048 8b54 | 2448 4c8b | 4c24 6090 

  0x000002dfc7cc7468: ;   {optimized virtual_call}
  0x000002dfc7cc7468: c5f8 77e8 

  0x000002dfc7cc746c: ; ImmutableOopMap {rbp=Oop [32]=Oop [40]=NarrowOop [56]=Oop [68]=NarrowOop [72]=Oop [88]=Oop [152]=Oop }
                      ;*invokevirtual compareCerts {reexecute=0 rethrow=0 return_oop=0}
                      ; - java.lang.ClassLoader::checkCerts@80
                      ; - java.lang.ClassLoader::preDefineClass@113
                      ; - java.lang.ClassLoader::defineClass@4
                      ; - java.security.SecureClassLoader::defineClass@12
                      ; - java.net.URLClassLoader::defineClass@220
                      ; - java.net.URLClassLoader$1::run@43
  0x000002dfc7cc746c: 7002 0e00 

  0x000002dfc7cc7470: ;   {other}
  0x000002dfc7cc7470: 0f1f 8400 | 6015 0006 | 85c0 0f84 | f455 0000 | 488b 5424 | 484c 8b84 | 2498 0000 | 0066 6690 
  0x000002dfc7cc7490: ;   {optimized virtual_call}
  0x000002dfc7cc7490: c5f8 77e8 

  0x000002dfc7cc7494: ; ImmutableOopMap {rbp=Oop [32]=Oop [56]=Oop [72]=Oop [88]=Oop [152]=Oop }
                      ;*invokevirtual defineClassSourceLocation {reexecute=0 rethrow=0 return_oop=1}
                      ; - java.lang.ClassLoader::defineClass@12
                      ; - java.security.SecureClassLoader::defineClass@12
                      ; - java.net.URLClassLoader::defineClass@220
                      ; - java.net.URLClassLoader$1::run@43
  0x000002dfc7cc7494: c831 edff 

  0x000002dfc7cc7498: ;   {other}
  0x000002dfc7cc7498: 0f1f 8400 | 8815 0007 | 488b 5424 | 484c 8bc5 | 4c8b 4c24 | 5833 ff8b | 7424 3448 | 8b8c 2498 
  0x000002dfc7cc74b8: 0000 0048 | 8904 2490 

  0x000002dfc7cc74c0: ;   {static_call}
  0x000002dfc7cc74c0: c5f8 77e8 

  0x000002dfc7cc74c4: ; ImmutableOopMap {[32]=Oop [56]=Oop [72]=Oop [152]=Oop }
                      ;*invokestatic defineClass1 {reexecute=0 rethrow=0 return_oop=1}
                      ; - java.lang.ClassLoader::defineClass@27
                      ; - java.security.SecureClassLoader::defineClass@12
                      ; - java.net.URLClassLoader::defineClass@220
                      ; - java.net.URLClassLoader$1::run@43
  0x000002dfc7cc74c4: 10a6 b0ff 

  0x000002dfc7cc74c8: ;   {other}
  0x000002dfc7cc74c8: 0f1f 8400 | b815 0008 | 488b e848 | 8b54 2448 | 4c8b c04c | 8b8c 2498 | 0000 0090 

  0x000002dfc7cc74e4: ;   {optimized virtual_call}
  0x000002dfc7cc74e4: c5f8 77e8 

  0x000002dfc7cc74e8: ; ImmutableOopMap {rbp=Oop [32]=Oop [56]=Oop }
                      ;*invokevirtual postDefineClass {reexecute=0 rethrow=0 return_oop=0}
                      ; - java.lang.ClassLoader::defineClass@37
                      ; - java.security.SecureClassLoader::defineClass@12
                      ; - java.net.URLClassLoader::defineClass@220
                      ; - java.net.URLClassLoader$1::run@43
  0x000002dfc7cc74e8: 9419 f9ff 

  0x000002dfc7cc74ec: ;   {other}
  0x000002dfc7cc74ec: 0f1f 8400 | dc15 0009 | 488b c5c5 | f877 4881 | c470 0100 

  0x000002dfc7cc7500: ;   {poll_return}
  0x000002dfc7cc7500: 005d 493b | a748 0400 | 000f 8771 | ac00 00c3 | 41ba 2f00 | 0000 e9ec | f7ff ff49 | 8b87 b801 
  0x000002dfc7cc7520: 0000 4c8b | d049 83c2 | 184d 3b97 | c801 0000 | 0f83 c241 | 0000 4d89 | 97b8 0100 | 0041 0f18 
  0x000002dfc7cc7540: 8200 0100 | 0048 c700 | 0100 0000 

  0x000002dfc7cc754c: ;   {metadata('java/lang/String')}
  0x000002dfc7cc754c: c740 08d6 | 8300 2044 | 8960 0c44 

  0x000002dfc7cc7558: ;   {oop([B{0x00000000800bded0})}
  0x000002dfc7cc7558: 8960 10c7 | 4014 d0de 

  0x000002dfc7cc7560: ;   {oop(".class"{0x00000000800bdeb8})}
  0x000002dfc7cc7560: 0b80 49ba | b8de 0b80 | 0000 0000 | 458b 5a0c | 4489 580c | 450f b65a | 1144 8858 | 11e9 8afa 
  0x000002dfc7cc7580: ffff 458b | daeb 0445 | 8d5a ff4c | 8bcd c4c1 | 797e c844 

  0x000002dfc7cc7594: ;   {metadata('jdk/internal/loader/URLClassPath$JarLoader$2')}
  0x000002dfc7cc7594: 8b57 0841 | 81fa 0e1e | 0120 0f85 | 442c 0000 | 488b ef44 | 8b55 2045 | 8b52 1c41 | 83fb ff0f 
  0x000002dfc7cc75b4: 84a1 0500 | 0045 85db | 0f8c 9253 | 0000 443b | de0f 8f19 | 5500 0044 | 3bde 0f84 | 450e 0000 
  0x000002dfc7cc75d4: 4585 db0f | 845f 0f00 | 0049 8baf | b801 0000 | 488b f548 | 83c6 1849 | 3bb7 c801 | 0000 0f83 
  0x000002dfc7cc75f4: 003e 0000 | 4989 b7b8 | 0100 000f | 1886 0001 | 0000 48c7 | 4500 0100 

  0x000002dfc7cc760c: ;   {metadata('java/lang/String')}
  0x000002dfc7cc760c: 0000 c745 | 08d6 8300 | 2044 8965 | 0c4c 8965 | 104c 8d73 | 1044 3bda | 0f85 de00 | 0000 4c63 
  0x000002dfc7cc762c: da81 fa00 | 0010 000f | 874d 4000 | 004c 899c | 2488 0000 | 004c 89b4 | 2480 0000 | 0048 896c 
  0x000002dfc7cc764c: 2468 4489 | 5424 6444 | 8944 2460 | 4889 4c24 | 584c 894c | 2450 4889 | 4424 708b | f289 5c24 
  0x000002dfc7cc766c: 4844 896c | 2444 4889 | 7c24 3849 | 8b9f b801 | 0000 4d8d | 5317 4983 | e2f8 4c8b | db4d 03da 
  0x000002dfc7cc768c: 4d3b 9fc8 | 0100 000f | 832b 4000 | 004d 899f | b801 0000 | 410f 1883 | 0001 0000 | 48c7 0301 
  0x000002dfc7cc76ac: 0000 0041 | 0f18 8340 

  0x000002dfc7cc76b4: ;   {metadata({type array byte})}
  0x000002dfc7cc76b4: 0100 00c7 | 4308 4581 | 0020 8953 | 0c41 0f18 | 8380 0100 | 0048 8bd3 | 4883 c210 | 4c8b 8424 
  0x000002dfc7cc76d4: 8800 0000 | 4983 c007 | 49c1 e803 | 488b 8c24 | 8000 0000 | c5f8 7749 | ba60 8122 | c7df 0200 
  0x000002dfc7cc76f4: 0041 ffd2 

  0x000002dfc7cc76f8: ;   {other}
  0x000002dfc7cc76f8: 0f1f 8400 | 0000 0000 | 4c8b c3e9 | 4101 0000 | 4181 fb00 | 0010 000f | 8774 5000 | 0049 63f3 
  0x000002dfc7cc7718: 4c89 7424 | 7048 896c | 2468 4489 | 5424 6444 | 8944 2460 | 4889 4c24 | 584c 894c | 2450 4889 
  0x000002dfc7cc7738: 4424 4844 | 896c 2444 | 4889 7c24 | 3841 3bd3 | 8bea 410f | 4feb 3bd5 | 0f82 de50 | 0000 443b 
  0x000002dfc7cc7758: dd0f 82d5 | 5000 004c | 8d56 174d | 8bc2 4983 | e0f8 4181 | fb00 0010 | 000f 87fa | 3d00 004c 
  0x000002dfc7cc7778: 8984 2490 | 0000 004c | 8994 2488 | 0000 0044 | 899c 2480 | 0000 004d | 8b87 b801 | 0000 4d8b 
  0x000002dfc7cc7798: d84c 8b94 | 2490 0000 | 004d 03da | 4d3b 9fc8 | 0100 000f | 83d8 3d00 | 004d 899f | b801 0000 
  0x000002dfc7cc77b8: 410f 1883 | 0001 0000 | 49c7 0001 | 0000 0041 | 0f18 8340 

  0x000002dfc7cc77cc: ;   {metadata({type array byte})}
  0x000002dfc7cc77cc: 0100 0041 | c740 0845 | 8100 2044 | 8b94 2480 | 0000 0045 | 8950 0c41 | 0f18 8380 | 0100 0049 
  0x000002dfc7cc77ec: 8bd0 4883 | c210 4c8b | 9424 8800 | 0000 49c1 | ea03 85ed | 0f84 8b4f | 0000 3bac | 2480 0000 
  0x000002dfc7cc780c: 000f 8c6a | 3100 0049 | 8bd8 488b | ac24 9000 | 0000 4883 | c5f0 48c1 | ed03 488b | 4c24 704c 
  0x000002dfc7cc782c: 8bc5 c5f8 | 7749 ba60 | 8122 c7df | 0200 0041 

  0x000002dfc7cc783c: ;   {other}
  0x000002dfc7cc783c: ffd2 0f1f | 8400 0000 | 0000 4c8b | c341 807f | 4000 0f85 | 132f 0000 | 488b 6c24 | 684c 8bdd 
  0x000002dfc7cc785c: 4d8b d044 | 8955 144d | 8bd0 4d33 | d349 c1ea | 144d 85d2 | 741a 49c1 | eb09 48b9 | 0000 8cce 
  0x000002dfc7cc787c: df02 0000 | 4903 cb80 | 3902 0f85 | 642f 0000 | 4488 6510 | 488b 7c24 | 3844 8b6c | 2444 4c8b 
  0x000002dfc7cc789c: 4c24 5048 | 8b4c 2458 | 448b 4424 | 6044 8b54 | 2464 4889 | ac24 a000 | 0000 8b5f 

  0x000002dfc7cc78b8: ;   {metadata('jdk/internal/loader/URLClassPath$JarLoader$2')}
  0x000002dfc7cc78b8: 0881 fb0e | 1e01 200f | 8540 2900 | 0048 8bc7 

  0x000002dfc7cc78c8: ;   {oop(a 'java/lang/Class'{0x00000000800eb688} = 'jdk/internal/access/SharedSecrets')}
  0x000002dfc7cc78c8: 49bb 88b6 | 0e80 0000 | 0000 418b | abd4 0000 | 008b 5d08 | 448b 5820 

  0x000002dfc7cc78e0: ; implicit exception: dispatches to 0x000002dfc7ccfdb4
  0x000002dfc7cc78e0: 458b 5b18 

  0x000002dfc7cc78e4: ;   {metadata('java/util/jar/JavaUtilJarAccessImpl')}
  0x000002dfc7cc78e4: 81fb 540e | 0020 0f85 | 2c4c 0000 

  0x000002dfc7cc78f0: ; implicit exception: dispatches to 0x000002dfc7ccfdec
  0x000002dfc7cc78f0: 418b 6b08 | 4889 4424 | 6044 8954 | 245c 4489 | 4424 5848 | 894c 2450 | 4c89 4c24 | 4844 896c 
  0x000002dfc7cc7910: 2444 4889 | 7c24 384d | 8bd3 4c89 | 5424 7044 | 895c 2468 | 4c8b 5c24 | 7048 8d9c | 2450 0100 
  0x000002dfc7cc7930: 0049 8b03 | a802 0f85 | 2300 0000 | 4883 c801 | 4889 03f0 | 490f b11b | 0f84 3700 | 0000 482b 
  0x000002dfc7cc7950: c448 2507 | f0ff ff48 | 8903 e924 | 0000 004c | 8bd0 4833 | c0f0 4d0f | b17a 3e48 | c703 0300 
  0x000002dfc7cc7970: 0000 7411 | 4c3b f875 | 1549 ff82 | 8600 0000 | 4833 c075 | 0949 ff87 | 4805 0000 | 33c0 0f85 
  0x000002dfc7cc7990: c04b 0000 | 448b 5c24 | 6845 3b63 | 3075 0e45 | 0fb6 5312 | 4585 d20f | 85fc 0a00 | 0045 3b63 
  0x000002dfc7cc79b0: 300f 856f | 3000 004c | 8b5c 2470 | 488d 8424 | 5001 0000 | 4883 3800 | 0f84 7900 | 0000 4d8b 
  0x000002dfc7cc79d0: 1341 f6c2 | 020f 8462 | 0000 0049 | 83ba 8600 

  0x000002dfc7cc79e0: ;   {no_reloc}
  0x000002dfc7cc79e0: 0000 0074 | 0949 ff8a | 8600 0000 | eb4b 498b | 8296 0000 | 0049 0b82 | 8e00 0000 | 750a 49c7 
  0x000002dfc7cc7a00: 423e 0000 | 0000 eb3d | 4983 ba9e | 0000 0000 | 7422 4833 | c049 c742 | 3e00 0000 | 00f0 8304 
  0x000002dfc7cc7a20: 2400 4983 | ba9e 0000 | 0000 750d | f04d 0fb1 | 7a3e 7505 | 83c8 01eb | 0ca8 00eb | 084c 8b10 
  0x000002dfc7cc7a40: f04d 0fb1 | 1375 0a49 | ff8f 4805 | 0000 4533 | d20f 851e | 4b00 004c | 8b44 2460 | 458b 5020 
  0x000002dfc7cc7a60: ; implicit exception: dispatches to 0x000002dfc7ccfe24
  0x000002dfc7cc7a60: 418b 6a18 

  0x000002dfc7cc7a64: ; implicit exception: dispatches to 0x000002dfc7ccfe54
  0x000002dfc7cc7a64: 448b 5d08 

  0x000002dfc7cc7a68: ;   {metadata('java/util/jar/JarFile')}
  0x000002dfc7cc7a68: 4181 fbb8 | 0d00 200f | 852e 4b00 | 0048 8bd5 | 498b e890 

  0x000002dfc7cc7a7c: ;   {optimized virtual_call}
  0x000002dfc7cc7a7c: c5f8 77e8 

  0x000002dfc7cc7a80: ; ImmutableOopMap {rbp=Oop [32]=Oop [40]=Oop [56]=Oop [64]=NarrowOop [68]=NarrowOop [72]=Oop [80]=Oop [92]=NarrowOop [160]=Oop }
                      ;*invokevirtual getManifestFromReference {reexecute=0 rethrow=0 return_oop=1}
                      ; - java.util.jar.JarFile::getManifest@1
                      ; - jdk.internal.loader.URLClassPath$JarLoader$2::getManifest@22
                      ; - java.net.URLClassLoader::defineClass@34
                      ; - java.net.URLClassLoader$1::run@43
  0x000002dfc7cc7a80: 9c32 f7ff 

  0x000002dfc7cc7a84: ;   {other}
  0x000002dfc7cc7a84: 0f1f 8400 | 741b 000a | 488b 7c24 | 384c 8b4c | 2448 488b | 4c24 5044 | 8b54 245c | 4889 4424 
  0x000002dfc7cc7aa4: 6044 8954 | 245c 4889 | 4c24 504c | 894c 2448 | 4889 7c24 | 3849 8bd1 | 4c8b 8424 | a000 0000 
  0x000002dfc7cc7ac4: 8b6c 245c 

  0x000002dfc7cc7ac8: ;   {optimized virtual_call}
  0x000002dfc7cc7ac8: c5f8 77e8 

  0x000002dfc7cc7acc: ; ImmutableOopMap {rbp=NarrowOop [32]=Oop [40]=Oop [56]=Oop [64]=NarrowOop [68]=NarrowOop [72]=Oop [80]=Oop [92]=NarrowOop [96]=Oop [160]=Oop }
                      ;*invokevirtual getDefinedPackage {reexecute=0 rethrow=0 return_oop=1}
                      ; - java.net.URLClassLoader::getAndVerifyPackage@2
                      ; - java.net.URLClassLoader::defineClass@46
                      ; - java.net.URLClassLoader$1::run@43
  0x000002dfc7cc7acc: f03b f1ff 

  0x000002dfc7cc7ad0: ;   {other}
  0x000002dfc7cc7ad0: 0f1f 8400 | c01b 000b | 4885 c00f | 8445 0900 | 0044 8b58 | 1045 8b53 | 1c45 85d2 | 0f85 3a50 
  0x000002dfc7cc7af0: 0000 448b | 5014 418b | 6a24 85ed | 0f85 de50 | 0000 4c8b | 5424 604d | 85d2 7430 | 488b 5424 
  0x000002dfc7cc7b10: 484c 8b84 | 24a0 0000 | 004d 8bca | 4889 4424 | 6866 6690 

  0x000002dfc7cc7b24: ;   {optimized virtual_call}
  0x000002dfc7cc7b24: c5f8 77e8 

  0x000002dfc7cc7b28: ; ImmutableOopMap {[32]=Oop [40]=Oop [56]=Oop [64]=NarrowOop [68]=NarrowOop [72]=Oop [80]=Oop [92]=NarrowOop [96]=Oop [104]=Oop [160]=Oop }
                      ;*invokevirtual isSealed {reexecute=0 rethrow=0 return_oop=0}
                      ; - java.net.URLClassLoader::getAndVerifyPackage@68
                      ; - java.net.URLClassLoader::defineClass@46
                      ; - java.net.URLClassLoader$1::run@43
  0x000002dfc7cc7b28: 945e bdff 

  0x000002dfc7cc7b2c: ;   {other}
  0x000002dfc7cc7b2c: 0f1f 8400 | 1c1c 000c | 85c0 0f85 | 0e51 0000 | 488b 7c24 | 3844 8b6c | 2444 4c8b | 4c24 4848 
  0x000002dfc7cc7b4c: 8b4c 2450 | 448b 4424 | 5844 8b54 | 245c 488d | 9c24 5001 | 0000 488b | 07a8 020f | 8523 0000 
  0x000002dfc7cc7b6c: 0048 83c8 | 0148 8903 | f048 0fb1 | 1f0f 8437 | 0000 0048 | 2bc4 4825 | 07f0 ffff | 4889 03e9 
  0x000002dfc7cc7b8c: 2400 0000 | 4c8b d848 | 33c0 f04d | 0fb1 7b3e | 48c7 0303 | 0000 0074 | 114c 3bf8 | 7515 49ff 
  0x000002dfc7cc7bac: 8386 0000 | 0048 33c0 | 7509 49ff | 8748 0500 | 0033 c00f | 85f7 4600 | 008b 5f08 | 443b 670c 
  0x000002dfc7cc7bcc: 0f85 b600 

  0x000002dfc7cc7bd0: ;   {metadata('jdk/internal/loader/URLClassPath$JarLoader$2')}
  0x000002dfc7cc7bd0: 0000 81fb | 0e1e 0120 | 0f85 4426 | 0000 895c | 2460 4489 | 5424 5c44 | 8944 2458 | 4889 4c24 
  0x000002dfc7cc7bf0: 504c 894c | 2448 4489 | 6c24 4448 | 8bd7 4889 | 7c24 3848 | 8954 2468 | 4889 5424 | 7066 6690 
  0x000002dfc7cc7c10: ;   {optimized virtual_call}
  0x000002dfc7cc7c10: c5f8 77e8 

  0x000002dfc7cc7c14: ; ImmutableOopMap {[32]=Oop [40]=Oop [56]=Oop [64]=NarrowOop [68]=NarrowOop [72]=Oop [80]=Oop [92]=NarrowOop [104]=Oop [112]=Oop }
                      ;*invokevirtual getInputStream {reexecute=0 rethrow=0 return_oop=1}
                      ; - jdk.internal.loader.Resource::cachedInputStream@9
                      ; - jdk.internal.loader.Resource::getByteBuffer@1
                      ; - java.net.URLClassLoader::defineClass@132
                      ; - java.net.URLClassLoader$1::run@43
  0x000002dfc7cc7c14: 48c7 f9ff 

  0x000002dfc7cc7c18: ;   {other}
  0x000002dfc7cc7c18: 0f1f 8400 | 081d 000d | 488b d841 | 807f 4000 | 0f85 282c | 0000 488b | 7c24 384c | 8bd7 4c8b 
  0x000002dfc7cc7c38: c344 8947 | 0c4c 8bdb | 4d33 da49 | c1eb 144d | 85db 741f | 4885 db74 | 1a49 c1ea | 0948 b900 
  0x000002dfc7cc7c58: 008c cedf | 0200 0049 | 03ca 8039 | 020f 8523 | 2c00 0044 | 8b6c 2444 | 4c8b 4c24 | 4848 8b4c 
  0x000002dfc7cc7c78: 2450 448b | 4424 5844 | 8b54 245c | 8b5c 2460 | 8b6f 0c48 | 8d84 2450 | 0100 0048 | 8338 000f 
  0x000002dfc7cc7c98: 8479 0000 | 004c 8b1f | 41f6 c302 | 0f84 6200 | 0000 4983 | bb86 0000 | 0000 7409 | 49ff 8b86 
  0x000002dfc7cc7cb8: 0000 00eb | 4b49 8b83 | 9600 0000 | 490b 838e | 0000 0075 | 0a49 c743 | 3e00 0000 | 00eb 3d49 
  0x000002dfc7cc7cd8: 83bb 9e00 | 0000 0074 | 2248 33c0 | 49c7 433e | 0000 0000 | f083 0424 | 0049 83bb | 9e00 0000 
  0x000002dfc7cc7cf8: 0075 0df0 | 4d0f b17b | 3e75 0583 | c801 eb0c | a800 eb08 | 4c8b 18f0 | 4c0f b11f 

  0x000002dfc7cc7d14: ;   {no_reloc}
  0x000002dfc7cc7d14: 750a 49ff | 8f48 0500 | 0045 33db | 0f85 2646 | 0000 448b | 5d08 4489 | 5424 5c44 | 8944 2458 
  0x000002dfc7cc7d34: 4889 4c24 | 504c 894c | 2448 4489 | 6c24 4448 | 897c 2438 

  0x000002dfc7cc7d48: ;   {metadata('sun/nio/ByteBuffered')}
  0x000002dfc7cc7d48: 48b8 48fa | 0800 0100 | 0000 4833 | f64a 8d34 | de4c 8b56 | 204c 3bd0 | 0f84 7244 | 0000 488b 
  0x000002dfc7cc7d68: 7e28 8b0f | 4883 c708 | 4885 c0f2 | 48af 0f85 | 0400 0000 | 4889 4620 | 0f84 5244 

  0x000002dfc7cc7d84: ;   {metadata('jdk/internal/loader/URLClassPath$JarLoader$2')}
  0x000002dfc7cc7d84: 0000 81fb | 0e1e 0120 | 0f85 e70c | 0000 488b | 5424 3848 | 8bea 6690 

  0x000002dfc7cc7d9c: ;   {optimized virtual_call}
  0x000002dfc7cc7d9c: c5f8 77e8 

  0x000002dfc7cc7da0: ; ImmutableOopMap {rbp=Oop [32]=Oop [56]=Oop [64]=NarrowOop [68]=NarrowOop [72]=Oop [80]=Oop [92]=NarrowOop }
                      ;*invokevirtual getBytes {reexecute=0 rethrow=0 return_oop=1}
                      ; - java.net.URLClassLoader::defineClass@179
                      ; - java.net.URLClassLoader$1::run@43
  0x000002dfc7cc7da0: 1c69 6ff9 

  0x000002dfc7cc7da4: ;   {other}
  0x000002dfc7cc7da4: 0f1f 8400 | 941e 000e | 4889 8424 | 8000 0000 | 49b9 0000 | 8cce df02 | 0000 4c8b | 4424 3845 
  0x000002dfc7cc7dc4: ;   {metadata('jdk/internal/loader/URLClassPath$JarLoader$2')}
  0x000002dfc7cc7dc4: 8b58 0841 | 81fb 0e1e | 0120 0f85 | ff23 0000 | 4d8b d041 | 8b6a 1c44 

  0x000002dfc7cc7ddc: ;   {metadata('java/util/jar/JarFile$JarFileEntry')}
  0x000002dfc7cc7ddc: 8b5d 0841 | 81fb 3318 | 0120 0f85 | ec47 0000 | 488b cd8b | 6964 440f | b655 1244 | 3b65 3075 
  0x000002dfc7cc7dfc: 0945 85d2 | 0f85 d506 | 0000 8b59 | 5c85 db0f | 8593 3200 | 0044 8b59 | 6441 8b6b | 3085 ed0f 
  0x000002dfc7cc7e1c: 85e9 3100 | 004c 8b54 | 2478 498b | 8fb8 0100 | 004c 8bd9 | 4983 c328 | 4d3b 9fc8 | 0100 000f 
  0x000002dfc7cc7e3c: 8388 3400 | 004d 899f | b801 0000 | 410f 1883 | 0001 0000 | 48c7 0101 

  0x000002dfc7cc7e54: ;   {metadata('java/security/CodeSource')}
  0x000002dfc7cc7e54: 0000 00c7 | 4108 12aa | 0020 4489 | 610c 4c89 | 6110 4c89 | 6118 4c89 | 6120 448b | 5c24 5c44 
  0x000002dfc7cc7e74: 8959 0c45 | 85db 0f84 | 4c4b 0000 | 488b e94c | 8954 2458 | 4c89 4c24 | 284c 8944 | 2438 498b 
  0x000002dfc7cc7e94: d366 6690 

  0x000002dfc7cc7e98: ;   {static_call}
  0x000002dfc7cc7e98: c5f8 77e8 

  0x000002dfc7cc7e9c: ; ImmutableOopMap {rbp=Oop [32]=Oop [56]=Oop [64]=NarrowOop [68]=NarrowOop [72]=Oop [80]=Oop [88]=Oop [128]=Oop }
                      ;*invokestatic urlNoFragString {reexecute=0 rethrow=0 return_oop=1}
                      ; - java.security.CodeSource::<init>@30
                      ; - java.net.URLClassLoader::defineClass@198
                      ; - java.net.URLClassLoader$1::run@43
  0x000002dfc7cc7e9c: 2080 f2ff 

  0x000002dfc7cc7ea0: ;   {other}
  0x000002dfc7cc7ea0: 0f1f 8400 | 901f 000f | 488b d841 | 807f 4000 | 0f85 fa27 | 0000 4c8b | d54c 8bc3 | 4489 4520 
  0x000002dfc7cc7ec0: 4c8b db4d | 33da 49c1 | eb14 4d85 | db74 1f48 | 85db 741a | 49c1 ea09 | 48b9 0000 | 8cce df02 
  0x000002dfc7cc7ee0: 0000 4903 | ca80 3902 | 0f85 f527 | 0000 4c8b | 4424 584d | 85c0 0f85 | ea2e 0000 | 4889 6c24 
  0x000002dfc7cc7f00: 68c5 f877 | 49ba 30a7 | 7937 f97f | 0000 41ff 

  0x000002dfc7cc7f10: ;   {other}
  0x000002dfc7cc7f10: d20f 1f84 | 0000 0000 | 0048 2b44 | 2430 4889 

  0x000002dfc7cc7f20: ;   {oop(a 'jdk/internal/perf/PerfCounter'{0x000000008008c658})}
  0x000002dfc7cc7f20: 4424 3049 | bb58 c608 | 8000 0000 | 0048 8d9c | 2450 0100 | 0049 8b03 | a802 0f85 | 2300 0000 
  0x000002dfc7cc7f40: 4883 c801 | 4889 03f0 | 490f b11b | 0f84 3700 | 0000 482b | c448 2507 | f0ff ff48 | 8903 e924 
  0x000002dfc7cc7f60: 0000 004c | 8bd0 4833 | c0f0 4d0f | b17a 3e48 | c703 0300 | 0000 7411 | 4c3b f875 | 1549 ff82 
  0x000002dfc7cc7f80: 8600 0000 | 4833 c075 | 0949 ff87 | 4805 0000 | 33c0 0f85 | 1944 0000 

  0x000002dfc7cc7f98: ;   {oop(a 'jdk/internal/perf/PerfCounter'{0x000000008008c658})}
  0x000002dfc7cc7f98: 49ba 58c6 | 0880 0000 | 0000 458b | 4a10 418b | 6924 85ed | 0f85 5e4a | 0000 418b | 691c 85ed 
  0x000002dfc7cc7fb8: 0f8c 1b44 | 0000 85ed | 0f84 2a42 | 0000 4d8b | 5110 4c8b | 5c24 304d 

  0x000002dfc7cc7fd0: ;   {oop(a 'jdk/internal/perf/PerfCounter'{0x000000008008c658})}
  0x000002dfc7cc7fd0: 011a 49bb | 58c6 0880 | 0000 0000 | 488d 8424 | 5001 0000 | 4883 3800 | 0f84 7900 | 0000 4d8b 
  0x000002dfc7cc7ff0: 1341 f6c2 | 020f 8462 | 0000 0049 | 83ba 8600 | 0000 0074 | 0949 ff8a | 8600 0000 | eb4b 498b 
  0x000002dfc7cc8010: 8296 0000 | 0049 0b82 | 8e00 0000 | 750a 49c7 | 423e 0000 | 0000 eb3d | 4983 ba9e | 0000 0000 
  0x000002dfc7cc8030: 7422 4833 | c049 c742 | 3e00 0000 | 00f0 8304 | 2400 4983 | ba9e 0000 | 0000 750d | f04d 0fb1 
  0x000002dfc7cc8050: 7a3e 7505 | 83c8 01eb | 0ca8 00eb | 084c 8b10 | f04d 0fb1 | 1375 0a49 | ff8f 4805 | 0000 4533 
  0x000002dfc7cc8070: d20f 859d | 4300 004c | 8b84 2480 | 0000 0045 | 8b58 0c49 | 8b8f b801 | 0000 4c8b | d149 83c2 
  0x000002dfc7cc8090: 104d 3b97 | c801 0000 | 0f83 ae32 | 0000 4d89 | 97b8 0100 | 0041 0f18 | 8200 0100 | 0048 c701 
  0x000002dfc7cc80b0: 0100 0000 

  0x000002dfc7cc80b4: ;   {metadata('java/security/SecureClassLoader$CodeSourceKey')}
  0x000002dfc7cc80b4: c741 0861 | 2001 2044 | 8961 0c4c | 8b54 2468 | 4489 510c | 498b 9fb8 | 0100 0044 | 8b4c 2440 
  0x000002dfc7cc80d4: 418b 6950 | 4c8b d349 | 83c2 104d | 3b97 c801 | 0000 0f83 | 1932 0000 | 4d89 97b8 | 0100 0041 
  0x000002dfc7cc80f4: 0f18 8200 | 0100 0048 | c703 0100 

  0x000002dfc7cc8100: ;   {metadata('java/security/SecureClassLoader$1')}
  0x000002dfc7cc8100: 0000 c743 | 08a5 2001 | 2044 8963 | 0c44 894b | 0c44 8b55 

  0x000002dfc7cc8114: ;   {metadata('java/util/concurrent/ConcurrentHashMap')}
  0x000002dfc7cc8114: 0841 81fa | 11ab 0020 | 0f85 2443 | 0000 4489 | 5c24 344c | 8944 2458 | 4489 4c24 | 3048 8bd5 
  0x000002dfc7cc8134: 4c8b c14c | 8bcb 6690 

  0x000002dfc7cc813c: ;   {optimized virtual_call}
  0x000002dfc7cc813c: c5f8 77e8 

  0x000002dfc7cc8140: ; ImmutableOopMap {[32]=Oop [48]=NarrowOop [56]=Oop [68]=NarrowOop [72]=Oop [80]=Oop [88]=Oop }
                      ;*invokeinterface computeIfAbsent {reexecute=0 rethrow=0 return_oop=1}
                      ; - java.security.SecureClassLoader::getProtectionDomain@28
                      ; - java.security.SecureClassLoader::defineClass@9
                      ; - java.net.URLClassLoader::defineClass@220
                      ; - java.net.URLClassLoader$1::run@43
  0x000002dfc7cc8140: 3c90 ecff 

  0x000002dfc7cc8144: ;   {other}
  0x000002dfc7cc8144: 0f1f 8400 | 3422 0010 

  0x000002dfc7cc814c: ; implicit exception: dispatches to 0x000002dfc7ccfd38
  0x000002dfc7cc814c: 448b 5008 

  0x000002dfc7cc8150: ;   {metadata('java/security/ProtectionDomain')}
  0x000002dfc7cc8150: 4181 fa57 | 8800 200f | 85ef 7900 | 0044 8b54 | 2444 458b | 5214 458b | 5a0c 4889 | 8424 9800 
  0x000002dfc7cc8170: 0000 4585 | db0f 8605 | 4300 0044 | 8b4c 2444 | 450f be49 | 1045 85c9 | 0f85 4a47 | 0000 c442 
  0x000002dfc7cc8190: 32f7 c345 | 3bc3 418b | d841 0f4f | db4d 8bea | 4d8d 4a10 | 85db 0f8e | cf00 0000 | 443b db0f 
  0x000002dfc7cc81b0: 8247 4400 | 0049 8bf9 | 8bd3 b82f | 0000 0048 | 8bdf 83fa | 100f 8c79 | 0000 0083 | fa20 0f8c 
  0x000002dfc7cc81d0: 3600 0000 | c5f9 6ec8 | c4e2 7d78 | c9c5 fdef | c08b ca83 | e1e0 83e2 | 1fc5 fe6f | 13c5 ed74 
  0x000002dfc7cc81f0: d1c4 e27d | 17c2 0f83 | 6900 0000 | 4883 c320 | 83e9 2075 | e4e9 0d00 | 0000 c5f9 | 6ec8 c5f9 
  0x000002dfc7cc8210: efc0 c4e2 | 7100 c883 | fa10 0f8c | 2400 0000 | 8bca 83e1 | f083 e20f | c5fa 6f13 | c5e9 74d1 
  0x000002dfc7cc8230: c4e2 7917 | c20f 832a | 0000 0048 | 83c3 1083 | e910 75e4 | 85d2 0f84 | 1200 0000 

  0x000002dfc7cc824c: ;   {no_reloc}
  0x000002dfc7cc824c: 0fb6 0b3b | c174 1c48 | 83c3 0183 | ea01 7402 | ebee bbff | ffff ffeb | 0dc5 fdd7 | ca0f bcc1 
  0x000002dfc7cc826c: 4803 d848 | 2bdf 83fb | ff0f 851d | 4700 0041 | 0fb6 2983 | fd5b 0f84 | c047 0000 | 418d 48fb 
  0x000002dfc7cc828c: 85c9 7c74 | 410f be19 | 83fb 6a75 | 6b41 83fb | 040f 8620 | 4b00 0041 | 807a 1161 | 755a 4180 
  0x000002dfc7cc82ac: 7a12 7675 | 5341 807a | 1361 754c | 4180 7a14 | 2e75 45ba | 3701 0000 | 488b 6c24 | 204c 8b54 
  0x000002dfc7cc82cc: 2438 4c89 | 5424 2044 | 8b5c 2430 | 4489 5c24 | 2844 8b54 | 2444 4489 | 5424 2c44 | 8b54 2434 
  0x000002dfc7cc82ec: 4489 5424 | 3066 6690 

  0x000002dfc7cc82f4: ;   {runtime_call UncommonTrapBlob}
  0x000002dfc7cc82f4: c5f8 77e8 

  0x000002dfc7cc82f8: ; ImmutableOopMap {rbp=Oop [32]=Oop [40]=NarrowOop [44]=NarrowOop [88]=Oop }
                      ;*new {reexecute=0 rethrow=0 return_oop=0}
                      ; - java.lang.ClassLoader::preDefineClass@56
                      ; - java.lang.ClassLoader::defineClass@4
                      ; - java.security.SecureClassLoader::defineClass@12
                      ; - java.net.URLClassLoader::defineClass@220
                      ; - java.net.URLClassLoader$1::run@43
  0x000002dfc7cc82f8: 04c3 57ff 

  0x000002dfc7cc82fc: ;   {other}
  0x000002dfc7cc82fc: 0f1f 8400 | ec23 0011 | 488b 8c24 | 9800 0000 | 448b 7110 | 418d 4bff | 418d 58ff | 3bd9 0f4f 
  0x000002dfc7cc831c: d985 db0f | 8cd5 0000 | 0041 3bdb | 0f83 563f | 0000 85db | 0f8e ae41 | 0000 8d7b | ff41 0fbe 
  0x000002dfc7cc833c: 541a 1083 | fa2e 0f84 | 5301 0000 | ffcb 3bdf | 7feb 83fb | 020f 8e87 | 0000 008d | 4bfe 33ff 
  0x000002dfc7cc835c: 83fb 020f | 4ccf 81f9 | a00f 0000 | bfa0 0f00 | 000f 47cf | 8bfb 2bf9 | 660f 1f44 | 0000 660f 
  0x000002dfc7cc837c: 1f44 0000 | 4863 cb41 | 0fbe 740a | 1083 fe2e | 0f84 3aee | ffff 410f | be54 0a0f | 83fa 2e0f 
  0x000002dfc7cc839c: 842f eeff | ff8d 4bfe | 410f be54 | 0a10 83fa | 2e0f 8420 | eeff ff8d | 4bfd 410f | be74 0a10 
  0x000002dfc7cc83bc: 83fe 2e0f | 840e eeff | ff83 c3fc | 3bdf 7fb4 | 498b 8f50 

  0x000002dfc7cc83d0: ; ImmutableOopMap {r10=NarrowOop r13=Oop r9=Derived_oop_r13 r14=NarrowOop [32]=Oop [48]=NarrowOop [56]=Oop [68]=NarrowOop [72]=Oop [80]=Oop [88]=Oop [152]=Oop }
                      ;*goto {reexecute=1 rethrow=0 return_oop=0}
                      ; - (reexecute) java.lang.StringLatin1::lastIndexOf@35
                      ; - java.lang.String::lastIndexOf@13
                      ; - java.lang.String::lastIndexOf@8
                      ; - java.lang.ClassLoader::checkCerts@3
                      ; - java.lang.ClassLoader::preDefineClass@113
                      ; - java.lang.ClassLoader::defineClass@4
                      ; - java.security.SecureClassLoader::defineClass@12
                      ; - java.net.URLClassLoader::defineClass@220
                      ; - java.net.URLClassLoader$1::run@43
                      ;   {poll}
  0x000002dfc7cc83d0: 0400 0085 | 0183 fb02 | 0f8f 79ff | ffff 83fb | ff7e 1790 | 410f be7c | 1a10 83ff | 2e0f 8485 
  0x000002dfc7cc83f0: 4400 00ff | cb83 fbff | 7fea b9ff | ffff ffe9 | cfed ffff | 41b9 2f00 | 0000 e900 | eaff ff48 
  0x000002dfc7cc8410: 8b5c 2450 | e9cd efff | ff48 898c | 24a0 0000 | 00e9 90f4 | ffff 448b | d54d 8bc2 

  0x000002dfc7cc842c: ;   {metadata('java/lang/IllegalArgumentException')}
  0x000002dfc7cc842c: 48bd 0094 | 0700 0100 | 0000 4c8b | 5c24 604d | 85db 0f84 | 9f2a 0000 | 4c89 4424 | 6848 8b54 
  0x000002dfc7cc844c: 2448 4c8b | 8424 a000 | 0000 4d8b | cb48 8b7c | 2468 6690 

  0x000002dfc7cc8460: ;   {optimized virtual_call}
  0x000002dfc7cc8460: c5f8 77e8 

  0x000002dfc7cc8464: ; ImmutableOopMap {[32]=Oop [40]=Oop [56]=Oop [64]=NarrowOop [68]=NarrowOop [72]=Oop [80]=Oop [92]=NarrowOop [96]=Oop [104]=Oop [160]=Oop }
                      ;*invokevirtual definePackage {reexecute=0 rethrow=0 return_oop=1}
                      ; - java.net.URLClassLoader::defineClass@64
                      ; - java.net.URLClassLoader$1::run@43
  0x000002dfc7cc8464: b835 30f8 

  0x000002dfc7cc8468: ;   {other}
  0x000002dfc7cc8468: 0f1f 8400 | 5825 0013 | 488b 7c24 | 3844 8b6c | 2444 4c8b | 4c24 4848 | 8b4c 2450 | 448b 4424 
  0x000002dfc7cc8488: 5844 8b54 | 245c e9c7 | f6ff ff45 | 8bda e9f8 | f0ff ff8b | cbe9 31ed | ffff 33ed | e9ce e6ff 
  0x000002dfc7cc84a8: ff48 8b54 | 2470 41b8 | 0100 0000 

  0x000002dfc7cc84b4: ;   {optimized virtual_call}
  0x000002dfc7cc84b4: c5f8 77e8 

  0x000002dfc7cc84b8: ; ImmutableOopMap {[32]=Oop [40]=Oop [56]=Oop [64]=NarrowOop [68]=NarrowOop [72]=Oop [80]=Oop [92]=NarrowOop [96]=Oop [104]=NarrowOop [112]=Oop [160]=Oop }
                      ;*invokevirtual getManifestName {reexecute=0 rethrow=0 return_oop=1}
                      ; - java.util.zip.ZipFile$1::getManifestName@2
                      ; - java.util.jar.JarFile::maybeInstantiateVerifier@20
                      ; - java.util.jar.JarFile::ensureInitialization@1
                      ; - java.util.jar.JavaUtilJarAccessImpl::ensureInitialization@1
                      ; - jdk.internal.loader.URLClassPath$JarLoader$2::getManifest@10
                      ; - java.net.URLClassLoader::defineClass@34
                      ; - java.net.URLClassLoader$1::run@43
  0x000002dfc7cc84b8: 4400 20f8 

  0x000002dfc7cc84bc: ;   {other}
  0x000002dfc7cc84bc: 0f1f 8400 | ac25 0014 | 4885 c00f | 85ae 2c00 | 0044 8b5c | 2468 4588 | 6312 e9d2 | f4ff ff48 
  0x000002dfc7cc84dc: 894c 2460 | 4c89 4c24 | 384c 8944 | 2428 4c8b | d54c 8954 | 2468 498b | d241 b801 | 0000 0090 
  0x000002dfc7cc84fc: ;   {optimized virtual_call}
  0x000002dfc7cc84fc: c5f8 77e8 

  0x000002dfc7cc8500: ; ImmutableOopMap {rbp=NarrowOop [32]=Oop [40]=Oop [64]=NarrowOop [68]=NarrowOop [72]=Oop [80]=Oop [92]=NarrowOop [96]=Oop [104]=Oop [128]=Oop }
                      ;*invokevirtual getManifestName {reexecute=0 rethrow=0 return_oop=1}
                      ; - java.util.zip.ZipFile$1::getManifestName@2
                      ; - java.util.jar.JarFile::maybeInstantiateVerifier@20
                      ; - java.util.jar.JarFile$JarFileEntry::getCodeSigners@4
                      ; - jdk.internal.loader.URLClassPath$JarLoader$2::getCodeSigners@4
                      ; - java.net.URLClassLoader::defineClass@185
                      ; - java.net.URLClassLoader$1::run@43
  0x000002dfc7cc8500: 7c65 57ff 

  0x000002dfc7cc8504: ;   {other}
  0x000002dfc7cc8504: 0f1f 8400 | f425 0015 | 4885 c00f | 8599 2c00 | 0044 8865 | 124c 8b44 | 2428 4c8b | 4c24 3848 
  0x000002dfc7cc8524: 8b4c 2460 | e9d9 f8ff 

  0x000002dfc7cc852c: ;   {oop(""{0x0000000080000448})}
  0x000002dfc7cc852c: ff48 bb48 | 0400 8000 | 0000 00e9 | aaee ffff 

  0x000002dfc7cc853c: ;   {oop(""{0x0000000080000448})}
  0x000002dfc7cc853c: 48bd 4804 | 0080 0000 | 0000 e963 | f3ff ff47 | 8d04 1245 | 85c0 0f8c | 704e 0000 | 413b e80f 
  0x000002dfc7cc855c: 8267 4e00 | 0049 8bf1 | 488b fa41 | 8bd2 8bca | 83e1 0f83 | e2f0 741c | 488d 3416 | 488d 3c57 
  0x000002dfc7cc857c: 48f7 dac4 | e27d 3004 | 16c5 fe7f | 0457 4883 | c210 75ef | 8bd1 83e1 | 0783 e2f8 | 7427 c4e2 
  0x000002dfc7cc859c: 7930 06c5 | fa7f 0748 | 83c6 0848 | 83c7 10e9 | 1100 0000 | c4e2 7930 | 0416 c5fa | 7f04 5748 
  0x000002dfc7cc85bc: 83c2 0875 | ef8b d183 | fa04 7c19 | c5f9 6e06 | c4e2 7930 | c0c5 f9d6 | 0748 83ea | 0448 83c6 
  0x000002dfc7cc85dc: 0448 83c7 | 0885 d274 | 1848 8d34 | 1648 8d3c | 5748 f7da | 0fb6 0c16 | 6689 0c57 | 48ff c275 
  0x000002dfc7cc85fc: f3e9 c3e9 | ffff 4d8b | 5f38 4b89 | 4c13 f849 | 83c2 f84d | 8957 2885 | ed0f 84a9 | 7000 004c 
  0x000002dfc7cc861c: 8bd5 4c8b | 9c24 a000 | 0000 4d3b | da0f 85bf | 6f00 004c | 8b94 24b8 | 0000 0041 

  0x000002dfc7cc8638: ;   {no_reloc}
  0x000002dfc7cc8638: ff4a 1441 | ff42 204c | 8b94 24c8 | 0000 004d | 3bd6 0f85 | 736d 0000 | 4180 7f40 | 000f 85b9 
  0x000002dfc7cc8658: 3900 0044 | 8b9c 24c0 | 0000 0044 | 891f 4c8b | d64c 8bdf | 4d33 d349 | c1ea 144d | 85d2 7427 
  0x000002dfc7cc8678: 448b 9424 | c000 0000 | 4585 d274 | 1a49 c1eb | 0948 b900 | 008c cedf | 0200 0049 | 03cb 8039 
  0x000002dfc7cc8698: 020f 85a7 | 3900 004c | 8b9c 24a8 | 0000 0048 | 8d84 2450 | 0100 0048 | 8338 000f | 8479 0000 
  0x000002dfc7cc86b8: 004d 8b13 | 41f6 c202 | 0f84 6200 | 0000 4983 | ba86 0000 | 0000 7409 | 49ff 8a86 | 0000 00eb 
  0x000002dfc7cc86d8: 4b49 8b82 | 9600 0000 | 490b 828e | 0000 0075 | 0a49 c742 | 3e00 0000 | 00eb 3d49 | 83ba 9e00 
  0x000002dfc7cc86f8: 0000 0074 | 2248 33c0 | 49c7 423e | 0000 0000 | f083 0424 | 0049 83ba | 9e00 0000 | 0075 0df0 
  0x000002dfc7cc8718: 4d0f b17a | 3e75 0583 | c801 eb0c | a800 eb08 | 4c8b 10f0 | 4d0f b113 | 750a 49ff | 8f48 0500 
  0x000002dfc7cc8738: ;   {no_reloc}
  0x000002dfc7cc8738: 0045 33d2 | 0f85 fe64 | 0000 4c8b | 9424 8000 | 0000 448b | 8424 9800 | 0000 4589 | 4210 4183 
  0x000002dfc7cc8758: f8ff 0f84 | 9463 0000 | 4c8b 9424 | 8000 0000 | 458b 5218 | 4489 9424 | 9c00 0000 | 4c8b 9424 
  0x000002dfc7cc8778: 8000 0000 | 458b 5a1c | 4489 9c24 | a000 0000 | 448b 9c24 | 9c00 0000 

  0x000002dfc7cc8790: ; implicit exception: dispatches to 0x000002dfc7cd0650
  0x000002dfc7cc8790: 458b 5b30 | 448b 9424 | a000 0000 

  0x000002dfc7cc879c: ; implicit exception: dispatches to 0x000002dfc7cd06b4
  0x000002dfc7cc879c: 458b 520c | 458b c241 | 8bea 0bac | 2498 0000 | 0085 ed0f | 8cef 5f00 | 0044 8b8c | 2498 0000 
  0x000002dfc7cc87bc: 0045 3bca | 0f8f 4063 | 0000 4585 | db0f 8445 | 5000 0044 | 8b94 249c | 0000 004c | 8994 24a8 
  0x000002dfc7cc87dc: 0000 004d | 8bd3 4c89 | 9424 b800 | 0000 448b | 9c24 a000 | 0000 498b | eb4c 8b9c | 24b8 0000 
  0x000002dfc7cc87fc: 0048 8d9c | 2450 0100 | 0049 8b03 | a802 0f85 | 2300 0000 | 4883 c801 | 4889 03f0 | 490f b11b 
  0x000002dfc7cc881c: 0f84 3700 | 0000 482b | c448 2507 | f0ff ff48 | 8903 e924 | 0000 004c | 8bd0 4833 

  0x000002dfc7cc8838: ;   {no_reloc}
  0x000002dfc7cc8838: c0f0 4d0f | b17a 3e48 | c703 0300 | 0000 7411 | 4c3b f875 | 1549 ff82 | 8600 0000 | 4833 c075 
  0x000002dfc7cc8858: 0949 ff87 | 4805 0000 | 33c0 0f85 | b252 0000 | 4180 7f40 | 000f 85d8 | 3200 0041 | 807f 4000 
  0x000002dfc7cc8878: 0f85 0833 | 0000 448b | 9424 9c00 | 0000 448b | 8424 a000 | 0000 4589 | 4238 4589 | 6234 4c8b 
  0x000002dfc7cc8898: d54c 8b9c | 24a8 0000 | 004d 33d3 | 49c1 ea14 | 4d85 d274 | 1a49 c1eb | 0948 b900 | 008c cedf 
  0x000002dfc7cc88b8: 0200 0049 | 03cb 8039 | 020f 85fa | 3200 0044 | 8b9c 249c | 0000 0044 | 8b94 2498 | 0000 0045 
  0x000002dfc7cc88d8: 8953 2045 | 8963 0c4c | 8b9c 24b8 | 0000 0048 | 8d84 2450 | 0100 0048 | 8338 000f | 8479 0000 
  0x000002dfc7cc88f8: 004d 8b13 | 41f6 c202 | 0f84 6200 | 0000 4983 | ba86 0000 | 0000 7409 | 49ff 8a86 | 0000 00eb 
  0x000002dfc7cc8918: 4b49 8b82 | 9600 0000 | 490b 828e | 0000 0075 | 0a49 c742 | 3e00 0000 | 00eb 3d49 | 83ba 9e00 
  0x000002dfc7cc8938: ;   {no_reloc}
  0x000002dfc7cc8938: 0000 0074 | 2248 33c0 | 49c7 423e | 0000 0000 | f083 0424 | 0049 83ba | 9e00 0000 | 0075 0df0 
  0x000002dfc7cc8958: 4d0f b17a | 3e75 0583 | c801 eb0c | a800 eb08 | 4c8b 10f0 | 4d0f b113 | 750a 49ff | 8f48 0500 
  0x000002dfc7cc8978: 0045 33d2 | 0f85 bb51 | 0000 4c8b | 9424 8000 | 0000 458b | 5a18 4585 | db0f 8498 | 0c00 0049 
  0x000002dfc7cc8998: 8bd3 4c8b | 8424 4801 | 0000 448b | 8c24 b000 | 0000 8bbc | 2440 0100 | 0066 6690 

  0x000002dfc7cc89b4: ;   {optimized virtual_call}
  0x000002dfc7cc89b4: c5f8 77e8 

  0x000002dfc7cc89b8: ; ImmutableOopMap {[32]=Oop [40]=Oop [56]=Oop [64]=NarrowOop [68]=NarrowOop [72]=Oop [80]=Oop [92]=NarrowOop [104]=Oop [112]=NarrowOop [128]=Oop [144]=Oop [328]=Oop }
                      ;*invokevirtual inflate {reexecute=0 rethrow=0 return_oop=0}
                      ; - java.util.zip.InflaterInputStream::read@88
                      ; - jdk.internal.loader.Resource::getBytes@117
                      ; - java.net.URLClassLoader::defineClass@179
                      ; - java.net.URLClassLoader$1::run@43
  0x000002dfc7cc89b8: c460 57ff 

  0x000002dfc7cc89bc: ;   {other}
  0x000002dfc7cc89bc: 0f1f 8400 | ac2a 0016 | 448b d84d | 8b97 5004 

  0x000002dfc7cc89cc: ; ImmutableOopMap {[32]=Oop [40]=Oop [56]=Oop [64]=NarrowOop [68]=NarrowOop [72]=Oop [80]=Oop [92]=NarrowOop [104]=Oop [112]=NarrowOop [128]=Oop [144]=Oop [328]=Oop }
                      ;*ifeq {reexecute=1 rethrow=0 return_oop=0}
                      ; - (reexecute) java.util.zip.InflaterInputStream::read@94
                      ; - jdk.internal.loader.Resource::getBytes@117
                      ; - java.net.URLClassLoader::defineClass@179
                      ; - java.net.URLClassLoader$1::run@43
                      ;   {poll}
  0x000002dfc7cc89cc: 0000 4185 | 0285 c00f | 846b 1b00 | 0045 85db | 0f8c ce51 | 0000 448b | 8424 b000 | 0000 4503 
  0x000002dfc7cc89ec: c34d 8b97 

  0x000002dfc7cc89f0: ; ImmutableOopMap {[32]=Oop [40]=Oop [56]=Oop [64]=NarrowOop [68]=NarrowOop [72]=Oop [80]=Oop [92]=NarrowOop [104]=Oop [112]=NarrowOop [144]=Oop [328]=Oop }
                      ;*goto {reexecute=1 rethrow=0 return_oop=0}
                      ; - (reexecute) jdk.internal.loader.Resource::getBytes@179
                      ; - java.net.URLClassLoader::defineClass@179
                      ; - java.net.URLClassLoader$1::run@43
  0x000002dfc7cc89f0: 5004 0000 

  0x000002dfc7cc89f4: ;   {poll}
  0x000002dfc7cc89f4: 4185 0244 | 3b84 2488 | 0000 007c | 5b44 8b5c | 2470 4585 | db0f 8459 | 5900 0048 | 8bac 2448 
  0x000002dfc7cc8a14: 0100 0045 | 8b53 0849 

  0x000002dfc7cc8a1c: ;   {metadata('java/util/zip/ZipFile$ZipFileInflaterInputStream')}
  0x000002dfc7cc8a1c: 8bd3 4181 | fa49 1901 | 200f 85b1 | 2b00 0090 

  0x000002dfc7cc8a2c: ;   {optimized virtual_call}
  0x000002dfc7cc8a2c: c5f8 77e8 

  0x000002dfc7cc8a30: ; ImmutableOopMap {rbp=Oop [32]=Oop [56]=Oop [64]=NarrowOop [68]=NarrowOop [72]=Oop [80]=Oop [92]=NarrowOop [104]=Oop }
                      ;*invokevirtual close {reexecute=0 rethrow=0 return_oop=0}
                      ; - jdk.internal.loader.Resource::getBytes@183
                      ; - java.net.URLClassLoader::defineClass@179
                      ; - java.net.URLClassLoader$1::run@43
  0x000002dfc7cc8a30: 4c60 57ff 

  0x000002dfc7cc8a34: ;   {other}
  0x000002dfc7cc8a34: 0f1f 8400 | 242b 0019 | 448b 5c24 | 7445 85db | 0f85 5866 | 0000 4889 | ac24 8000 | 0000 4c8b 
  0x000002dfc7cc8a54: 4c24 60e9 | 62f3 ffff | 4c8b 9424 | 4801 0000 | 4c89 9424 | 8000 0000 | 448b 8c24 | 8c00 0000 
  0x000002dfc7cc8a74: e90d 0500 

  0x000002dfc7cc8a78: ;   {metadata('jdk/internal/loader/URLClassPath$FileLoader$1')}
  0x000002dfc7cc8a78: 0081 fb8d | e60c 200f | 8597 5200 | 004c 8b54 | 2438 4d8b | da48 8d9c | 2450 0100 | 0049 8b03 
  0x000002dfc7cc8a98: a802 0f85 | 2300 0000 | 4883 c801 | 4889 03f0 | 490f b11b | 0f84 3700 | 0000 482b | c448 2507 
  0x000002dfc7cc8ab8: f0ff ff48 | 8903 e924 | 0000 004c | 8bd0 4833 | c0f0 4d0f | b17a 3e48 | c703 0300 | 0000 7411 
  0x000002dfc7cc8ad8: 4c3b f875 | 1549 ff82 | 8600 0000 | 4833 c075 | 0949 ff87 | 4805 0000 | 33c0 0f85 | 5452 0000 
  0x000002dfc7cc8af8: 418b 5b0c | 85db 0f85 | ef02 0000 | 498b 87b8 | 0100 004c | 8bd0 4983 | c220 4d3b | 97c8 0100 
  0x000002dfc7cc8b18: 000f 833d | 4000 004d | 8997 b801 | 0000 410f | 1882 0001 | 0000 48c7 | 0001 0000 

  0x000002dfc7cc8b34: ;   {metadata('java/io/FileInputStream')}
  0x000002dfc7cc8b34: 00c7 4008 | dbdd 0020 | 4489 600c | 4c89 6010 | 4c89 6018 | 4c8b c841 | 8b6b 1849 | 8b87 b801 
  0x000002dfc7cc8b54: 0000 4c8b | d049 83c2 | 104d 3b97 | c801 0000 | 0f83 1c40 | 0000 4d89 | 97b8 0100 | 0041 0f18 
  0x000002dfc7cc8b74: 8200 0100 | 0048 c700 | 0100 0000 

  0x000002dfc7cc8b80: ;   {metadata('java/lang/Object')}
  0x000002dfc7cc8b80: c740 0849 | 8200 2044 | 8960 0c4d | 8bd1 4c8b | c045 8941 | 1c4c 8bc0 | 4d33 c249 | c1e8 144d 
  0x000002dfc7cc8ba0: 85c0 741a | 49c1 ea09 | 48b9 0000 | 8cce df02 | 0000 4903 | ca80 3902 | 0f85 fc30 | 0000 85ed 
  0x000002dfc7cc8bc0: 0f84 0a22 | 0000 448b | 4510 488b | cd4d 8bd0 | 4c8b c14c | 8954 2470 | 498b e84c | 894c 2468 
  0x000002dfc7cc8be0: 4c89 5c24 | 6066 6690 

  0x000002dfc7cc8be8: ;   {static_call}
  0x000002dfc7cc8be8: c5f8 77e8 

  0x000002dfc7cc8bec: ; ImmutableOopMap {rbp=Oop [32]=Oop [40]=Oop [56]=Oop [64]=NarrowOop [68]=NarrowOop [72]=Oop [80]=Oop [92]=NarrowOop [96]=Oop [104]=Oop [112]=Oop }
                      ;*invokestatic getSecurityManager {reexecute=0 rethrow=0 return_oop=1}
                      ; - java.io.FileInputStream::<init>@28
                      ; - jdk.internal.loader.URLClassPath$FileLoader$1::getInputStream@8
                      ; - jdk.internal.loader.Resource::cachedInputStream@9
                      ; - jdk.internal.loader.Resource::getBytes@1
                      ; - java.net.URLClassLoader::defineClass@179
                      ; - java.net.URLClassLoader$1::run@43
  0x000002dfc7cc8bec: 9064 57ff 

  0x000002dfc7cc8bf0: ;   {other}
  0x000002dfc7cc8bf0: 0f1f 8400 | e02c 001a | 4885 c074 | 1b48 8bd0 | 4c8b 4424 | 7066 6690 

  0x000002dfc7cc8c08: ;   {optimized virtual_call}
  0x000002dfc7cc8c08: c5f8 77e8 

  0x000002dfc7cc8c0c: ; ImmutableOopMap {rbp=Oop [32]=Oop [40]=Oop [56]=Oop [64]=NarrowOop [68]=NarrowOop [72]=Oop [80]=Oop [92]=NarrowOop [96]=Oop [104]=Oop [112]=Oop }
                      ;*invokevirtual checkRead {reexecute=0 rethrow=0 return_oop=0}
                      ; - java.io.FileInputStream::<init>@38
                      ; - jdk.internal.loader.URLClassPath$FileLoader$1::getInputStream@8
                      ; - jdk.internal.loader.Resource::cachedInputStream@9
                      ; - jdk.internal.loader.Resource::getBytes@1
                      ; - java.net.URLClassLoader::defineClass@179
                      ; - java.net.URLClassLoader$1::run@43
  0x000002dfc7cc8c0c: 705e 57ff 

  0x000002dfc7cc8c10: ;   {other}
  0x000002dfc7cc8c10: 0f1f 8400 | 002d 001b | 4c8b 5424 | 704d 85d2 | 0f84 8257 | 0000 4c8b | dd4d 85db | 0f84 be57 
  0x000002dfc7cc8c30: 0000 498b | ea49 8bd3 

  0x000002dfc7cc8c38: ;   {optimized virtual_call}
  0x000002dfc7cc8c38: c5f8 77e8 

  0x000002dfc7cc8c3c: ; ImmutableOopMap {rbp=Oop [32]=Oop [40]=Oop [56]=Oop [64]=NarrowOop [68]=NarrowOop [72]=Oop [80]=Oop [92]=NarrowOop [96]=Oop [104]=Oop }
                      ;*invokevirtual isInvalid {reexecute=0 rethrow=0 return_oop=0}
                      ; - java.io.FileInputStream::<init>@54
                      ; - jdk.internal.loader.URLClassPath$FileLoader$1::getInputStream@8
                      ; - jdk.internal.loader.Resource::cachedInputStream@9
                      ; - jdk.internal.loader.Resource::getBytes@1
                      ; - java.net.URLClassLoader::defineClass@179
                      ; - java.net.URLClassLoader$1::run@43
  0x000002dfc7cc8c3c: 405e 57ff 

  0x000002dfc7cc8c40: ;   {other}
  0x000002dfc7cc8c40: 0f1f 8400 | 302d 001c | 85c0 0f85 | 1858 0000 | 498b 9fb8 | 0100 004c | 8bd3 4983 | c228 4d3b 
  0x000002dfc7cc8c60: 97c8 0100 | 000f 8350 | 3f00 004d | 8997 b801 | 0000 410f | 1882 0001 | 0000 48c7 | 0301 0000 
  0x000002dfc7cc8c80: ;   {metadata('java/io/FileDescriptor')}
  0x000002dfc7cc8c80: 00c7 4308 | 34de 0020 | 4c89 6318 | 4c89 6320 | c743 0cff | ffff ff48 | c743 10ff | ffff ff41 
  0x000002dfc7cc8ca0: 807f 4000 | 0f85 682f | 0000 4c8b | 5424 684d | 8bda 4c8b | cb45 894a | 104c 8bc3 | 4d33 c349 
  0x000002dfc7cc8cc0: c1e8 144d | 85c0 741a | 49c1 eb09 | 48b9 0000 | 8cce df02 | 0000 4903 | cb80 3902 | 0f85 3530 
  0x000002dfc7cc8ce0: 0000 4c89 | 5424 6848 | 8bd3 4d8b | c266 6690 

  0x000002dfc7cc8cf0: ;   {optimized virtual_call}
  0x000002dfc7cc8cf0: c5f8 77e8 

  0x000002dfc7cc8cf4: ; ImmutableOopMap {rbp=Oop [32]=Oop [40]=Oop [56]=Oop [64]=NarrowOop [68]=NarrowOop [72]=Oop [80]=Oop [92]=NarrowOop [96]=Oop [104]=Oop }
                      ;*invokevirtual attach {reexecute=0 rethrow=0 return_oop=0}
                      ; - java.io.FileInputStream::<init>@86
                      ; - jdk.internal.loader.URLClassPath$FileLoader$1::getInputStream@8
                      ; - jdk.internal.loader.Resource::cachedInputStream@9
                      ; - jdk.internal.loader.Resource::getBytes@1
                      ; - java.net.URLClassLoader::defineClass@179
                      ; - java.net.URLClassLoader$1::run@43
  0x000002dfc7cc8cf4: 885d 57ff 

  0x000002dfc7cc8cf8: ;   {other}
  0x000002dfc7cc8cf8: 0f1f 8400 | e82d 001d | 4180 7f40 | 000f 853f | 2f00 004c | 8b44 2468 | 4d8b d04c | 8bcd 4d8b 
  0x000002dfc7cc8d18: d945 8958 | 144d 8bd9 | 4d33 da49 | c1eb 144d | 85db 741a | 49c1 ea09 | 48b9 0000 | 8cce df02 
  0x000002dfc7cc8d38: 0000 4903 | ca80 3902 | 0f85 3430 | 0000 4c89 | 4c24 6849 | 8be8 6690 

  0x000002dfc7cc8d50: ;   {static_call}
  0x000002dfc7cc8d50: c5f8 77e8 

  0x000002dfc7cc8d54: ; ImmutableOopMap {rbp=Oop [32]=Oop [40]=Oop [56]=Oop [64]=NarrowOop [68]=NarrowOop [72]=Oop [80]=Oop [92]=NarrowOop [96]=Oop [104]=Oop }
                      ;*invokestatic begin {reexecute=0 rethrow=0 return_oop=0}
                      ; - java.io.FileInputStream::open@0
                      ; - java.io.FileInputStream::<init>@96
                      ; - jdk.internal.loader.URLClassPath$FileLoader$1::getInputStream@8
                      ; - jdk.internal.loader.Resource::cachedInputStream@9
                      ; - jdk.internal.loader.Resource::getBytes@1
                      ; - java.net.URLClassLoader::defineClass@179
                      ; - java.net.URLClassLoader$1::run@43
  0x000002dfc7cc8d54: 2863 57ff 

  0x000002dfc7cc8d58: ;   {other}
  0x000002dfc7cc8d58: 0f1f 8400 | 482e 001e | 4889 4424 | 7048 8bd5 | 4c8b 4424 | 6866 6690 

  0x000002dfc7cc8d70: ;   {optimized virtual_call}
  0x000002dfc7cc8d70: c5f8 77e8 

  0x000002dfc7cc8d74: ; ImmutableOopMap {rbp=Oop [32]=Oop [40]=Oop [56]=Oop [64]=NarrowOop [68]=NarrowOop [72]=Oop [80]=Oop [92]=NarrowOop [96]=Oop }
                      ;*invokevirtual open0 {reexecute=0 rethrow=0 return_oop=0}
                      ; - java.io.FileInputStream::open@6
                      ; - java.io.FileInputStream::<init>@96
                      ; - jdk.internal.loader.URLClassPath$FileLoader$1::getInputStream@8
                      ; - jdk.internal.loader.Resource::cachedInputStream@9
                      ; - jdk.internal.loader.Resource::getBytes@1
                      ; - java.net.URLClassLoader::defineClass@179
                      ; - java.net.URLClassLoader$1::run@43
  0x000002dfc7cc8d74: 085d 57ff 

  0x000002dfc7cc8d78: ;   {other}
  0x000002dfc7cc8d78: 0f1f 8400 | 682e 001f | 488b 5424 | 7066 6690 

  0x000002dfc7cc8d88: ;   {static_call}
  0x000002dfc7cc8d88: c5f8 77e8 

  0x000002dfc7cc8d8c: ; ImmutableOopMap {rbp=Oop [32]=Oop [40]=Oop [56]=Oop [64]=NarrowOop [68]=NarrowOop [72]=Oop [80]=Oop [92]=NarrowOop [96]=Oop }
                      ;*invokestatic end {reexecute=0 rethrow=0 return_oop=0}
                      ; - java.io.FileInputStream::open@10
                      ; - java.io.FileInputStream::<init>@96
                      ; - jdk.internal.loader.URLClassPath$FileLoader$1::getInputStream@8
                      ; - jdk.internal.loader.Resource::cachedInputStream@9
                      ; - jdk.internal.loader.Resource::getBytes@1
                      ; - java.net.URLClassLoader::defineClass@179
                      ; - java.net.URLClassLoader$1::run@43
  0x000002dfc7cc8d8c: f062 57ff 

  0x000002dfc7cc8d90: ;   {other}
  0x000002dfc7cc8d90: 0f1f 8400 | 802e 0020 | 448b 5510 | 498b d290 

  0x000002dfc7cc8da0: ;   {static_call}
  0x000002dfc7cc8da0: c5f8 77e8 

  0x000002dfc7cc8da4: ; ImmutableOopMap {rbp=Oop [32]=Oop [40]=Oop [56]=Oop [64]=NarrowOop [68]=NarrowOop [72]=Oop [80]=Oop [92]=NarrowOop [96]=Oop }
                      ;*invokestatic register {reexecute=0 rethrow=0 return_oop=0}
                      ; - java.io.FileInputStream::<init>@103
                      ; - jdk.internal.loader.URLClassPath$FileLoader$1::getInputStream@8
                      ; - jdk.internal.loader.Resource::cachedInputStream@9
                      ; - jdk.internal.loader.Resource::getBytes@1
                      ; - java.net.URLClassLoader::defineClass@179
                      ; - java.net.URLClassLoader$1::run@43
  0x000002dfc7cc8da4: d862 57ff 

  0x000002dfc7cc8da8: ;   {other}
  0x000002dfc7cc8da8: 0f1f 8400 | 982e 0021 | 4180 7f40 | 000f 85c7 | 2e00 004c | 8b5c 2460 | 4d8b d34c | 8bc5 498b 
  0x000002dfc7cc8dc8: d841 895b | 0c4d 33c2 | 49c1 e814 | 4d85 c074 | 1a49 c1ea | 0948 b900 | 008c cedf | 0200 0049 
  0x000002dfc7cc8de8: 03ca 8039 | 020f 85e1 | 2f00 0048 | 8d84 2450 | 0100 0048 | 8338 000f | 8479 0000 | 004d 8b13 
  0x000002dfc7cc8e08: 41f6 c202 | 0f84 6200 | 0000 4983 | ba86 0000 | 0000 7409 | 49ff 8a86 | 0000 00eb | 4b49 8b82 
  0x000002dfc7cc8e28: 9600 0000 | 490b 828e | 0000 0075 | 0a49 c742 | 3e00 0000 | 00eb 3d49 | 83ba 9e00 | 0000 0074 
  0x000002dfc7cc8e48: 2248 33c0 | 49c7 423e | 0000 0000 | f083 0424 | 0049 83ba | 9e00 0000 | 0075 0df0 | 4d0f b17a 
  0x000002dfc7cc8e68: 3e75 0583 | c801 eb0c | a800 eb08 | 4c8b 10f0 | 4d0f b113 | 750a 49ff | 8f48 0500 | 0045 33d2 
  0x000002dfc7cc8e88: 0f85 1a4f | 0000 4c8b | 4424 2841 | 0fb6 683a | 85ed 0f85 | 6c61 0000 | 48b9 0000 

  0x000002dfc7cc8ea4: ;   {no_reloc}
  0x000002dfc7cc8ea4: 8cce df02 | 0000 4533 | d245 8b4b | 1845 85c9 | 0f84 ae4c | 0000 4489 | 5424 7489 | 5c24 704c 
  0x000002dfc7cc8ec4: 895c 2468 | 4889 4c24 | 604c 8944 | 2428 498b | d166 6690 

  0x000002dfc7cc8ed8: ;   {optimized virtual_call}
  0x000002dfc7cc8ed8: c5f8 77e8 

  0x000002dfc7cc8edc: ; ImmutableOopMap {[32]=Oop [40]=Oop [56]=Oop [64]=NarrowOop [68]=NarrowOop [72]=Oop [80]=Oop [92]=NarrowOop [104]=Oop [112]=NarrowOop }
                      ;*invokevirtual length {reexecute=0 rethrow=0 return_oop=0}
                      ; - jdk.internal.loader.URLClassPath$FileLoader$1::getContentLength@4
                      ; - jdk.internal.loader.Resource::getBytes@10
                      ; - java.net.URLClassLoader::defineClass@179
                      ; - java.net.URLClassLoader$1::run@43
  0x000002dfc7cc8edc: a05b 57ff 

  0x000002dfc7cc8ee0: ;   {other}
  0x000002dfc7cc8ee0: 0f1f 8400 | d02f 0022 | 4d8b 97b8 | 0100 004d | 8bda 4983 | c310 448b | c841 8be9 | 4d3b 9fc8 
  0x000002dfc7cc8f00: 0100 000f | 83bf 3700 | 004d 899f | b801 0000 | 410f 1883 | 0001 0000 | 49c7 0201 | 0000 0041 
  0x000002dfc7cc8f20: 0f18 8340 

  0x000002dfc7cc8f24: ;   {metadata({type array byte})}
  0x000002dfc7cc8f24: 0100 0041 | c742 0845 | 8100 2041 | 0f18 8380 | 0100 0045 | 8962 0c44 | 8bdd 4183 | fbff 0f84 
  0x000002dfc7cc8f44: 1061 0000 | 4585 db7f | 1644 8b5c | 2470 4585 | db0f 8417 | 5400 0049 | 8bea e9b4 | faff ff44 
  0x000002dfc7cc8f64: 899c 2488 | 0000 004c | 8994 2480 | 0000 0044 | 8b54 2470 | 4c89 9424 | 9000 0000 | 4533 c045 
  0x000002dfc7cc8f84: 33c9 453b | c10f 8c25 | 2600 008b | 8c24 8800 | 0000 448b | d145 2bd0 | 418d 8900 | 0400 0044 
  0x000002dfc7cc8fa4: 3bd1 440f | 4fd1 4489 | 9424 b400 | 0000 4585 | d20f 8c3d | 4c00 0045 | 8bd8 448b | 9424 b400 
  0x000002dfc7cc8fc4: 0000 4503 | da44 899c | 248c 0000 | 004c 8b94 | 2480 0000 | 0049 83c2 | 104c 8994 | 2498 0000 
  0x000002dfc7cc8fe4: 0045 8bd3 | 453b d10f | 84a8 2a00 | 0045 8bda | 4181 fb00 | 0010 000f | 87bb 4000 | 004d 63d3 
  0x000002dfc7cc9004: 4d8b da44 | 3b8c 248c | 0000 0041 | 8be9 448b | 9424 8c00 | 0000 410f | 4fea 443b | cd0f 820c 
  0x000002dfc7cc9024: ;   {no_reloc}
  0x000002dfc7cc9024: 4100 0044 | 3bd5 0f82 | 0341 0000 | 4d8d 5317 | 4c89 9424 | a000 0000 | 4983 e2f8 | 4c89 9424 
  0x000002dfc7cc9044: a800 0000 | 448b 9c24 | 8c00 0000 | 4181 fb00 | 0010 000f | 87c3 3000 | 004d 8b97 | b801 0000 
  0x000002dfc7cc9064: 4d8b ca4d | 8bda 4c8b | 9424 a800 | 0000 4d03 | da4d 3b9f | c801 0000 | 0f83 9e30 | 0000 4d89 
  0x000002dfc7cc9084: 9fb8 0100 | 0041 0f18 | 8300 0100 | 004d 8bd1 | 49c7 0201 | 0000 0041 | 0f18 8340 

  0x000002dfc7cc90a0: ;   {metadata({type array byte})}
  0x000002dfc7cc90a0: 0100 0041 | c742 0845 | 8100 2044 | 8b94 248c | 0000 0045 | 8951 0c41 | 0f18 8380 | 0100 0044 
  0x000002dfc7cc90c0: 8984 24b0 | 0000 004d | 8bd1 498b | da49 83c2 | 104d 8bca | 4c8b 9424 | a000 0000 | 49c1 ea03 
  0x000002dfc7cc90e0: 498b ca85 | ed0f 84dc | 3f00 003b | ac24 8c00 | 0000 0f8c | c428 0000 | 4c8b 9424 | a800 0000 
  0x000002dfc7cc9100: 4983 c2f0 | 49c1 ea03 | 488b 8c24 | 9800 0000 | 498b d14d | 8bc2 c5f8 | 7749 ba60 | 8122 c7df 
  0x000002dfc7cc9120: 0200 0041 

  0x000002dfc7cc9124: ;   {other}
  0x000002dfc7cc9124: ffd2 0f1f | 8400 0000 | 0000 4889 | 4424 f88b | 8424 b400 | 0000 8984 | 2440 0100 | 0048 8b44 
  0x000002dfc7cc9144: 24f8 4889 | 9c24 4801 | 0000 448b | 5424 7045 | 8b5a 084c | 8b94 2448 | 0100 0045 | 8b52 0c44 
  0x000002dfc7cc9164: 8994 248c 

  0x000002dfc7cc9168: ;   {metadata('java/util/zip/ZipFile$ZipFileInflaterInputStream')}
  0x000002dfc7cc9168: 0000 0041 | 81fb 4919 | 0120 0f85 | 1023 0000 | 4c8b 9424 | 9000 0000 | 4c89 9424 | 8000 0000 
  0x000002dfc7cc9188: 410f b66a | 1485 ed0f | 85ab 4a00 | 008b ac24 | 8c00 0000 | 0bac 24b0 | 0000 000b | ac24 4001 
  0x000002dfc7cc91a8: 0000 85ed | 0f8c c646 | 0000 8bac | 248c 0000 | 002b ac24 | b000 0000 | 448b 9424 | 4001 0000 
  0x000002dfc7cc91c8: 443b d50f | 8fcf 4a00 | 0045 85d2 | 0f84 6d1d | 0000 4c8b | 9424 8000 | 0000 458b | 5218 4489 
  0x000002dfc7cc91e8: 9424 9800 | 0000 458b | 5a30 4585 | db0f 8491 | 3f00 004d | 8bd3 4c89 | 9424 a000 | 0000 4c8b 
  0x000002dfc7cc9208: 9c24 a000 | 0000 488d | 9c24 5001 | 0000 498b | 03a8 020f | 8523 0000 | 0048 83c8 | 0148 8903 
  0x000002dfc7cc9228: f049 0fb1 | 1b0f 8437 | 0000 0048 | 2bc4 4825 | 07f0 ffff | 4889 03e9 | 2400 0000 | 4c8b d048 
  0x000002dfc7cc9248: 33c0 f04d | 0fb1 7a3e | 48c7 0303 | 0000 0074 | 114c 3bf8 | 7515 49ff | 8286 0000 | 0048 33c0 
  0x000002dfc7cc9268: ;   {no_reloc}
  0x000002dfc7cc9268: 7509 49ff | 8748 0500 | 0033 c00f | 8577 3f00 | 0044 8b94 | 2498 0000 | 0041 0fb6 | 5a2c 4c8b 
  0x000002dfc7cc9288: 9c24 a000 | 0000 488d | 8424 5001 | 0000 4883 | 3800 0f84 | 7900 0000 | 4d8b 1341 | f6c2 020f 
  0x000002dfc7cc92a8: 8462 0000 | 0049 83ba | 8600 0000 | 0074 0949 | ff8a 8600 | 0000 eb4b | 498b 8296 | 0000 0049 
  0x000002dfc7cc92c8: 0b82 8e00 | 0000 750a | 49c7 423e | 0000 0000 | eb3d 4983 | ba9e 0000 | 0000 7422 | 4833 c049 
  0x000002dfc7cc92e8: c742 3e00 | 0000 00f0 | 8304 2400 | 4983 ba9e | 0000 0000 | 750d f04d | 0fb1 7a3e | 7505 83c8 
  0x000002dfc7cc9308: 01eb 0ca8 | 00eb 084c | 8b10 f04d | 0fb1 1375 | 0a49 ff8f | 4805 0000 | 4533 d20f | 85f8 3e00 
  0x000002dfc7cc9328: 0085 db0f | 8567 1300 | 004c 8b94 | 2480 0000 | 0045 8b5a | 1844 899c | 2498 0000 | 0045 8b5b 
  0x000002dfc7cc9348: 3045 85db | 0f84 fa3e | 0000 4d8b | d34c 8994 | 24a0 0000 | 004c 8b9c | 24a0 0000 | 0048 8d9c 
  0x000002dfc7cc9368: ;   {no_reloc}
  0x000002dfc7cc9368: 2450 0100 | 0049 8b03 | a802 0f85 | 2300 0000 | 4883 c801 | 4889 03f0 | 490f b11b | 0f84 3700 
  0x000002dfc7cc9388: 0000 482b | c448 2507 | f0ff ff48 | 8903 e924 | 0000 004c | 8bd0 4833 | c0f0 4d0f | b17a 3e48 
  0x000002dfc7cc93a8: c703 0300 | 0000 7411 | 4c3b f875 | 1549 ff82 | 8600 0000 | 4833 c075 | 0949 ff87 | 4805 0000 
  0x000002dfc7cc93c8: 33c0 0f85 | 443f 0000 | 448b 9c24 | 9800 0000 | 410f b66b | 2e4c 8b9c | 24a0 0000 | 0048 8d84 
  0x000002dfc7cc93e8: 2450 0100 | 0048 8338 | 000f 8479 | 0000 004d | 8b13 41f6 | c202 0f84 | 6200 0000 | 4983 ba86 
  0x000002dfc7cc9408: 0000 0000 | 7409 49ff | 8a86 0000 | 00eb 4b49 | 8b82 9600 | 0000 490b | 828e 0000 | 0075 0a49 
  0x000002dfc7cc9428: c742 3e00 | 0000 00eb | 3d49 83ba | 9e00 0000 | 0074 2248 | 33c0 49c7 | 423e 0000 | 0000 f083 
  0x000002dfc7cc9448: 0424 0049 | 83ba 9e00 | 0000 0075 | 0df0 4d0f | b17a 3e75 | 0583 c801 | eb0c a800 | eb08 4c8b 
  0x000002dfc7cc9468: ;   {no_reloc}
  0x000002dfc7cc9468: 10f0 4d0f | b113 750a | 49ff 8f48 | 0500 0045 | 33d2 0f85 | c13e 0000 | 85ed 0f85 | 8c4e 0000 
  0x000002dfc7cc9488: 4c8b 9424 | 8000 0000 | 458b 5218 | 4489 9424 | 9800 0000 

  0x000002dfc7cc949c: ; implicit exception: dispatches to 0x000002dfc7cd0108
  0x000002dfc7cc949c: 458b 5a30 | 4489 9c24 | 9c00 0000 | 4585 db0f | 84ff 3d00 | 004d 8bd3 | 4c89 9424 | a000 0000 
  0x000002dfc7cc94bc: 4c8b 9c24 | a000 0000 | 488d 9c24 | 5001 0000 | 498b 03a8 | 020f 8523 | 0000 0048 | 83c8 0148 
  0x000002dfc7cc94dc: 8903 f049 | 0fb1 1b0f | 8437 0000 | 0048 2bc4 | 4825 07f0 | ffff 4889 | 03e9 2400 | 0000 4c8b 
  0x000002dfc7cc94fc: d048 33c0 | f04d 0fb1 | 7a3e 48c7 | 0303 0000 | 0074 114c | 3bf8 7515 | 49ff 8286 | 0000 0048 
  0x000002dfc7cc951c: 33c0 7509 | 49ff 8748 | 0500 0033 | c00f 853d | 3e00 0044 | 8b94 2498 | 0000 0045 | 8b52 3445 
  0x000002dfc7cc953c: 85d2 751d | 448b 9424 | 9800 0000 | 458b 5a0c | 458b 5220 | 453b d30f | 84e4 1900 | 0033 dbeb 
  0x000002dfc7cc955c: 1645 8b5a | 1c45 8b42 

  0x000002dfc7cc9564: ;   {no_reloc}
  0x000002dfc7cc9564: 1845 3bc3 | 0f8c 823e | 0000 bb01 | 0000 004c | 8b9c 24a0 | 0000 0048 | 8d84 2450 | 0100 0048 
  0x000002dfc7cc9584: 8338 000f | 8479 0000 | 004d 8b13 | 41f6 c202 | 0f84 6200 | 0000 4983 | ba86 0000 | 0000 7409 
  0x000002dfc7cc95a4: 49ff 8a86 | 0000 00eb | 4b49 8b82 | 9600 0000 | 490b 828e | 0000 0075 | 0a49 c742 | 3e00 0000 
  0x000002dfc7cc95c4: 00eb 3d49 | 83ba 9e00 | 0000 0074 | 2248 33c0 | 49c7 423e | 0000 0000 | f083 0424 | 0049 83ba 
  0x000002dfc7cc95e4: 9e00 0000 | 0075 0df0 | 4d0f b17a | 3e75 0583 | c801 eb0c | a800 eb08 | 4c8b 10f0 | 4d0f b113 
  0x000002dfc7cc9604: 750a 49ff | 8f48 0500 | 0045 33d2 | 0f85 873d | 0000 4c8b | 9424 8000 | 0000 458b | 5a18 85db 
  0x000002dfc7cc9624: 756e 4585 | db0f 8568 | f3ff ffba | f6ff ffff | 488b 6c24 | 204c 8b54 | 2438 4c89 | 5424 2044 
  0x000002dfc7cc9644: 8b5c 2440 | 4489 5c24 | 2844 8b54 | 2444 4489 | 5424 2c4c | 8b54 2468 | 4c89 5424 | 3844 8b5c 
  0x000002dfc7cc9664: ;   {no_reloc}
  0x000002dfc7cc9664: 245c 4489 | 5c24 404c | 8b94 2480 | 0000 004c | 8954 2450 | 448b 5c24 | 7444 895c | 2444 6690 
  0x000002dfc7cc9684: ;   {runtime_call UncommonTrapBlob}
  0x000002dfc7cc9684: c5f8 77e8 

  0x000002dfc7cc9688: ; ImmutableOopMap {rbp=Oop [32]=Oop [40]=NarrowOop [44]=NarrowOop [56]=Oop [64]=NarrowOop [80]=Oop [328]=Oop }
                      ;*invokevirtual inflate {reexecute=0 rethrow=0 return_oop=0}
                      ; - java.util.zip.InflaterInputStream::read@88
                      ; - jdk.internal.loader.Resource::getBytes@117
                      ; - java.net.URLClassLoader::defineClass@179
                      ; - java.net.URLClassLoader$1::run@43
  0x000002dfc7cc9688: 74af 57ff 

  0x000002dfc7cc968c: ;   {other}
  0x000002dfc7cc968c: 0f1f 8400 | 7c37 0023 

  0x000002dfc7cc9694: ; implicit exception: dispatches to 0x000002dfc7cd016c
  0x000002dfc7cc9694: 410f b66b | 2d85 ed0f | 85cb 4e00 | 0041 0fb6 | 6a24 85ed | 0f85 2a52 | 0000 458b | 520c 4c8b 
  0x000002dfc7cc96b4: 9c24 8000 | 0000 458b | 431c 4489 | 8424 9800 | 0000 458b | 580c 4489 | 9c24 9c00 | 0000 458b 
  0x000002dfc7cc96d4: ;   {metadata('java/util/zip/ZipFile$ZipFileInputStream')}
  0x000002dfc7cc96d4: 4208 4181 | f896 1801 | 200f 8501 | 4200 004c | 8994 24a0 | 0000 0045 | 8b5a 3044 | 899c 24a8 
  0x000002dfc7cc96f4: 0000 0045 | 85db 0f84 | 683d 0000 | 448b 9c24 | 9800 0000 | 4d8b d34c | 8994 24b8 | 0000 0044 
  0x000002dfc7cc9714: 8b94 24a8 | 0000 004c | 8994 24c0 | 0000 004c | 8b9c 24c0 | 0000 0048 | 8d9c 2450 | 0100 0049 
  0x000002dfc7cc9734: 8b03 a802 | 0f85 2300 | 0000 4883 | c801 4889 | 03f0 490f | b11b 0f84 | 3700 0000 | 482b c448 
  0x000002dfc7cc9754: 2507 f0ff | ff48 8903 | e924 0000 | 004c 8bd0 | 4833 c0f0 | 4d0f b17a | 3e48 c703 | 0300 0000 
  0x000002dfc7cc9774: 7411 4c3b | f875 1549 | ff82 8600 | 0000 4833 | c075 0949 | ff87 4805 | 0000 33c0 | 0f85 c641 
  0x000002dfc7cc9794: 0000 4c8b | 9424 a000 | 0000 458b | 5230 410f | b66a 1085 | ed0f 8589 | 5100 004c | 8b94 24a0 
  0x000002dfc7cc97b4: 0000 004d | 8b52 104c | 8994 24c8 | 0000 004d | 85d2 0f8f | e203 0000 | 498b 87b8 | 0100 004c 
  0x000002dfc7cc97d4: ;   {no_reloc}
  0x000002dfc7cc97d4: 8bd0 4983 | c230 4d3b | 97c8 0100 | 000f 8309 | 2f00 004d | 8997 b801 | 0000 410f | 1882 0001 
  0x000002dfc7cc97f4: 0000 48c7 | 0001 0000 | 0041 0f18 | 8240 0100 

  0x000002dfc7cc9804: ;   {metadata({type array byte})}
  0x000002dfc7cc9804: 00c7 4008 | 4581 0020 | 410f 1882 | 8001 0000 | c740 0c1e | 0000 004c | 8960 104c | 8960 184c 
  0x000002dfc7cc9824: 8960 204c | 8960 284c | 8bd0 4c89 | 9424 d000 | 0000 4c8b | 9424 a000 | 0000 458b | 5a30 4c8b 
  0x000002dfc7cc9844: 9424 c800 | 0000 49f7 | da4c 8994 | 24c8 0000 | 004c 8b94 | 24a0 0000 | 004c 8b84 | 24c8 0000 
  0x000002dfc7cc9864: 004d 8942 | 1045 8b5b | 1845 8b53 | 1844 8994 | 24ac 0000 | 0045 8b5a | 3444 899c | 24b4 0000 
  0x000002dfc7cc9884: 0045 85db | 0f84 4f45 | 0000 4d8b | d34c 8994 | 24d8 0000 | 0044 8b94 | 24ac 0000 | 004c 8994 
  0x000002dfc7cc98a4: 24e0 0000 | 004c 8b9c | 24d8 0000 | 0048 8d9c | 2458 0100 | 0049 8b03 | a802 0f85 | 2300 0000 
  0x000002dfc7cc98c4: 4883 c801 | 4889 03f0 | 490f b11b | 0f84 3700 | 0000 482b | c448 2507 | f0ff ff48 | 8903 e924 
  0x000002dfc7cc98e4: 0000 004c | 8bd0 4833 | c0f0 4d0f | b17a 3e48 | c703 0300 | 0000 7411 | 4c3b f875 | 1549 ff82 
  0x000002dfc7cc9904: ;   {no_reloc}
  0x000002dfc7cc9904: 8600 0000 | 4833 c075 | 0949 ff87 | 4805 0000 | 33c0 0f85 | 5848 0000 | 448b 9c24 | ac00 0000 
  0x000002dfc7cc9924: 418b 6b34 

  0x000002dfc7cc9928: ; implicit exception: dispatches to 0x000002dfc7cd0910
  0x000002dfc7cc9928: 448b 5508 

  0x000002dfc7cc992c: ;   {metadata('java/util/zip/ZipFile$Source$RandomAccessFileAccessor')}
  0x000002dfc7cc992c: 4181 fa30 | 0e01 200f | 855c 4800 | 004c 8bd5 | 458b 520c | 458b c245 | 85d2 0f84 | 5045 0000 
  0x000002dfc7cc994c: 4c8b 9424 | c800 0000 | 4d85 d20f | 8c7f 5700 

  0x000002dfc7cc995c: ;   {oop(a 'java/lang/Class'{0x00000000800b4218} = 'jdk/internal/misc/VM')}
  0x000002dfc7cc995c: 0049 ba18 | 420b 8000 | 0000 0041 | 8baa 9400 | 0000 83fd | 040f 8cf4 | 5200 004d | 8b97 7803 
  0x000002dfc7cc997c: 0000 498b | 2a44 8b55 

  0x000002dfc7cc9984: ;   {metadata('jdk/internal/misc/CarrierThread')}
  0x000002dfc7cc9984: 0841 81fa | 581d 0020 | 0f84 ea45 | 0000 498b | d04c 8b84 | 24c8 0000 | 0066 6690 

  0x000002dfc7cc99a0: ;   {optimized virtual_call}
  0x000002dfc7cc99a0: c5f8 77e8 

  0x000002dfc7cc99a4: ; ImmutableOopMap {[32]=Oop [40]=Oop [56]=Oop [64]=NarrowOop [68]=NarrowOop [72]=Oop [80]=Oop [92]=NarrowOop [104]=Oop [112]=NarrowOop [128]=Oop [144]=Oop [152]=NarrowOop [160]=Oop [168]=NarrowOop [172]=NarrowOop [180]=NarrowOop [184]=Oop [192]=Oop [208]=Oop [216]=Oop [224]=Oop [328]=Oop }
                      ;*invokevirtual seek0 {reexecute=0 rethrow=0 return_oop=0}
                      ; - java.io.RandomAccessFile::seek@22
                      ; - java.util.zip.ZipFile$Source$RandomAccessFileAccessor::seek@5
                      ; - java.util.zip.ZipFile$Source::readFullyAt@14
                      ; - java.util.zip.ZipFile$ZipFileInputStream::initDataOffset@41
                      ; - java.util.zip.ZipFile$ZipFileInputStream::read@16
                      ; - java.util.zip.ZipFile$ZipFileInflaterInputStream::fill@32
                      ; - java.util.zip.InflaterInputStream::read@78
                      ; - jdk.internal.loader.Resource::getBytes@117
                      ; - java.net.URLClassLoader::defineClass@179
                      ; - java.net.URLClassLoader$1::run@43
  0x000002dfc7cc99a4: d850 57ff 

  0x000002dfc7cc99a8: ;   {other}
  0x000002dfc7cc99a8: 0f1f 8400 | 983a 0024 | 448b 9424 | ac00 0000 | 418b 6a34 

  0x000002dfc7cc99bc: ; implicit exception: dispatches to 0x000002dfc7cd09f0
  0x000002dfc7cc99bc: 448b 5d08 

  0x000002dfc7cc99c0: ;   {metadata('java/util/zip/ZipFile$Source$RandomAccessFileAccessor')}
  0x000002dfc7cc99c0: 4181 fb30 | 0e01 200f | 8553 4800 | 004c 8bd5 | 458b 5a0c | 4489 9c24 | c800 0000 | 4585 db0f 
  0x000002dfc7cc99e0: 8427 4600 

  0x000002dfc7cc99e4: ;   {oop(a 'java/lang/Class'{0x00000000800b4218} = 'jdk/internal/misc/VM')}
  0x000002dfc7cc99e4: 0049 ba18 | 420b 8000 | 0000 0041 | 8baa 9400 | 0000 83fd | 040f 8cfd | 5200 004d | 8b97 7803 
  0x000002dfc7cc9a04: 0000 498b | 2a44 8b55 

  0x000002dfc7cc9a0c: ;   {metadata('jdk/internal/misc/CarrierThread')}
  0x000002dfc7cc9a0c: 0841 81fa | 581d 0020 | 0f84 d246 | 0000 498b | d34c 8b84 | 24d0 0000 | 0045 33c9 | bf1e 0000 
  0x000002dfc7cc9a2c: 0066 6690 

  0x000002dfc7cc9a30: ;   {optimized virtual_call}
  0x000002dfc7cc9a30: c5f8 77e8 

  0x000002dfc7cc9a34: ; ImmutableOopMap {[32]=Oop [40]=Oop [56]=Oop [64]=NarrowOop [68]=NarrowOop [72]=Oop [80]=Oop [92]=NarrowOop [104]=Oop [112]=NarrowOop [128]=Oop [144]=Oop [152]=NarrowOop [160]=Oop [168]=NarrowOop [172]=NarrowOop [180]=NarrowOop [184]=Oop [192]=Oop [200]=NarrowOop [208]=Oop [216]=Oop [224]=Oop [328]=Oop }
                      ;*invokevirtual readBytes0 {reexecute=0 rethrow=0 return_oop=0}
                      ; - java.io.RandomAccessFile::readBytes@9
                      ; - java.io.RandomAccessFile::read@4
                      ; - java.io.RandomAccessFile::readFully@13
                      ; - java.util.zip.ZipFile$Source$RandomAccessFileAccessor::readFully@7
                      ; - java.util.zip.ZipFile$Source::readFullyAt@45
                      ; - java.util.zip.ZipFile$ZipFileInputStream::initDataOffset@41
                      ; - java.util.zip.ZipFile$ZipFileInputStream::read@16
                      ; - java.util.zip.ZipFile$ZipFileInflaterInputStream::fill@32
                      ; - java.util.zip.InflaterInputStream::read@78
                      ; - jdk.internal.loader.Resource::getBytes@117
                      ; - java.net.URLClassLoader::defineClass@179
                      ; - java.net.URLClassLoader$1::run@43
  0x000002dfc7cc9a34: 4850 57ff 

  0x000002dfc7cc9a38: ;   {other}
  0x000002dfc7cc9a38: 0f1f 8400 | 283b 0025 | 85c0 0f8c | 3457 0000 | 83f8 1e0f | 8c33 5300 | 004c 8b9c | 24d8 0000 
  0x000002dfc7cc9a58: 0048 8d84 | 2458 0100 | 0048 8338 | 000f 8479 | 0000 004d | 8b13 41f6 | c202 0f84 | 6200 0000 
  0x000002dfc7cc9a78: 4983 ba86 | 0000 0000 | 7409 49ff | 8a86 0000 | 00eb 4b49 | 8b82 9600 | 0000 490b | 828e 0000 
  0x000002dfc7cc9a98: 0075 0a49 | c742 3e00 | 0000 00eb | 3d49 83ba | 9e00 0000 | 0074 2248 | 33c0 49c7 | 423e 0000 
  0x000002dfc7cc9ab8: 0000 f083 | 0424 0049 | 83ba 9e00 | 0000 0075 | 0df0 4d0f | b17a 3e75 | 0583 c801 | eb0c a800 
  0x000002dfc7cc9ad8: eb08 4c8b | 10f0 4d0f | b113 750a | 49ff 8f48 | 0500 0045 | 33d2 0f85 | bc47 0000 | 4c8b 9424 
  0x000002dfc7cc9af8: d000 0000 | 450f b652 | 134c 8b9c | 24d0 0000 | 0045 0fb6 | 4310 450f | b65b 124c | 8b8c 24d0 
  0x000002dfc7cc9b18: 0000 0041 | 0fb6 4911 | 41c1 e208 | 450b dac1 | e108 440b | c141 c1e3 | 1045 0bc3 

  0x000002dfc7cc9b34: ;   {no_reloc}
  0x000002dfc7cc9b34: 458b d049 | 81fa 504b | 0304 0f85 | 2057 0000 | 4d8b d145 | 0fb6 522d | 4c8b 9c24 | a000 0000 
  0x000002dfc7cc9b54: 4d8b 5b10 | 450f b649 | 2c4c 8b84 | 24d0 0000 | 0045 0fb6 | 402a 488b | 8c24 d000 | 0000 0fb6 
  0x000002dfc7cc9b74: 592b 41c1 | e208 450b | cac1 e308 | 440b c347 | 8d54 081e | 4d63 d24d | 03d3 4c89 | 9424 c800 
  0x000002dfc7cc9b94: 0000 4c8b | 9424 a000 | 0000 4c8b | 9c24 c800 | 0000 4d89 | 5a18 4d89 | 5a10 4c8b | 9424 a000 
  0x000002dfc7cc9bb4: 0000 4d8b | 5220 4d85 | d20f 84e3 | 1c00 004c | 639c 249c | 0000 004d | 3bda 0f8e | 6d0c 0000 
  0x000002dfc7cc9bd4: 458b da44 | 899c 2420 | 0100 0044 | 8b9c 2420 | 0100 0045 | 85db 0f8e | d44d 0000 | 4c8b 9424 
  0x000002dfc7cc9bf4: a000 0000 | 458b 5a30 

  0x000002dfc7cc9bfc: ; implicit exception: dispatches to 0x000002dfc7cd033c
  0x000002dfc7cc9bfc: 458b 5318 

  0x000002dfc7cc9c00: ; implicit exception: dispatches to 0x000002dfc7cd03cc
  0x000002dfc7cc9c00: 458b 5a18 | 4489 9c24 | 9c00 0000 

  0x000002dfc7cc9c0c: ; implicit exception: dispatches to 0x000002dfc7cd045c
  0x000002dfc7cc9c0c: 458b 5334 | 4489 9424 | ac00 0000 | 4585 d20f | 84b7 3800 | 004c 8994 | 24d0 0000 | 0044 8b9c 
  0x000002dfc7cc9c2c: 249c 0000 | 004d 8bd3 

  0x000002dfc7cc9c34: ;   {no_reloc}
  0x000002dfc7cc9c34: 4c89 9424 | d800 0000 | 4c8b 9c24 | d000 0000 | 488d 9c24 | 5801 0000 | 498b 03a8 | 020f 8523 
  0x000002dfc7cc9c54: 0000 0048 | 83c8 0148 | 8903 f049 | 0fb1 1b0f | 8437 0000 | 0048 2bc4 | 4825 07f0 | ffff 4889 
  0x000002dfc7cc9c74: 03e9 2400 | 0000 4c8b | d048 33c0 | f04d 0fb1 | 7a3e 48c7 | 0303 0000 | 0074 114c | 3bf8 7515 
  0x000002dfc7cc9c94: 49ff 8286 | 0000 0048 | 33c0 7509 | 49ff 8748 | 0500 0033 | c00f 85ce | 3c00 0044 | 8b94 249c 
  0x000002dfc7cc9cb4: 0000 0041 | 8b6a 3444 

  0x000002dfc7cc9cbc: ;   {metadata('java/util/zip/ZipFile$Source$RandomAccessFileAccessor')}
  0x000002dfc7cc9cbc: 8b5d 0841 | 81fb 300e | 0120 0f85 | d13c 0000 | 4c8b d545 | 8b5a 0c45 | 8bc3 4585 | db0f 8489 
  0x000002dfc7cc9cdc: 3800 004c | 8b94 24c8 | 0000 004d | 85d2 0f8c | 544d 0000 

  0x000002dfc7cc9cf0: ;   {oop(a 'java/lang/Class'{0x00000000800b4218} = 'jdk/internal/misc/VM')}
  0x000002dfc7cc9cf0: 49ba 1842 | 0b80 0000 | 0000 418b | aa94 0000 | 0083 fd04 | 0f8c c248 | 0000 4d8b | 9778 0300 
  0x000002dfc7cc9d10: 0049 8b2a | 448b 5d08 

  0x000002dfc7cc9d18: ;   {metadata('jdk/internal/misc/CarrierThread')}
  0x000002dfc7cc9d18: 4181 fb58 | 1d00 200f | 84f7 3800 | 0049 8bd0 | 4c8b 8424 | c800 0000 

  0x000002dfc7cc9d30: ;   {optimized virtual_call}
  0x000002dfc7cc9d30: c5f8 77e8 

  0x000002dfc7cc9d34: ; ImmutableOopMap {[32]=Oop [40]=Oop [56]=Oop [64]=NarrowOop [68]=NarrowOop [72]=Oop [80]=Oop [92]=NarrowOop [104]=Oop [112]=NarrowOop [128]=Oop [144]=Oop [152]=NarrowOop [156]=NarrowOop [160]=Oop [168]=NarrowOop [172]=NarrowOop [184]=Oop [192]=Oop [208]=Oop [216]=Oop [328]=Oop }
                      ;*invokevirtual seek0 {reexecute=0 rethrow=0 return_oop=0}
                      ; - java.io.RandomAccessFile::seek@22
                      ; - java.util.zip.ZipFile$Source$RandomAccessFileAccessor::seek@5
                      ; - java.util.zip.ZipFile$Source::readAt@14
                      ; - java.util.zip.ZipFile$ZipFileInputStream::read@76
                      ; - java.util.zip.ZipFile$ZipFileInflaterInputStream::fill@32
                      ; - java.util.zip.InflaterInputStream::read@78
                      ; - jdk.internal.loader.Resource::getBytes@117
                      ; - java.net.URLClassLoader::defineClass@179
                      ; - java.net.URLClassLoader$1::run@43
  0x000002dfc7cc9d34: 484d 57ff 

  0x000002dfc7cc9d38: ;   {other}
  0x000002dfc7cc9d38: 0f1f 8400 | 283e 0026 | 448b 9c24 | 9c00 0000 | 418b 6b34 

  0x000002dfc7cc9d4c: ; implicit exception: dispatches to 0x000002dfc7cd05ac
  0x000002dfc7cc9d4c: 448b 5508 

  0x000002dfc7cc9d50: ;   {metadata('java/util/zip/ZipFile$Source$RandomAccessFileAccessor')}
  0x000002dfc7cc9d50: 4181 fa30 | 0e01 200f | 85db 3c00 | 004c 8bd5 | 458b 520c | 458b ca45 | 85d2 0f84 | 4c39 0000 
  0x000002dfc7cc9d70: ;   {oop(a 'java/lang/Class'{0x00000000800b4218} = 'jdk/internal/misc/VM')}
  0x000002dfc7cc9d70: 49ba 1842 | 0b80 0000 | 0000 418b | aa94 0000 | 0083 fd04 | 0f8c e248 | 0000 4d8b | 9778 0300 
  0x000002dfc7cc9d90: 0049 8b2a | 448b 5d08 

  0x000002dfc7cc9d98: ;   {metadata('jdk/internal/misc/CarrierThread')}
  0x000002dfc7cc9d98: 4181 fb58 | 1d00 200f | 84bb 3900 | 0049 8bd1 | 4c8b 8424 | b800 0000 | 4533 c98b | bc24 2001 
  0x000002dfc7cc9db8: 0000 6690 

  0x000002dfc7cc9dbc: ;   {optimized virtual_call}
  0x000002dfc7cc9dbc: c5f8 77e8 

  0x000002dfc7cc9dc0: ; ImmutableOopMap {[32]=Oop [40]=Oop [56]=Oop [64]=NarrowOop [68]=NarrowOop [72]=Oop [80]=Oop [92]=NarrowOop [104]=Oop [112]=NarrowOop [128]=Oop [144]=Oop [160]=Oop [168]=NarrowOop [192]=Oop [208]=Oop [328]=Oop }
                      ;*invokevirtual readBytes0 {reexecute=0 rethrow=0 return_oop=0}
                      ; - java.io.RandomAccessFile::readBytes@9
                      ; - java.io.RandomAccessFile::read@4
                      ; - java.util.zip.ZipFile$Source$RandomAccessFileAccessor::read@7
                      ; - java.util.zip.ZipFile$Source::readAt@26
                      ; - java.util.zip.ZipFile$ZipFileInputStream::read@76
                      ; - java.util.zip.ZipFile$ZipFileInflaterInputStream::fill@32
                      ; - java.util.zip.InflaterInputStream::read@78
                      ; - jdk.internal.loader.Resource::getBytes@117
                      ; - java.net.URLClassLoader::defineClass@179
                      ; - java.net.URLClassLoader$1::run@43
  0x000002dfc7cc9dc0: bc4c 57ff 

  0x000002dfc7cc9dc4: ;   {other}
  0x000002dfc7cc9dc4: 0f1f 8400 | b43e 0027 | 8984 2498 | 0000 004c | 8b9c 24d0 | 0000 0048 | 8d84 2458 | 0100 0048 
  0x000002dfc7cc9de4: 8338 000f | 8479 0000 | 004d 8b13 | 41f6 c202 | 0f84 6200 | 0000 4983 | ba86 0000 | 0000 7409 
  0x000002dfc7cc9e04: 49ff 8a86 | 0000 00eb | 4b49 8b82 | 9600 0000 | 490b 828e | 0000 0075 | 0a49 c742 | 3e00 0000 
  0x000002dfc7cc9e24: 00eb 3d49 | 83ba 9e00 | 0000 0074 | 2248 33c0 | 49c7 423e | 0000 0000 | f083 0424 | 0049 83ba 
  0x000002dfc7cc9e44: 9e00 0000 | 0075 0df0 | 4d0f b17a | 3e75 0583 | c801 eb0c | a800 eb08 | 4c8b 10f0 | 4d0f b113 
  0x000002dfc7cc9e64: 750a 49ff | 8f48 0500 | 0045 33d2 | 0f85 4e3c | 0000 448b | 9c24 9800 | 0000 4585 | db0f 8e99 
  0x000002dfc7cc9e84: 4800 004c | 8b94 24a0 | 0000 0049 | 8b5a 204d | 8b52 104d | 63db 4d03 | d34c 8b84 | 24a0 0000 
  0x000002dfc7cc9ea4: 004d 8950 | 1049 2bdb | 4d8b d049 | 895a 204c | 8b9c 24c0 | 0000 0048 | 8d84 2450 

  0x000002dfc7cc9ec0: ;   {no_reloc}
  0x000002dfc7cc9ec0: 0100 0048 | 8338 000f | 8479 0000 | 004d 8b13 | 41f6 c202 | 0f84 6200 | 0000 4983 | ba86 0000 
  0x000002dfc7cc9ee0: 0000 7409 | 49ff 8a86 | 0000 00eb | 4b49 8b82 | 9600 0000 | 490b 828e | 0000 0075 | 0a49 c742 
  0x000002dfc7cc9f00: 3e00 0000 | 00eb 3d49 | 83ba 9e00 | 0000 0074 | 2248 33c0 | 49c7 423e | 0000 0000 | f083 0424 
  0x000002dfc7cc9f20: 0049 83ba | 9e00 0000 | 0075 0df0 | 4d0f b17a | 3e75 0583 | c801 eb0c | a800 eb08 | 4c8b 10f0 
  0x000002dfc7cc9f40: 4d0f b113 | 750a 49ff | 8f48 0500 | 0045 33d2 | 0f85 993b | 0000 4885 | db0f 85e3 | e7ff ff4c 
  0x000002dfc7cc9f60: 8b94 24a0 | 0000 0045 | 0fb6 520c | 4585 d20f | 85cd e7ff | ff4c 8b94 | 24a0 0000 | 0041 c642 
  0x000002dfc7cc9f80: 0c01 f083 | 4424 c000 | 458b 5a30 | 4d89 6220 

  0x000002dfc7cc9f90: ; implicit exception: dispatches to 0x000002dfc7cd0b00
  0x000002dfc7cc9f90: 458b 5318 

  0x000002dfc7cc9f94: ; implicit exception: dispatches to 0x000002dfc7cd0b70
  0x000002dfc7cc9f94: 458b 520c | 4489 9424 | 9c00 0000 | 4585 d20f | 84bf 4800 | 004c 8994 | 24a8 0000 | 004c 8b9c 
  0x000002dfc7cc9fb4: 24a8 0000 | 0048 8d9c | 2450 0100 

  0x000002dfc7cc9fc0: ;   {no_reloc}
  0x000002dfc7cc9fc0: 0049 8b03 | a802 0f85 | 2300 0000 | 4883 c801 | 4889 03f0 | 490f b11b | 0f84 3700 | 0000 482b 
  0x000002dfc7cc9fe0: c448 2507 | f0ff ff48 | 8903 e924 | 0000 004c | 8bd0 4833 | c0f0 4d0f | b17a 3e48 | c703 0300 
  0x000002dfc7cca000: 0000 7411 | 4c3b f875 | 1549 ff82 | 8600 0000 | 4833 c075 | 0949 ff87 | 4805 0000 | 33c0 0f85 
  0x000002dfc7cca020: 6c4b 0000 | 4c8b 9424 | a000 0000 | 458b 5230 

  0x000002dfc7cca030: ; implicit exception: dispatches to 0x000002dfc7cd0be0
  0x000002dfc7cca030: 458b 5a18 

  0x000002dfc7cca034: ; implicit exception: dispatches to 0x000002dfc7cd0c70
  0x000002dfc7cca034: 418b 6b0c 

  0x000002dfc7cca038: ; implicit exception: dispatches to 0x000002dfc7cd0d00
  0x000002dfc7cca038: 448b 5508 

  0x000002dfc7cca03c: ;   {metadata('java/util/Collections$SetFromMap')}
  0x000002dfc7cca03c: 4181 fafd | 5300 200f | 8568 4b00 | 004c 8bd5 | 458b 5a0c | 458b d345 

  0x000002dfc7cca054: ;   {metadata('java/util/WeakHashMap')}
  0x000002dfc7cca054: 8b4b 0841 | 81f9 6a52 | 0020 0f85 | fe19 0000 | 4d8b d34c | 8994 24b8 | 0000 004c | 8b94 24a0 
  0x000002dfc7cca074: 0000 004d | 8b12 4d8b | da49 83e3 | 0349 83fb | 010f 8524 | 1f00 0049 | c1ea 0841 | 8bc2 25ff 
  0x000002dfc7cca094: ffff 7f85 | c00f 8410 | 1f00 004c | 8b94 24b8 | 0000 0045 | 8b52 2844 | 8bc0 41c1 | e80c 448b 
  0x000002dfc7cca0b4: c841 c1e9 | 1445 33c8 | 4433 c841 | 8bd9 c1eb | 0445 8bd9 | 41c1 eb07 | 458b c345 | 33c1 458b 
  0x000002dfc7cca0d4: d844 33db | 4489 9c24 | b400 0000 

  0x000002dfc7cca0e0: ; implicit exception: dispatches to 0x000002dfc7cd0e20
  0x000002dfc7cca0e0: 458b 5a08 

  0x000002dfc7cca0e4: ;   {metadata('java/lang/ref/ReferenceQueue')}
  0x000002dfc7cca0e4: 4181 fbed | c600 200f | 858b 4d00 | 004c 8994 | 24c0 0000 | 0045 3b62 | 0c0f 8526 | 1600 004c 
  0x000002dfc7cca104: 8b94 24b8 | 0000 0045 | 8b5a 2441 | 8bdb 458b | 430c 458d | 50ff 458b | da44 239c | 24b4 0000 
  0x000002dfc7cca124: 0045 8beb | 4585 c00f | 861b 4e00 | 004c 8bcb | 448b db4b | 8d7c ab10 | 448b 1745 | 85d2 0f84 
  0x000002dfc7cca144: 57e5 ffff | 4d8b f24c | 8994 24c8 | 0000 0045 | 8b5e 2444 | 899c 24c0 | 0000 0045 | 8b56 1c49 
  0x000002dfc7cca164: 8bf3 448b | 8424 b400 | 0000 453b | c20f 852c | 1100 0045 | 8b56 0c4c | 8b9c 24a0 | 0000 004d 
  0x000002dfc7cca184: 3bd3 0f84 | a3e4 ffff | 418b 6e0c | 4180 7f40 | 000f 8478 | e4ff ff85 | ed0f 8470 | e4ff ff4d 
  0x000002dfc7cca1a4: 8b57 2848 | 8bcd 4d85 | d20f 854f | e4ff ff49 | 8bd7 c5f8 | 7749 ba70 | ed3e 37f9 | 7f00 0041 
  0x000002dfc7cca1c4: ;   {other}
  0x000002dfc7cca1c4: ffd2 0f1f | 8400 0000 | 0000 e940 

  0x000002dfc7cca1d0: ;   {metadata('jdk/internal/loader/URLClassPath$FileLoader$1')}
  0x000002dfc7cca1d0: e4ff ff41 | 81fb 8de6 | 0c20 0f85 | 943b 0000 | 4533 d2e9 | 3edc ffff 

  0x000002dfc7cca1e8: ;   {metadata('jdk/internal/loader/URLClassPath$FileLoader$1')}
  0x000002dfc7cca1e8: 4181 fa8d | e60c 200f | 85e6 4000 | 0048 8bef | 448b 551c 

  0x000002dfc7cca1fc: ; implicit exception: dispatches to 0x000002dfc7cd0ad0
  0x000002dfc7cca1fc: 458b 520c | e9aa d3ff 

  0x000002dfc7cca204: ;   {metadata('jdk/internal/loader/URLClassPath$FileLoader$1')}
  0x000002dfc7cca204: ff81 fb8d | e60c 200f | 851f 4200 | 0033 c044 | 896c 2444 | 4489 4424 | 58e9 7ed8 

  0x000002dfc7cca220: ;   {metadata('jdk/internal/loader/URLClassPath$FileLoader$1')}
  0x000002dfc7cca220: ffff 81fb | 8de6 0c20 | 0f85 d642 | 0000 4c8b | df49 8b87 | b801 0000 | 488b d048 | 83c2 2049 
  0x000002dfc7cca240: 3b97 c801 | 0000 0f83 | 3c2a 0000 | 4989 97b8 | 0100 000f | 1882 0001 | 0000 48c7 | 0001 0000 
  0x000002dfc7cca260: ;   {metadata('java/io/FileInputStream')}
  0x000002dfc7cca260: 00c7 4008 | dbdd 0020 | 4489 600c | 4c89 6010 | 4c89 6018 | 4889 7c24 | 3844 896c | 2444 4c89 
  0x000002dfc7cca280: 4c24 4848 | 894c 2450 | 4489 4424 | 5844 8954 | 245c 895c | 2460 4c89 | 5c24 684c | 8bd0 4c89 
  0x000002dfc7cca2a0: 5424 704c | 8b54 2468 | 418b 6a18 | 498b 87b8 | 0100 004c | 8bd0 4983 | c210 4d3b | 97c8 0100 
  0x000002dfc7cca2c0: 000f 830a | 2a00 004d | 8997 b801 | 0000 410f | 1882 0001 | 0000 48c7 | 0001 0000 

  0x000002dfc7cca2dc: ;   {metadata('java/lang/Object')}
  0x000002dfc7cca2dc: 00c7 4008 | 4982 0020 | 4489 600c | 4c8b 5424 | 704c 8bc0 | 4c8b 5c24 | 7045 8943 | 1c4c 8bd8 
  0x000002dfc7cca2fc: 4d33 da49 | c1eb 144d | 85db 741a | 49c1 ea09 | 48b9 0000 | 8cce df02 | 0000 4903 | ca80 3902 
  0x000002dfc7cca31c: 0f85 8f1b | 0000 85ed | 0f84 b10a | 0000 448b | 5510 4c8b | dd4c 8994 | 2480 0000 | 0049 8beb 
  0x000002dfc7cca33c: ;   {static_call}
  0x000002dfc7cca33c: c5f8 77e8 

  0x000002dfc7cca340: ; ImmutableOopMap {rbp=Oop [32]=Oop [40]=Oop [56]=Oop [64]=NarrowOop [68]=NarrowOop [72]=Oop [80]=Oop [92]=NarrowOop [104]=Oop [112]=Oop [128]=Oop }
                      ;*invokestatic getSecurityManager {reexecute=0 rethrow=0 return_oop=1}
                      ; - java.io.FileInputStream::<init>@28
                      ; - jdk.internal.loader.URLClassPath$FileLoader$1::getInputStream@8
                      ; - jdk.internal.loader.Resource::cachedInputStream@9
                      ; - jdk.internal.loader.Resource::getByteBuffer@1
                      ; - java.net.URLClassLoader::defineClass@132
                      ; - java.net.URLClassLoader$1::run@43
  0x000002dfc7cca340: 3c4d 57ff 

  0x000002dfc7cca344: ;   {other}
  0x000002dfc7cca344: 0f1f 8400 | 3444 0028 | 4885 c074 | 1b48 8bd0 | 4c8b 8424 | 8000 0000 

  0x000002dfc7cca35c: ;   {optimized virtual_call}
  0x000002dfc7cca35c: c5f8 77e8 

  0x000002dfc7cca360: ; ImmutableOopMap {rbp=Oop [32]=Oop [40]=Oop [56]=Oop [64]=NarrowOop [68]=NarrowOop [72]=Oop [80]=Oop [92]=NarrowOop [104]=Oop [112]=Oop [128]=Oop }
                      ;*invokevirtual checkRead {reexecute=0 rethrow=0 return_oop=0}
                      ; - java.io.FileInputStream::<init>@38
                      ; - jdk.internal.loader.URLClassPath$FileLoader$1::getInputStream@8
                      ; - jdk.internal.loader.Resource::cachedInputStream@9
                      ; - jdk.internal.loader.Resource::getByteBuffer@1
                      ; - java.net.URLClassLoader::defineClass@132
                      ; - java.net.URLClassLoader$1::run@43
  0x000002dfc7cca360: 1c47 57ff 

  0x000002dfc7cca364: ;   {other}
  0x000002dfc7cca364: 0f1f 8400 | 5444 0029 | 4c8b 9424 | 8000 0000 | 4d85 d20f | 8433 4100 | 004c 8bdd | 4d85 db0f 
  0x000002dfc7cca384: 8457 4100 | 0049 8bea | 498b d390 

  0x000002dfc7cca390: ;   {optimized virtual_call}
  0x000002dfc7cca390: c5f8 77e8 

  0x000002dfc7cca394: ; ImmutableOopMap {rbp=Oop [32]=Oop [40]=Oop [56]=Oop [64]=NarrowOop [68]=NarrowOop [72]=Oop [80]=Oop [92]=NarrowOop [104]=Oop [112]=Oop }
                      ;*invokevirtual isInvalid {reexecute=0 rethrow=0 return_oop=0}
                      ; - java.io.FileInputStream::<init>@54
                      ; - jdk.internal.loader.URLClassPath$FileLoader$1::getInputStream@8
                      ; - jdk.internal.loader.Resource::cachedInputStream@9
                      ; - jdk.internal.loader.Resource::getByteBuffer@1
                      ; - java.net.URLClassLoader::defineClass@132
                      ; - java.net.URLClassLoader$1::run@43
  0x000002dfc7cca394: e846 57ff 

  0x000002dfc7cca398: ;   {other}
  0x000002dfc7cca398: 0f1f 8400 | 8844 002a | 85c0 0f85 | 9441 0000 | 4d8b 8fb8 | 0100 004d | 8bd1 4983 | c228 4d3b 
  0x000002dfc7cca3b8: 97c8 0100 | 000f 832e | 2900 004d | 8997 b801 | 0000 410f | 1882 0001 | 0000 49c7 | 0101 0000 
  0x000002dfc7cca3d8: ;   {metadata('java/io/FileDescriptor')}
  0x000002dfc7cca3d8: 0041 c741 | 0834 de00 | 204d 8961 | 184d 8961 | 2041 c741 | 0cff ffff | ff49 c741 | 10ff ffff 
  0x000002dfc7cca3f8: ff41 807f | 4000 0f85 | 2c1a 0000 | 4c8b 4424 | 704d 8bd1 | 4d8b d849 | 8bd8 4d8b | c244 8943 
  0x000002dfc7cca418: 104d 8bc2 | 4d33 c349 | c1e8 144d | 85c0 0f84 | fc19 0000 | 49c1 eb09 | 48b9 0000 | 8cce df02 
  0x000002dfc7cca438: 0000 4903 | cb80 3902 | 0f85 bc1a | 0000 4c8b | c34c 8944 | 2470 498b | d266 6690 

  0x000002dfc7cca454: ;   {optimized virtual_call}
  0x000002dfc7cca454: c5f8 77e8 

  0x000002dfc7cca458: ; ImmutableOopMap {rbp=Oop [32]=Oop [40]=Oop [56]=Oop [64]=NarrowOop [68]=NarrowOop [72]=Oop [80]=Oop [92]=NarrowOop [104]=Oop [112]=Oop }
                      ;*invokevirtual attach {reexecute=0 rethrow=0 return_oop=0}
                      ; - java.io.FileInputStream::<init>@86
                      ; - jdk.internal.loader.URLClassPath$FileLoader$1::getInputStream@8
                      ; - jdk.internal.loader.Resource::cachedInputStream@9
                      ; - jdk.internal.loader.Resource::getByteBuffer@1
                      ; - java.net.URLClassLoader::defineClass@132
                      ; - java.net.URLClassLoader$1::run@43
  0x000002dfc7cca458: 2446 57ff 

  0x000002dfc7cca45c: ;   {other}
  0x000002dfc7cca45c: 0f1f 8400 | 4c45 002b | 4180 7f40 | 000f 8504 | 1a00 004c | 8b4c 2470 | 4d8b d148 | 8bdd 4c8b 
  0x000002dfc7cca47c: c345 8941 | 144c 8bdb | 4d33 da49 | c1eb 144d | 85db 741a | 49c1 ea09 | 48b9 0000 | 8cce df02 
  0x000002dfc7cca49c: 0000 4903 | ca80 3902 | 0f85 b21a | 0000 4889 | 5c24 7049 | 8be9 6690 

  0x000002dfc7cca4b4: ;   {static_call}
  0x000002dfc7cca4b4: c5f8 77e8 

  0x000002dfc7cca4b8: ; ImmutableOopMap {rbp=Oop [32]=Oop [40]=Oop [56]=Oop [64]=NarrowOop [68]=NarrowOop [72]=Oop [80]=Oop [92]=NarrowOop [104]=Oop [112]=Oop }
                      ;*invokestatic begin {reexecute=0 rethrow=0 return_oop=0}
                      ; - java.io.FileInputStream::open@0
                      ; - java.io.FileInputStream::<init>@96
                      ; - jdk.internal.loader.URLClassPath$FileLoader$1::getInputStream@8
                      ; - jdk.internal.loader.Resource::cachedInputStream@9
                      ; - jdk.internal.loader.Resource::getByteBuffer@1
                      ; - java.net.URLClassLoader::defineClass@132
                      ; - java.net.URLClassLoader$1::run@43
  0x000002dfc7cca4b8: c44b 57ff 

  0x000002dfc7cca4bc: ;   {other}
  0x000002dfc7cca4bc: 0f1f 8400 | ac45 002c | 4889 8424 | 8000 0000 | 488b d54c | 8b44 2470 

  0x000002dfc7cca4d4: ;   {optimized virtual_call}
  0x000002dfc7cca4d4: c5f8 77e8 

  0x000002dfc7cca4d8: ; ImmutableOopMap {rbp=Oop [32]=Oop [40]=Oop [56]=Oop [64]=NarrowOop [68]=NarrowOop [72]=Oop [80]=Oop [92]=NarrowOop [104]=Oop }
                      ;*invokevirtual open0 {reexecute=0 rethrow=0 return_oop=0}
                      ; - java.io.FileInputStream::open@6
                      ; - java.io.FileInputStream::<init>@96
                      ; - jdk.internal.loader.URLClassPath$FileLoader$1::getInputStream@8
                      ; - jdk.internal.loader.Resource::cachedInputStream@9
                      ; - jdk.internal.loader.Resource::getByteBuffer@1
                      ; - java.net.URLClassLoader::defineClass@132
                      ; - java.net.URLClassLoader$1::run@43
  0x000002dfc7cca4d8: a445 57ff 

  0x000002dfc7cca4dc: ;   {other}
  0x000002dfc7cca4dc: 0f1f 8400 | cc45 002d | 488b 9424 | 8000 0000 

  0x000002dfc7cca4ec: ;   {static_call}
  0x000002dfc7cca4ec: c5f8 77e8 

  0x000002dfc7cca4f0: ; ImmutableOopMap {rbp=Oop [32]=Oop [40]=Oop [56]=Oop [64]=NarrowOop [68]=NarrowOop [72]=Oop [80]=Oop [92]=NarrowOop [104]=Oop }
                      ;*invokestatic end {reexecute=0 rethrow=0 return_oop=0}
                      ; - java.io.FileInputStream::open@10
                      ; - java.io.FileInputStream::<init>@96
                      ; - jdk.internal.loader.URLClassPath$FileLoader$1::getInputStream@8
                      ; - jdk.internal.loader.Resource::cachedInputStream@9
                      ; - jdk.internal.loader.Resource::getByteBuffer@1
                      ; - java.net.URLClassLoader::defineClass@132
                      ; - java.net.URLClassLoader$1::run@43
  0x000002dfc7cca4f0: 8c4b 57ff 

  0x000002dfc7cca4f4: ;   {other}
  0x000002dfc7cca4f4: 0f1f 8400 | e445 002e | 448b 5d10 | 498b d390 

  0x000002dfc7cca504: ;   {static_call}
  0x000002dfc7cca504: c5f8 77e8 

  0x000002dfc7cca508: ; ImmutableOopMap {rbp=Oop [32]=Oop [40]=Oop [56]=Oop [64]=NarrowOop [68]=NarrowOop [72]=Oop [80]=Oop [92]=NarrowOop [104]=Oop }
                      ;*invokestatic register {reexecute=0 rethrow=0 return_oop=0}
                      ; - java.io.FileInputStream::<init>@103
                      ; - jdk.internal.loader.URLClassPath$FileLoader$1::getInputStream@8
                      ; - jdk.internal.loader.Resource::cachedInputStream@9
                      ; - jdk.internal.loader.Resource::getByteBuffer@1
                      ; - java.net.URLClassLoader::defineClass@132
                      ; - java.net.URLClassLoader$1::run@43
  0x000002dfc7cca508: 744b 57ff 

  0x000002dfc7cca50c: ;   {other}
  0x000002dfc7cca50c: 0f1f 8400 | fc45 002f | 488b dde9 | 07d7 ffff 

  0x000002dfc7cca51c: ;   {oop(""{0x0000000080000448})}
  0x000002dfc7cca51c: 48bb 4804 | 0080 0000 | 0000 e9bb | ceff ff41 | b8ff ffff | ff45 33d2 | 4c89 5424 | 7841 bbff 
  0x000002dfc7cca53c: ffff ffe9 | 4fd0 ffff | 4c8b 9424 | 8000 0000 | 458b 5218 | 4489 9424 | 9800 0000 

  0x000002dfc7cca558: ; implicit exception: dispatches to 0x000002dfc7cd109c
  0x000002dfc7cca558: 458b 5230 | 4585 d20f | 84cf 5300 | 004c 8994 | 24a0 0000 | 004c 8b9c | 24a0 0000 | 0048 8d9c 
  0x000002dfc7cca578: 2450 0100 | 0049 8b03 | a802 0f85 | 2300 0000 | 4883 c801 | 4889 03f0 | 490f b11b | 0f84 3700 
  0x000002dfc7cca598: 0000 482b | c448 2507 | f0ff ff48 | 8903 e924 | 0000 004c | 8bd0 4833 | c0f0 4d0f | b17a 3e48 
  0x000002dfc7cca5b8: c703 0300 | 0000 7411 | 4c3b f875 | 1549 ff82 | 8600 0000 | 4833 c075 | 0949 ff87 | 4805 0000 
  0x000002dfc7cca5d8: 33c0 0f85 | e353 0000 | 448b 9424 | 9800 0000 | 410f b67a | 2c4c 8b9c | 24a0 0000 | 0048 8d84 
  0x000002dfc7cca5f8: 2450 0100 | 0048 8338 | 000f 8479 | 0000 004d | 8b13 41f6 | c202 0f84 | 6200 0000 | 4983 ba86 
  0x000002dfc7cca618: ;   {no_reloc}
  0x000002dfc7cca618: 0000 0000 | 7409 49ff | 8a86 0000 | 00eb 4b49 | 8b82 9600 | 0000 490b | 828e 0000 | 0075 0a49 
  0x000002dfc7cca638: c742 3e00 | 0000 00eb | 3d49 83ba | 9e00 0000 | 0074 2248 | 33c0 49c7 | 423e 0000 | 0000 f083 
  0x000002dfc7cca658: 0424 0049 | 83ba 9e00 | 0000 0075 | 0df0 4d0f | b17a 3e75 | 0583 c801 | eb0c a800 | eb08 4c8b 
  0x000002dfc7cca678: 10f0 4d0f | b113 750a | 49ff 8f48 | 0500 0045 | 33d2 0f85 | 0853 0000 | 85ff 0f84 | 99ec ffff 
  0x000002dfc7cca698: 4c8b 9424 | 8000 0000 | 41c6 4215 | 0141 bbff | ffff ffe9 | 29e3 ffff | 448b 5520 | 4585 d20f 
  0x000002dfc7cca6b8: 84f9 d7ff | ff4d 8b5f | 2849 8bca | 4d85 db0f | 84eb 2100 | 004d 8b57 | 384b 894c | 1af8 4983 
  0x000002dfc7cca6d8: c3f8 4d89 | 5f28 e9d3 | d7ff ff4d | 8b57 584d | 8b5f 48f0 | 8344 24c0 | 0080 3900 | 0f84 f4d7 
  0x000002dfc7cca6f8: ffff 4488 | 214d 85db | 7520 498b | d7c5 f877 | 49ba 50ed | 3e37 f97f | 0000 41ff 

  0x000002dfc7cca714: ;   {other}
  0x000002dfc7cca714: d20f 1f84 | 0000 0000 | 00e9 ccd7 | ffff 4b89 | 4c1a f849 | 83c3 f84d | 895f 48e9 | bad7 ffff 
  0x000002dfc7cca734: 448b 5b14 | 4585 db0f | 846e ccff | ff4d 8b57 | 2849 8bcb | 4d85 d20f | 84b3 2400 | 004d 8b5f 
  0x000002dfc7cca754: 384b 894c | 13f8 4983 | c2f8 4d89 | 5728 e948 | ccff ff48 | 8b6c 2468 | 448b 5d14 | 4585 db0f 
  0x000002dfc7cca774: 84e0 d0ff | ff4d 8b57 | 2849 8bcb | 4d85 d20f | 849b 2400 | 004d 8b5f | 384b 894c | 13f8 4983 
  0x000002dfc7cca794: c2f8 4d89 | 5728 e9ba | d0ff ff4d | 8b57 584d | 8b5f 48f0 | 8344 24c0 | 0080 3900 | 0f84 2ccc 
  0x000002dfc7cca7b4: ffff 4488 | 214d 85db | 7520 498b | d7c5 f877 | 49ba 50ed | 3e37 f97f | 0000 41ff 

  0x000002dfc7cca7d0: ;   {other}
  0x000002dfc7cca7d0: d20f 1f84 | 0000 0000 | 00e9 04cc | ffff 4b89 | 4c1a f849 | 83c3 f84d | 895f 48e9 | f2cb ffff 
  0x000002dfc7cca7f0: 4d8b 5748 | 4d8b 5f58 | f083 4424 | c000 8039 | 000f 8485 | d0ff ff44 | 8821 4d85 | d275 2049 
  0x000002dfc7cca810: 8bd7 c5f8 | 7749 ba50 | ed3e 37f9 | 7f00 0041 

  0x000002dfc7cca820: ;   {other}
  0x000002dfc7cca820: ffd2 0f1f | 8400 0000 | 0000 e95d | d0ff ff4b | 894c 13f8 | 4983 c2f8 | 4d89 5748 | e94b d0ff 
  0x000002dfc7cca840: ff44 8b9c | 249c 0000 | 0044 899c | 2420 0100 | 00e9 89f3 | ffff 488b | 7c24 3844 | 8b57 0c45 
  0x000002dfc7cca860: 85d2 0f84 | cbd3 ffff | 4d8b 5f28 | 498b ca4d | 85db 0f84 | 2b25 0000 | 4d8b 5738 | 4b89 4c1a 
  0x000002dfc7cca880: f849 83c3 | f84d 895f | 28e9 a5d3 | ffff 4d8b | 5748 4d8b | 5f58 f083 | 4424 c000 | 8039 000f 
  0x000002dfc7cca8a0: 84c6 d3ff | ff44 8821 | 4d85 d275 | 2049 8bd7 | c5f8 7749 | ba50 ed3e | 37f9 7f00 | 0041 ffd2 
  0x000002dfc7cca8c0: ;   {other}
  0x000002dfc7cca8c0: 0f1f 8400 | 0000 0000 | e99e d3ff | ff4b 894c | 13f8 4983 | c2f8 4d89 | 5748 e98c | d3ff ff4c 
  0x000002dfc7cca8e0: 63c5 4d8d | 5810 498b | cb48 83e1 | f848 8bfe | 4803 f949 | c1eb 0349 | 2bd3 488b | ca48 33c0 
  0x000002dfc7cca900: 4883 f908 | 7f10 48ff | c978 4f48 | 8904 cf48 | ffc9 7df7 | eb44 c5fd | efc0 e90d | 0000 00c5 
  0x000002dfc7cca920: fe7f 07c5 | fe7f 4720 | 4883 c740 | 4883 e908 | 7ded 4883 | c104 7c0c | c5fe 7f07 | 4883 c720 
  0x000002dfc7cca940: 4883 e904 | 4883 c104 | 7e10 48ff | c9c5 f9d6 | 0748 83c7 | 0848 ffc9 | 7df3 498b | c949 8bd2 
  0x000002dfc7cca960: c5f8 7749 | bac0 7a22 | c7df 0200 | 0041 ffd2 

  0x000002dfc7cca970: ;   {other}
  0x000002dfc7cca970: 0f1f 8400 | 0000 0000 | e927 caff | ff49 8bd8 | 4d8b ca4c | 63c5 4d8d | 5010 4d8b | da49 83e3 
  0x000002dfc7cca990: f848 8bfb | 4903 fb49 | c1ea 034d | 8bd9 4d2b | da49 8bcb | 4833 c048 | 83f9 087f | 1048 ffc9 
  0x000002dfc7cca9b0: 784f 4889 | 04cf 48ff | c97d f7eb | 44c5 fdef | c0e9 0d00 | 0000 c5fe | 7f07 c5fe | 7f47 2048 
  0x000002dfc7cca9d0: 83c7 4048 | 83e9 087d | ed48 83c1 | 047c 0cc5 | fe7f 0748 | 83c7 2048 | 83e9 0448 | 83c1 047e 
  0x000002dfc7cca9f0: 1048 ffc9 | c5f9 d607 | 4883 c708 | 48ff c97d | f348 8b4c | 2470 c5f8 | 7749 bac0 | 7a22 c7df 
  0x000002dfc7ccaa10: 0200 0041 

  0x000002dfc7ccaa14: ;   {other}
  0x000002dfc7ccaa14: ffd2 0f1f | 8400 0000 | 0000 4c8b | c3e9 23ce | ffff 450f | b643 1145 | 85c0 0f85 | 83cf ffff 
  0x000002dfc7ccaa34: 418b eb90 

  0x000002dfc7ccaa38: ;   {static_call}
  0x000002dfc7ccaa38: c5f8 77e8 

  0x000002dfc7ccaa3c: ; ImmutableOopMap {rbp=NarrowOop [32]=Oop [40]=Oop [56]=Oop [64]=NarrowOop [68]=NarrowOop [72]=Oop [80]=Oop [92]=NarrowOop [96]=Oop [112]=Oop [160]=Oop }
                      ;*invokestatic beginInit {reexecute=0 rethrow=0 return_oop=1}
                      ; - java.util.jar.JarFile::ensureInitialization@31
                      ; - java.util.jar.JavaUtilJarAccessImpl::ensureInitialization@1
                      ; - jdk.internal.loader.URLClassPath$JarLoader$2::getManifest@10
                      ; - java.net.URLClassLoader::defineClass@34
                      ; - java.net.URLClassLoader$1::run@43
  0x000002dfc7ccaa3c: b978 0000 

  0x000002dfc7ccaa40: ;   {other}
  0x000002dfc7ccaa40: 0f1f 8400 | 304b 0030 | 4889 4424 | 6848 8b54 | 2470 6690 

  0x000002dfc7ccaa54: ;   {optimized virtual_call}
  0x000002dfc7ccaa54: c5f8 77e8 

  0x000002dfc7ccaa58: ; ImmutableOopMap {rbp=NarrowOop [32]=Oop [40]=Oop [56]=Oop [64]=NarrowOop [68]=NarrowOop [72]=Oop [80]=Oop [92]=NarrowOop [96]=Oop [104]=Oop [112]=Oop [160]=Oop }
                      ;*invokevirtual initializeVerifier {reexecute=0 rethrow=0 return_oop=0}
                      ; - java.util.jar.JarFile::ensureInitialization@36
                      ; - java.util.jar.JavaUtilJarAccessImpl::ensureInitialization@1
                      ; - jdk.internal.loader.URLClassPath$JarLoader$2::getManifest@10
                      ; - java.net.URLClassLoader::defineClass@34
                      ; - java.net.URLClassLoader$1::run@43
  0x000002dfc7ccaa58: ac78 0000 

  0x000002dfc7ccaa5c: ;   {other}
  0x000002dfc7ccaa5c: 0f1f 8400 | 4c4b 0031 | 448b dd41 | c643 1101 | 488b 5424 | 6848 8b6c | 2420 6690 

  0x000002dfc7ccaa78: ;   {static_call}
  0x000002dfc7ccaa78: c5f8 77e8 

  0x000002dfc7ccaa7c: ; ImmutableOopMap {rbp=Oop [32]=Oop [40]=Oop [56]=Oop [64]=NarrowOop [68]=NarrowOop [72]=Oop [80]=Oop [92]=NarrowOop [96]=Oop [112]=Oop [160]=Oop }
                      ;*invokestatic endInit {reexecute=0 rethrow=0 return_oop=0}
                      ; - java.util.jar.JarFile::ensureInitialization@45
                      ; - java.util.jar.JavaUtilJarAccessImpl::ensureInitialization@1
                      ; - jdk.internal.loader.URLClassPath$JarLoader$2::getManifest@10
                      ; - java.net.URLClassLoader::defineClass@34
                      ; - java.net.URLClassLoader$1::run@43
  0x000002dfc7ccaa7c: 9778 0000 

  0x000002dfc7ccaa80: ;   {other}
  0x000002dfc7ccaa80: 0f1f 8400 | 704b 0032 | e92a cfff | ff45 8b59 | 0c45 8b51 | 084d 63c3 | 498b e949 | c1e0 0241 
  0x000002dfc7ccaaa0: 81fb 0000 | 0400 0f87 | 8a24 0000 | 498b bfb8 | 0100 0049 | 8d48 1748 | 83e1 f848 | 8bd7 4803 
  0x000002dfc7ccaac0: d149 3b97 | c801 0000 | 0f83 6824 | 0000 4989 | 97b8 0100 | 000f 1882 | 0001 0000 | 48c7 0701 
  0x000002dfc7ccaae0: 0000 0044 | 8957 0844 | 895f 0c0f | 1882 4001 | 0000 0f18 | 8280 0100 | 0049 8d49 | 1048 8bd7 
  0x000002dfc7ccab00: 4883 c210 | 4983 c007 | 49c1 e803 | c5f8 7749 | ba60 8122 | c7df 0200 | 0041 ffd2 

  0x000002dfc7ccab1c: ;   {other}
  0x000002dfc7ccab1c: 0f1f 8400 | 0000 0000 | e99f 0200 | 0049 8b87 | b801 0000 | 4c8b d049 | 83c2 1849 | 8bce 4d3b 
  0x000002dfc7ccab3c: 97c8 0100 | 000f 83ad | 2400 004d | 8997 b801 | 0000 410f | 1882 0001 | 0000 48c7 | 0001 0000 
  0x000002dfc7ccab5c: ;   {metadata('java/util/ArrayList')}
  0x000002dfc7ccab5c: 00c7 4008 | 45ae 0020 | 4489 600c | 4489 6010 

  0x000002dfc7ccab6c: ;   {oop(a 'java/lang/Object'[0] {0x0000000080003910})}
  0x000002dfc7ccab6c: c740 1410 | 3900 804c | 8bc8 458b | 580c 4585 | db0f 86af | 0000 0045 | 33d2 eb1b | 0f1f 8400 
  0x000002dfc7ccab8c: 0000 0000 | 896c 2444 | 488b 5c24 | 6848 8b4c | 2470 4c8b | 4c24 7841 | 8b78 0c44 | 3bd7 0f83 
  0x000002dfc7ccabac: 0849 0000 | 478b 4490 | 1045 8b58 | 1045 8b5b | 1044 8994 | 2480 0000 | 004c 894c | 2478 4889 
  0x000002dfc7ccabcc: 4c24 7048 | 895c 2468 | 4489 7424 | 408b 6c24 | 444d 8bc3 | 498b d190 

  0x000002dfc7ccabe4: ;   {optimized virtual_call}
  0x000002dfc7ccabe4: c5f8 77e8 

  0x000002dfc7ccabe8: ; ImmutableOopMap {rbp=NarrowOop [32]=Oop [48]=NarrowOop [56]=Oop [64]=NarrowOop [72]=Oop [80]=Oop [88]=Oop [104]=Oop [112]=Oop [120]=Oop [152]=Oop }
                      ;*invokevirtual addAll {reexecute=0 rethrow=0 return_oop=0}
                      ; - java.security.CodeSource::getCertificates@57
                      ; - java.lang.ClassLoader::checkCerts@34
                      ; - java.lang.ClassLoader::preDefineClass@113
                      ; - java.lang.ClassLoader::defineClass@4
                      ; - java.security.SecureClassLoader::defineClass@12
                      ; - java.net.URLClassLoader::defineClass@220
                      ; - java.net.URLClassLoader$1::run@43
  0x000002dfc7ccabe8: 943e 57ff 

  0x000002dfc7ccabec: ;   {other}
  0x000002dfc7ccabec: 0f1f 8400 | dc4c 0033 | 4d8b 8f50 | 0400 0044 | 8b74 2440 | 458b 4610 | 448b 9424 | 8000 0000 
  0x000002dfc7ccac0c: ; ImmutableOopMap {r8=NarrowOop rbp=NarrowOop r14=NarrowOop [32]=Oop [48]=NarrowOop [56]=Oop [72]=Oop [80]=Oop [88]=Oop [104]=Oop [112]=Oop [120]=Oop [152]=Oop }
                      ;*goto {reexecute=1 rethrow=0 return_oop=0}
                      ; - (reexecute) java.security.CodeSource::getCertificates@64
                      ; - java.lang.ClassLoader::checkCerts@34
                      ; - java.lang.ClassLoader::preDefineClass@113
                      ; - java.lang.ClassLoader::defineClass@4
                      ; - java.security.SecureClassLoader::defineClass@12
                      ; - java.net.URLClassLoader::defineClass@220
                      ; - java.net.URLClassLoader$1::run@43
                      ;   {poll}
  0x000002dfc7ccac0c: 41ff c241 | 8501 458b | 580c 453b | d30f 8c71 | ffff ff89 | 6c24 4448 | 8b5c 2468 | 488b 4c24 
  0x000002dfc7ccac2c: 704c 8b4c | 2478 498b | 87b8 0100 | 004c 8bd0 | 4983 c210 | 4d3b 97c8 | 0100 000f | 83f0 2300 
  0x000002dfc7ccac4c: 004d 8997 | b801 0000 | 410f 1882 | 0001 0000 | 48c7 0001 | 0000 0041 | 0f18 8240 

  0x000002dfc7ccac68: ;   {metadata('java/security/cert/Certificate'[])}
  0x000002dfc7ccac68: 0100 00c7 | 4008 e651 | 0020 410f | 1882 8001 | 0000 4489 | 600c 448b | 5c24 4444 | 895c 2440 
  0x000002dfc7ccac88: 4c8b 9424 | 9800 0000 | 4c89 5424 | 6044 8974 | 2468 4889 | 5c24 7048 | 8be9 4c89 | 4c24 784c 
  0x000002dfc7ccaca8: 8bc0 488b | 5424 7890 

  0x000002dfc7ccacb0: ;   {optimized virtual_call}
  0x000002dfc7ccacb0: c5f8 77e8 

  0x000002dfc7ccacb4: ; ImmutableOopMap {rbp=Oop [32]=Oop [48]=NarrowOop [56]=Oop [64]=NarrowOop [72]=Oop [80]=Oop [88]=Oop [96]=Oop [104]=NarrowOop [112]=Oop }
                      ;*invokevirtual toArray {reexecute=0 rethrow=0 return_oop=1}
                      ; - java.security.CodeSource::getCertificates@73
                      ; - java.lang.ClassLoader::checkCerts@34
                      ; - java.lang.ClassLoader::preDefineClass@113
                      ; - java.lang.ClassLoader::defineClass@4
                      ; - java.security.SecureClassLoader::defineClass@12
                      ; - java.net.URLClassLoader::defineClass@220
                      ; - java.net.URLClassLoader$1::run@43
  0x000002dfc7ccacb4: c83d 57ff 

  0x000002dfc7ccacb8: ;   {other}
  0x000002dfc7ccacb8: 0f1f 8400 | a84d 0035 | 488b d844 

  0x000002dfc7ccacc4: ;   {metadata('java/security/cert/Certificate'[])}
  0x000002dfc7ccacc4: 8b50 0841 | 81fa e651 | 0020 0f85 | b84e 0000 | 4180 7f40 | 000f 85c2 | 2100 008b | 7c24 684c 
  0x000002dfc7ccace4: 8bd5 4c8b | db44 895f | 144c 8bdb | 4d33 da49 | c1eb 144d | 85db 7416 | 49c1 ea09 | 4c8b 4424 
  0x000002dfc7ccad04: 284d 03c2 | 4180 3802 | 0f85 c621 | 0000 448b | 5b0c 448b | 4308 4d63 | cb49 c1e1 | 0241 81fb 
  0x000002dfc7ccad24: 0000 0400 | 0f87 5b23 | 0000 498b | bfb8 0100 | 004d 8d51 | 1749 83e2 | f848 8bcf | 4903 ca49 
  0x000002dfc7ccad44: 3b8f c801 | 0000 0f83 | 3923 0000 | 4989 8fb8 | 0100 000f | 1881 0001 | 0000 48c7 | 0701 0000 
  0x000002dfc7ccad64: 0044 8947 | 0844 895f | 0c0f 1881 | 4001 0000 | 0f18 8180 | 0100 0048 | 8bcb 4883 | c110 488b 
  0x000002dfc7ccad84: d748 83c2 | 1049 83c1 | 0749 c1e9 | 034d 8bc1 | c5f8 7749 | ba60 8122 | c7df 0200 | 0041 ffd2 
  0x000002dfc7ccada4: ;   {other}
  0x000002dfc7ccada4: 0f1f 8400 | 0000 0000 | 448b 5c24 | 4044 895c | 2444 4c8b | 5424 604c | 8994 2498 | 0000 0048 
  0x000002dfc7ccadc4: 8b5c 2470 | 4c8b d7e9 | 3ac6 ffff | 4533 c045 | 33d2 e9f8 | ddff ff45 | 33db 4533 | d2e9 4bf5 
  0x000002dfc7ccade4: ffff 458b | 500c 4d63 | ca49 c1e1 | 0241 81fa | 0000 0400 | 0f87 8f21 | 0000 4889 | 6c24 604d 
  0x000002dfc7ccae04: 8b9f b801 | 0000 4d8b | c149 8be9 | 4983 c017 | 4983 e0f8 | 4d8b cb4d | 03c8 4d3b | 8fc8 0100 
  0x000002dfc7ccae24: 000f 836a | 2100 004d | 898f b801 | 0000 410f | 1881 0001 | 0000 49c7 | 0301 0000 | 0041 0f18 
  0x000002dfc7ccae44: 8140 0100 

  0x000002dfc7ccae48: ;   {metadata('java/security/CodeSigner'[])}
  0x000002dfc7ccae48: 0041 c743 | 0855 f20c | 2045 8953 | 0c41 0f18 | 8180 0100 | 0048 8b4c | 2458 4883 | c110 498b 
  0x000002dfc7ccae68: d348 83c2 | 1049 8bdb | 4c8d 5507 | 49c1 ea03 | 4d8b c2c5 | f877 49ba | 6081 22c7 | df02 0000 
  0x000002dfc7ccae88: ;   {other}
  0x000002dfc7ccae88: 41ff d20f | 1f84 0000 | 0000 0041 | 807f 4000 | 0f85 761e | 0000 4c8b | 4424 604c | 8bcb 4d8b 
  0x000002dfc7ccaea8: d945 8958 | 104d 8bd0 | 4d8b d94d | 33da 49c1 | eb14 4d85 | db74 1a49 | c1ea 0948 | b900 008c 
  0x000002dfc7ccaec8: cedf 0200 | 0049 03ca | 8039 020f | 8573 1e00 | 004c 8944 | 2468 e91e | d0ff ff4c | 8944 2468 
  0x000002dfc7ccaee8: 488b 5424 | 484c 8b84 | 24a0 0000 | 004c 8b4c | 2478 488b | 7c24 7848 | 8b74 2478 | 488b 4c24 
  0x000002dfc7ccaf08: 784c 8b54 | 2478 4c89 | 1424 4c8b | 5424 784c | 8954 2408 | 4c8b 5424 | 784c 8954 | 2410 6690 
  0x000002dfc7ccaf28: ;   {optimized virtual_call}
  0x000002dfc7ccaf28: c5f8 77e8 

  0x000002dfc7ccaf2c: ; ImmutableOopMap {[32]=Oop [40]=Oop [56]=Oop [64]=NarrowOop [68]=NarrowOop [72]=Oop [80]=Oop [92]=NarrowOop [104]=Oop [160]=Oop }
                      ;*invokevirtual definePackage {reexecute=0 rethrow=0 return_oop=1}
                      ; - java.net.URLClassLoader::defineClass@81
                      ; - java.net.URLClassLoader$1::run@43
  0x000002dfc7ccaf2c: 10fc 2ff8 

  0x000002dfc7ccaf30: ;   {other}
  0x000002dfc7ccaf30: 0f1f 8400 | 2050 0036 | e933 d5ff | ffbb 0100 | 0000 e92c | e6ff ff45 | 33db e98a | daff ff89 
  0x000002dfc7ccaf50: 6c24 4448 | 8944 2448 | 4489 4424 | 4089 7c24 | 3c44 8954 | 2438 4c89 | 4c24 304c | 895c 2428 
  0x000002dfc7ccaf70: 4c89 7424 | 2049 8bed 

  0x000002dfc7ccaf78: ;   {metadata({type array byte})}
  0x000002dfc7ccaf78: 48ba 280a | 0400 0100 | 0000 448b | 4424 4448 | 8974 2450 

  0x000002dfc7ccaf8c: ;   {runtime_call _new_array_Java}
  0x000002dfc7ccaf8c: c5f8 77e8 

  0x000002dfc7ccaf90: ; ImmutableOopMap {rbp=Oop [32]=Oop [40]=Oop [48]=Oop }
                      ;*invokevirtual allocateUninitializedArray0 {reexecute=0 rethrow=0 return_oop=1}
                      ; - jdk.internal.misc.Unsafe::allocateUninitializedArray@51
                      ; - java.lang.StringConcatHelper::newArray@33
                      ; - java.lang.StringConcatHelper::simpleConcat@61
                      ; - java.lang.String::concat@11
                      ; - java.net.URLClassLoader$1::run@13
  0x000002dfc7ccaf90: ec2e 5aff 

  0x000002dfc7ccaf94: ;   {other}
  0x000002dfc7ccaf94: 0f1f 8400 | 8450 0037 | 488b c84c | 8bed 4c8b | 7424 204c | 8b5c 2428 | 4c8b 4c24 | 3044 8b54 
  0x000002dfc7ccafb4: 2438 8b7c | 243c 448b | 4424 4048 | 8b44 2448 | 8b6c 2444 | 488b d9e9 | 77bf ffff | 4889 5c24 
  0x000002dfc7ccafd4: 284c 8974 | 2420 498b 

  0x000002dfc7ccafdc: ;   {metadata('java/lang/String')}
  0x000002dfc7ccafdc: ed48 bab0 | 1e04 0001 | 0000 0090 

  0x000002dfc7ccafe8: ;   {runtime_call _new_instance_Java}
  0x000002dfc7ccafe8: c5f8 77e8 

  0x000002dfc7ccafec: ; ImmutableOopMap {rbp=Oop [32]=Oop [40]=Oop }
                      ;*new {reexecute=0 rethrow=0 return_oop=1}
                      ; - java.lang.StringConcatHelper::newString@6
                      ; - java.lang.StringConcatHelper::simpleConcat@90
                      ; - java.lang.String::concat@11
                      ; - java.net.URLClassLoader$1::run@13
  0x000002dfc7ccafec: 9031 5aff 

  0x000002dfc7ccaff0: ;   {other}
  0x000002dfc7ccaff0: 0f1f 8400 | e050 0038 | 4c8b ed4c | 8b74 2420 | 488b 5c24 | 28e9 fbbf | ffff 4889 | 4c24 604c 
  0x000002dfc7ccb010: 894c 2438 | 4c89 4424 | 2848 8bd1 

  0x000002dfc7ccb01c: ;   {optimized virtual_call}
  0x000002dfc7ccb01c: c5f8 77e8 

  0x000002dfc7ccb020: ; ImmutableOopMap {rbp=NarrowOop [32]=Oop [40]=Oop [64]=NarrowOop [68]=NarrowOop [72]=Oop [80]=Oop [92]=NarrowOop [96]=Oop [128]=Oop }
                      ;*invokevirtual realEntry {reexecute=0 rethrow=0 return_oop=1}
                      ; - java.util.jar.JarFile$JarFileEntry::getCodeSigners@46
                      ; - jdk.internal.loader.URLClassPath$JarLoader$2::getCodeSigners@4
                      ; - java.net.URLClassLoader::defineClass@185
                      ; - java.net.URLClassLoader$1::run@43
  0x000002dfc7ccb020: 5c3a 57ff 

  0x000002dfc7ccb024: ;   {other}
  0x000002dfc7ccb024: 0f1f 8400 | 1451 0039 | 488b d54c | 8bc0 6690 

  0x000002dfc7ccb034: ;   {optimized virtual_call}
  0x000002dfc7ccb034: c5f8 77e8 

  0x000002dfc7ccb038: ; ImmutableOopMap {[32]=Oop [40]=Oop [64]=NarrowOop [68]=NarrowOop [72]=Oop [80]=Oop [92]=NarrowOop [96]=Oop [128]=Oop }
                      ;*invokevirtual getCodeSigners {reexecute=0 rethrow=0 return_oop=1}
                      ; - java.util.jar.JarFile$JarFileEntry::getCodeSigners@49
                      ; - jdk.internal.loader.URLClassPath$JarLoader$2::getCodeSigners@4
                      ; - java.net.URLClassLoader::defineClass@185
                      ; - java.net.URLClassLoader$1::run@43
  0x000002dfc7ccb038: 443a 57ff 

  0x000002dfc7ccb03c: ;   {other}
  0x000002dfc7ccb03c: 0f1f 8400 | 2c51 003a | 488b d841 | 807f 4000 | 0f85 171e | 0000 4c8b | 4424 604c | 8bcb 498b 
  0x000002dfc7ccb05c: d941 8958 | 5c4d 8bd0 | 4d8b d94d | 33da 49c1 | eb14 4d85 | db0f 8481 | 1d00 004d | 85c9 0f84 
  0x000002dfc7ccb07c: da1d 0000 | 49c1 ea09 | 48b9 0000 | 8cce df02 | 0000 4903 | ca80 3902 | 0f85 691d | 0000 4c8b 
  0x000002dfc7ccb09c: 4424 284c | 8b4c 2438 | 448b 530c | 488b eb49 | 63ca 48c1 | e102 4181 | fa00 0004 | 000f 87fd 
  0x000002dfc7ccb0bc: 1e00 0089 | 5c24 584c | 894c 2438 | 4c89 4424 | 284d 8b9f | b801 0000 | 4c8b c148 | 894c 2460 
  0x000002dfc7ccb0dc: 4983 c017 | 4983 e0f8 | 4d8b cb4d | 03c8 4d3b | 8fc8 0100 | 000f 83d8 | 1e00 004d | 898f b801 
  0x000002dfc7ccb0fc: 0000 410f | 1881 0001 | 0000 4d8b | c349 c700 | 0100 0000 | 410f 1881 | 4001 0000 

  0x000002dfc7ccb118: ;   {metadata('java/security/CodeSigner'[])}
  0x000002dfc7ccb118: 41c7 4008 | 55f2 0c20 | 4589 500c | 410f 1881 | 8001 0000 | 448b 5c24 | 5849 8d4b | 1049 8bd0 
  0x000002dfc7ccb138: 4883 c210 | 498b d84c | 8b54 2460 | 4983 c207 | 49c1 ea03 | 4d8b c2c5 | f877 49ba | 6081 22c7 
  0x000002dfc7ccb158: df02 0000 

  0x000002dfc7ccb15c: ;   {other}
  0x000002dfc7ccb15c: 41ff d20f | 1f84 0000 | 0000 0048 | 895c 2478 | 4c8b 4424 | 284c 8b4c | 2438 e9a6 

  0x000002dfc7ccb178: ;   {metadata('java/util/jar/JarFile')}
  0x000002dfc7ccb178: ccff ff81 | fdb8 0d00 | 200f 85a6 | 4300 0048 | 8b54 2470 | 488b 6c24 | 2066 6690 

  0x000002dfc7ccb194: ;   {optimized virtual_call}
  0x000002dfc7ccb194: c5f8 77e8 

  0x000002dfc7ccb198: ; ImmutableOopMap {rbp=Oop [32]=Oop [40]=Oop [56]=Oop [64]=NarrowOop [68]=NarrowOop [72]=Oop [80]=Oop [92]=NarrowOop [96]=Oop [104]=NarrowOop [112]=Oop [160]=Oop }
                      ;*invokevirtual getManifestFromReference {reexecute=0 rethrow=0 return_oop=1}
                      ; - java.util.jar.JarFile::getManifest@1
                      ; - java.util.jar.JarFile::maybeInstantiateVerifier@31
                      ; - java.util.jar.JarFile::ensureInitialization@1
                      ; - java.util.jar.JavaUtilJarAccessImpl::ensureInitialization@1
                      ; - jdk.internal.loader.URLClassPath$JarLoader$2::getManifest@10
                      ; - java.net.URLClassLoader::defineClass@34
                      ; - java.net.URLClassLoader$1::run@43
  0x000002dfc7ccb198: e438 57ff 

  0x000002dfc7ccb19c: ;   {other}
  0x000002dfc7ccb19c: 0f1f 8400 | 8c52 003b | 448b 5c24 | 68e9 ffc7 | ffff 448b 

  0x000002dfc7ccb1b0: ;   {metadata('java/util/jar/JarFile')}
  0x000002dfc7ccb1b0: 5d08 4181 | fbb8 0d00 | 200f 85c9 | 4300 0048 | 8b54 2468 

  0x000002dfc7ccb1c4: ;   {optimized virtual_call}
  0x000002dfc7ccb1c4: c5f8 77e8 

  0x000002dfc7ccb1c8: ; ImmutableOopMap {[32]=Oop [40]=Oop [64]=NarrowOop [68]=NarrowOop [72]=Oop [80]=Oop [92]=NarrowOop [96]=Oop [128]=Oop }
                      ;*invokevirtual getManifestFromReference {reexecute=0 rethrow=0 return_oop=1}
                      ; - java.util.jar.JarFile::getManifest@1
                      ; - java.util.jar.JarFile::maybeInstantiateVerifier@31
                      ; - java.util.jar.JarFile$JarFileEntry::getCodeSigners@4
                      ; - jdk.internal.loader.URLClassPath$JarLoader$2::getCodeSigners@4
                      ; - java.net.URLClassLoader::defineClass@185
                      ; - java.net.URLClassLoader$1::run@43
  0x000002dfc7ccb1c8: b438 57ff 

  0x000002dfc7ccb1cc: ;   {other}
  0x000002dfc7ccb1cc: 0f1f 8400 | bc52 003c | 4c8b 4424 | 284c 8b4c | 2438 488b | 4c24 60e9 | 1ecc ffff | 8954 2450 
  0x000002dfc7ccb1ec: 897c 244c | 894c 2448 | 4889 7424 | 404c 8974 | 2438 4889 | 4424 3044 | 8944 242c | 895c 2428 
  0x000002dfc7ccb20c: 4c89 6c24 

  0x000002dfc7ccb210: ;   {metadata({type array byte})}
  0x000002dfc7ccb210: 2048 ba28 | 0a04 0001 | 0000 0090 

  0x000002dfc7ccb21c: ;   {runtime_call _new_array_Java}
  0x000002dfc7ccb21c: c5f8 77e8 

  0x000002dfc7ccb220: ; ImmutableOopMap {[32]=Oop [40]=NarrowOop [48]=Oop [56]=Oop [64]=Oop [72]=NarrowOop }
                      ;*invokevirtual allocateUninitializedArray0 {reexecute=0 rethrow=0 return_oop=1}
                      ; - jdk.internal.misc.Unsafe::allocateUninitializedArray@51
                      ; - java.lang.StringConcatHelper::newArray@33
                      ; - java.lang.StringLatin1::replace@49
                      ; - java.lang.String::replace@18
                      ; - java.net.URLClassLoader$1::run@8
  0x000002dfc7ccb220: 5c2c 5aff 

  0x000002dfc7ccb224: ;   {other}
  0x000002dfc7ccb224: 0f1f 8400 | 1453 003d | 4c8b d04c | 8b6c 2420 | 8b5c 2428 | 448b 4424 | 2c48 8b44 | 2430 4c8b 
  0x000002dfc7ccb244: 7424 3848 | 8b74 2440 | 4d8b da8b | 4c24 488b | 7c24 4c8b | 5424 50e9 | 84b9 ffff | 4c89 5c24 
  0x000002dfc7ccb264: 304c 8974 | 2428 4c89 

  0x000002dfc7ccb26c: ;   {metadata('java/lang/String')}
  0x000002dfc7ccb26c: 6c24 2048 | bab0 1e04 | 0001 0000 | 0048 8be8 

  0x000002dfc7ccb27c: ;   {runtime_call _new_instance_Java}
  0x000002dfc7ccb27c: c5f8 77e8 

  0x000002dfc7ccb280: ; ImmutableOopMap {rbp=Oop [32]=Oop [40]=Oop [48]=Oop }
                      ;*new {reexecute=0 rethrow=0 return_oop=1}
                      ; - java.lang.StringLatin1::replace@116
                      ; - java.lang.String::replace@18
                      ; - java.net.URLClassLoader$1::run@8
  0x000002dfc7ccb280: fc2e 5aff 

  0x000002dfc7ccb284: ;   {other}
  0x000002dfc7ccb284: 0f1f 8400 | 7453 003e | 4c8b 6c24 | 204c 8b74 | 2428 4c8b | 5c24 304c | 8bc8 e9b9 | bbff ff4d 
  0x000002dfc7ccb2a4: 8b97 5004 

  0x000002dfc7ccb2a8: ; ImmutableOopMap {r11=NarrowOop r9=Oop rdi=Derived_oop_r9 rbx=NarrowOop rsi=Oop r14=Oop [32]=Oop [40]=Oop [56]=Oop [64]=NarrowOop [68]=NarrowOop [72]=Oop [80]=Oop [92]=NarrowOop [104]=Oop [112]=NarrowOop [128]=Oop [144]=Oop [156]=NarrowOop [160]=Oop [168]=Oop [184]=Oop [328]=Oop }
                      ;*goto {reexecute=1 rethrow=0 return_oop=0}
                      ; - (reexecute) java.util.WeakHashMap::remove@126
                      ; - java.util.Collections$SetFromMap::remove@5
                      ; - java.util.zip.ZipFile$ZipFileInputStream::close@42
                      ; - java.util.zip.ZipFile$ZipFileInputStream::read@130
                      ; - java.util.zip.ZipFile$ZipFileInflaterInputStream::fill@32
                      ; - java.util.zip.InflaterInputStream::read@78
                      ; - jdk.internal.loader.Resource::getBytes@117
                      ; - java.net.URLClassLoader::defineClass@179
                      ; - java.net.URLClassLoader$1::run@43
                      ;   {poll}
  0x000002dfc7ccb2a8: 0000 4185 | 0245 85db | 0f84 e9d3 | ffff 4d8b | d34c 89b4 | 24c8 0000 | 004d 8bf2 | e98a eeff 
  0x000002dfc7ccb2c8: ff4c 8954 | 2438 4c89 | 4c24 2849 

  0x000002dfc7ccb2d4: ;   {metadata('java/security/CodeSource')}
  0x000002dfc7ccb2d4: 8be8 48ba | 9050 0500 | 0100 0000 

  0x000002dfc7ccb2e0: ;   {runtime_call _new_instance_Java}
  0x000002dfc7ccb2e0: c5f8 77e8 

  0x000002dfc7ccb2e4: ; ImmutableOopMap {rbp=Oop [32]=Oop [56]=Oop [64]=NarrowOop [68]=NarrowOop [72]=Oop [80]=Oop [92]=NarrowOop [128]=Oop }
                      ;*new {reexecute=0 rethrow=0 return_oop=1}
                      ; - java.net.URLClassLoader::defineClass@190
                      ; - java.net.URLClassLoader$1::run@43
  0x000002dfc7ccb2e4: 982e 5aff 

  0x000002dfc7ccb2e8: ;   {other}
  0x000002dfc7ccb2e8: 0f1f 8400 | d853 0040 | 4c8b c54c | 8b4c 2428 | 4c8b 5424 | 3848 8bc8 | e969 cbff | ff48 894c 
  0x000002dfc7ccb308: 2460 4489 | 5c24 344c | 8944 2458 

  0x000002dfc7ccb314: ;   {metadata('java/security/SecureClassLoader$1')}
  0x000002dfc7ccb314: 48ba 2805 | 0900 0100 | 0000 6690 

  0x000002dfc7ccb320: ;   {runtime_call _new_instance_Java}
  0x000002dfc7ccb320: c5f8 77e8 

  0x000002dfc7ccb324: ; ImmutableOopMap {rbp=NarrowOop [32]=Oop [56]=Oop [64]=NarrowOop [68]=NarrowOop [72]=Oop [80]=Oop [88]=Oop [96]=Oop }
                      ;*new {reexecute=0 rethrow=0 return_oop=1}
                      ; - java.security.SecureClassLoader::getProtectionDomain@20
                      ; - java.security.SecureClassLoader::defineClass@9
                      ; - java.net.URLClassLoader::defineClass@220
                      ; - java.net.URLClassLoader$1::run@43
  0x000002dfc7ccb324: 582e 5aff 

  0x000002dfc7ccb328: ;   {other}
  0x000002dfc7ccb328: 0f1f 8400 | 1854 0041 | 448b 4c24 | 404c 8b44 | 2458 448b | 5c24 3448 | 8b4c 2460 | 488b d8e9 
  0x000002dfc7ccb348: c1cd ffff | 4489 5c24 

  0x000002dfc7ccb350: ;   {metadata('java/security/SecureClassLoader$CodeSourceKey')}
  0x000002dfc7ccb350: 3048 ba08 | 0309 0001 | 0000 0090 

  0x000002dfc7ccb35c: ;   {runtime_call _new_instance_Java}
  0x000002dfc7ccb35c: c5f8 77e8 

  0x000002dfc7ccb360: ; ImmutableOopMap {[32]=Oop [56]=Oop [64]=NarrowOop [68]=NarrowOop [72]=Oop [80]=Oop [104]=Oop [128]=Oop }
                      ;*new {reexecute=0 rethrow=0 return_oop=1}
                      ; - java.security.SecureClassLoader::getProtectionDomain@6
                      ; - java.security.SecureClassLoader::defineClass@9
                      ; - java.net.URLClassLoader::defineClass@220
                      ; - java.net.URLClassLoader$1::run@43
  0x000002dfc7ccb360: 1c2e 5aff 

  0x000002dfc7ccb364: ;   {other}
  0x000002dfc7ccb364: 0f1f 8400 | 5454 0042 | 4c8b 8424 | 8000 0000 | 448b 5c24 | 3048 8bc8 | e93e cdff | ff89 8c24 
  0x000002dfc7ccb384: 8000 0000 | 4489 7424 | 644c 894c | 2478 4c89 | 6c24 704c | 8b84 2498 | 0000 004c | 8944 2468 
  0x000002dfc7ccb3a4: 4489 5c24 | 6044 8954 | 2440 8b6c 

  0x000002dfc7ccb3b0: ;   {metadata('java/lang/String')}
  0x000002dfc7ccb3b0: 2444 48ba | b01e 0400 | 0100 0000 

  0x000002dfc7ccb3bc: ;   {runtime_call _new_instance_Java}
  0x000002dfc7ccb3bc: c5f8 77e8 

  0x000002dfc7ccb3c0: ; ImmutableOopMap {rbp=NarrowOop [32]=Oop [48]=NarrowOop [56]=Oop [64]=NarrowOop [72]=Oop [80]=Oop [88]=Oop [100]=NarrowOop [104]=Oop [112]=Oop [120]=Derived_oop_[112] [152]=Oop }
                      ;*new {reexecute=0 rethrow=0 return_oop=1}
                      ; - java.lang.StringLatin1::newString@7
                      ; - java.lang.String::substring@41
                      ; - java.lang.ClassLoader::checkCerts@21
                      ; - java.lang.ClassLoader::preDefineClass@113
                      ; - java.lang.ClassLoader::defineClass@4
                      ; - java.security.SecureClassLoader::defineClass@12
                      ; - java.net.URLClassLoader::defineClass@220
                      ; - java.net.URLClassLoader$1::run@43
  0x000002dfc7ccb3c0: bc2d 5aff 

  0x000002dfc7ccb3c4: ;   {other}
  0x000002dfc7ccb3c4: 0f1f 8400 | b454 0043 | 896c 2444 | 448b 5424 | 4044 8b5c | 2460 4c8b | 6c24 704c | 8b4c 2478 
  0x000002dfc7ccb3e4: 448b 7424 | 648b 8c24 | 8000 0000 | 488b d8e9 | 46be ffff | 4489 5424 | 7044 895c | 246c 4489 
  0x000002dfc7ccb404: 4424 6848 | 894c 2460 | 4c89 4c24 | 5848 8944 | 2450 8954 | 244c 895c | 2448 4489 | 6c24 4448 
  0x000002dfc7ccb424: 8b6c 2478 | 4889 7c24 

  0x000002dfc7ccb42c: ;   {metadata('java/lang/String')}
  0x000002dfc7ccb42c: 3848 bab0 | 1e04 0001 | 0000 0090 

  0x000002dfc7ccb438: ;   {runtime_call _new_instance_Java}
  0x000002dfc7ccb438: c5f8 77e8 

  0x000002dfc7ccb43c: ; ImmutableOopMap {[32]=Oop [40]=Oop [56]=Oop [64]=NarrowOop [68]=NarrowOop [72]=NarrowOop [80]=Oop [88]=Oop [96]=Oop [112]=NarrowOop }
                      ;*new {reexecute=0 rethrow=0 return_oop=1}
                      ; - java.lang.StringLatin1::newString@7
                      ; - java.lang.String::substring@41
                      ; - java.net.URLClassLoader::defineClass@28
                      ; - java.net.URLClassLoader$1::run@43
  0x000002dfc7ccb43c: 402d 5aff 

  0x000002dfc7ccb440: ;   {other}
  0x000002dfc7ccb440: 0f1f 8400 | 3055 0044 | 488b f048 | 8b7c 2438 | 4889 6c24 | 7844 8b6c | 2444 8b5c | 2448 8b54 
  0x000002dfc7ccb460: 244c 488b | 4424 504c | 8b4c 2458 | 488b 4c24 | 6044 8b44 | 2468 448b | 5c24 6c44 | 8b54 2470 
  0x000002dfc7ccb480: 488b eee9 | 95c1 ffff | 488b 9424 | 9000 0000 | 4c8b 8424 | 4801 0000 | 448b 8c24 | b000 0000 
  0x000002dfc7ccb4a0: 8bbc 2440 | 0100 0066 | 6690 c5f8 | 7748 b8ff | ffff ffff 

  0x000002dfc7ccb4b4: ;   {virtual_call}
  0x000002dfc7ccb4b4: ffff ffe8 

  0x000002dfc7ccb4b8: ; ImmutableOopMap {[32]=Oop [40]=Oop [56]=Oop [64]=NarrowOop [68]=NarrowOop [72]=Oop [80]=Oop [92]=NarrowOop [104]=Oop [112]=NarrowOop [144]=Oop [328]=Oop }
                      ;*invokevirtual read {reexecute=0 rethrow=0 return_oop=0}
                      ; - jdk.internal.loader.Resource::getBytes@117
                      ; - java.net.URLClassLoader::defineClass@179
                      ; - java.net.URLClassLoader$1::run@43
  0x000002dfc7ccb4b8: c438 57ff 

  0x000002dfc7ccb4bc: ;   {other}
  0x000002dfc7ccb4bc: 0f1f 8400 | ac55 0045 | 448b d8e9 | 0dd5 ffff | 4c89 8424 | 9000 0000 | 4889 9424 | 8800 0000 
  0x000002dfc7ccb4dc: 4889 9c24 | 8000 0000 | 894c 247c | 4489 7424 | 784c 894c | 2470 4c89 | 6c24 684c | 8b94 2498 
  0x000002dfc7ccb4fc: 0000 004c | 8954 2460 | 448b 5424 | 4444 8954 

  0x000002dfc7ccb50c: ;   {metadata({type array byte})}
  0x000002dfc7ccb50c: 2440 48ba | 280a 0400 | 0100 0000 | 448b c190 

  0x000002dfc7ccb51c: ;   {runtime_call _new_array_nozero_Java}
  0x000002dfc7ccb51c: c5f8 77e8 

  0x000002dfc7ccb520: ; ImmutableOopMap {[32]=Oop [48]=NarrowOop [56]=Oop [64]=NarrowOop [72]=Oop [80]=Oop [88]=Oop [96]=Oop [104]=Oop [112]=Derived_oop_[104] [120]=NarrowOop [128]=Oop }
                      ;*newarray {reexecute=0 rethrow=0 return_oop=1}
                      ; - java.util.Arrays::copyOfRangeByte@10
                      ; - java.util.Arrays::copyOfRange@13
                      ; - java.lang.StringLatin1::newString@16
                      ; - java.lang.String::substring@41
                      ; - java.lang.ClassLoader::checkCerts@21
                      ; - java.lang.ClassLoader::preDefineClass@113
                      ; - java.lang.ClassLoader::defineClass@4
                      ; - java.security.SecureClassLoader::defineClass@12
                      ; - java.net.URLClassLoader::defineClass@220
                      ; - java.net.URLClassLoader$1::run@43
  0x000002dfc7ccb520: dc25 5aff 

  0x000002dfc7ccb524: ;   {other}
  0x000002dfc7ccb524: 0f1f 8400 | 1456 0046 | 448b 5c24 | 4044 895c | 2444 4c8b | 5c24 604c | 899c 2498 | 0000 004c 
  0x000002dfc7ccb544: 8b4c 2470 | 448b 7424 | 788b 4c24 | 7c48 8b9c | 2480 0000 | 0048 8b94 | 2488 0000 | 004c 8b84 
  0x000002dfc7ccb564: 2490 0000 | 0048 8bf0 | e9f2 bdff | ff44 899c | 2480 0000 | 004c 8994 | 2488 0000 | 004c 8984 
  0x000002dfc7ccb584: 2490 0000 

  0x000002dfc7ccb588: ;   {metadata({type array byte})}
  0x000002dfc7ccb588: 0048 ba28 | 0a04 0001 | 0000 0044 | 8b84 2480 | 0000 0090 

  0x000002dfc7ccb59c: ;   {runtime_call _new_array_nozero_Java}
  0x000002dfc7ccb59c: c5f8 77e8 

  0x000002dfc7ccb5a0: ; ImmutableOopMap {[32]=Oop [40]=Oop [56]=Oop [64]=NarrowOop [68]=NarrowOop [72]=Oop [112]=Derived_oop_[72] [80]=Oop [88]=Oop [100]=NarrowOop [104]=Oop }
                      ;*newarray {reexecute=0 rethrow=0 return_oop=1}
                      ; - java.util.Arrays::copyOfRangeByte@10
                      ; - java.util.Arrays::copyOfRange@13
                      ; - java.lang.StringLatin1::newString@16
                      ; - java.lang.String::substring@41
                      ; - java.net.URLClassLoader::defineClass@28
                      ; - java.net.URLClassLoader$1::run@43
  0x000002dfc7ccb5a0: 5c25 5aff 

  0x000002dfc7ccb5a4: ;   {other}
  0x000002dfc7ccb5a4: 0f1f 8400 | 9456 0047 | 4c8b c0e9 | 37c2 ffff | 452b c844 | 898c 2440 | 0100 004c | 8b94 2480 
  0x000002dfc7ccb5c4: 0000 004c | 8994 2448 | 0100 0044 | 8984 24b0 | 0000 00e9 | 72db ffff | 6690 c5f8 | 7748 b8ff 
  0x000002dfc7ccb5e4: ffff ffff 

  0x000002dfc7ccb5e8: ;   {virtual_call}
  0x000002dfc7ccb5e8: ffff ffe8 

  0x000002dfc7ccb5ec: ; ImmutableOopMap {rbp=Oop [32]=Oop [56]=Oop [64]=NarrowOop [68]=NarrowOop [72]=Oop [80]=Oop [92]=NarrowOop [104]=Oop }
                      ;*invokevirtual close {reexecute=0 rethrow=0 return_oop=0}
                      ; - jdk.internal.loader.Resource::getBytes@183
                      ; - java.net.URLClassLoader::defineClass@179
                      ; - java.net.URLClassLoader$1::run@43
  0x000002dfc7ccb5ec: 9037 57ff 

  0x000002dfc7ccb5f0: ;   {other}
  0x000002dfc7ccb5f0: 0f1f 8400 | e056 0048 | e93f d4ff | ff48 89bc | 2480 0000 | 0048 895c | 2478 4489 | 7424 644c 
  0x000002dfc7ccb610: 894c 2470 | 498b ed4c | 8b84 2498 | 0000 004c | 8944 2468 | 4489 5424 | 6044 8b54 | 2444 4489 
  0x000002dfc7ccb630: ;   {metadata({type array byte})}
  0x000002dfc7ccb630: 5424 4048 | ba28 0a04 | 0001 0000 | 0045 8bc3 

  0x000002dfc7ccb640: ;   {runtime_call _new_array_nozero_Java}
  0x000002dfc7ccb640: c5f8 77e8 

  0x000002dfc7ccb644: ; ImmutableOopMap {rbp=Oop [112]=Derived_oop_rbp [32]=Oop [48]=NarrowOop [56]=Oop [64]=NarrowOop [72]=Oop [80]=Oop [88]=Oop [96]=NarrowOop [100]=NarrowOop [104]=Oop [120]=Oop }
                      ;*invokevirtual clone {reexecute=1 rethrow=0 return_oop=1}
                      ; - (reexecute) java.util.Arrays::copyOfRange@18
                      ; - java.lang.StringLatin1::newString@16
                      ; - java.lang.String::substring@41
                      ; - java.lang.ClassLoader::checkCerts@21
                      ; - java.lang.ClassLoader::preDefineClass@113
                      ; - java.lang.ClassLoader::defineClass@4
                      ; - java.security.SecureClassLoader::defineClass@12
                      ; - java.net.URLClassLoader::defineClass@220
                      ; - java.net.URLClassLoader$1::run@43
  0x000002dfc7ccb644: b824 5aff 

  0x000002dfc7ccb648: ;   {other}
  0x000002dfc7ccb648: 0f1f 8400 | 3857 0049 | 448b 5c24 | 4044 895c | 2444 4c8b | 5c24 684c | 899c 2498 | 0000 004c 
  0x000002dfc7ccb668: 8b4c 2470 | 448b 7424 | 6448 8b5c | 2478 488b | bc24 8000 | 0000 488b | f0e9 21bc | ffff 4889 
  0x000002dfc7ccb688: 7c24 3844 | 896c 2444 | 895c 2448 | 8bf2 4889 | 4424 704c | 894c 2450 | 4889 4c24 | 5844 8944 
  0x000002dfc7ccb6a8: 2460 4489 | 5424 6448 | 896c 2468 | 4c89 b424 | 8000 0000 | 4c89 9c24 | 8800 0000 

  0x000002dfc7ccb6c4: ;   {metadata({type array byte})}
  0x000002dfc7ccb6c4: 48ba 280a | 0400 0100 | 0000 448b | c648 8b6c | 2420 6690 

  0x000002dfc7ccb6d8: ;   {runtime_call _new_array_nozero_Java}
  0x000002dfc7ccb6d8: c5f8 77e8 

  0x000002dfc7ccb6dc: ; ImmutableOopMap {rbp=Oop [32]=Oop [40]=Oop [56]=Oop [64]=NarrowOop [68]=NarrowOop [72]=NarrowOop [80]=Oop [88]=Oop [100]=NarrowOop [104]=Oop [112]=Oop [128]=Derived_oop_[112] }
                      ;*invokevirtual clone {reexecute=1 rethrow=0 return_oop=1}
                      ; - (reexecute) java.util.Arrays::copyOfRange@18
                      ; - java.lang.StringLatin1::newString@16
                      ; - java.lang.String::substring@41
                      ; - java.net.URLClassLoader::defineClass@28
                      ; - java.net.URLClassLoader$1::run@43
  0x000002dfc7ccb6dc: 2024 5aff 

  0x000002dfc7ccb6e0: ;   {other}
  0x000002dfc7ccb6e0: 0f1f 8400 | d057 004a | 488b d8e9 | d9bf ffff | 418b e9e9 | 7fb4 ffff | 4c89 7424 | 2049 8bed 
  0x000002dfc7ccb700: ;   {metadata('java/lang/String')}
  0x000002dfc7ccb700: 48ba b01e | 0400 0100 | 0000 6690 

  0x000002dfc7ccb70c: ;   {runtime_call _new_instance_Java}
  0x000002dfc7ccb70c: c5f8 77e8 

  0x000002dfc7ccb710: ; ImmutableOopMap {rbp=Oop [32]=Oop }
                      ;*new {reexecute=0 rethrow=0 return_oop=1}
                      ; - java.lang.StringConcatHelper::simpleConcat@17
                      ; - java.lang.String::concat@11
                      ; - java.net.URLClassLoader$1::run@13
  0x000002dfc7ccb710: 6c2a 5aff 

  0x000002dfc7ccb714: ;   {other}
  0x000002dfc7ccb714: 0f1f 8400 | 0458 004b | 4c8b ed4c | 8b74 2420 | e932 beff | ff45 8b52 | 1845 85d2 | 0f84 6e40 
  0x000002dfc7ccb734: 0000 498b | d266 6690 

  0x000002dfc7ccb73c: ;   {optimized virtual_call}
  0x000002dfc7ccb73c: c5f8 77e8 

  0x000002dfc7ccb740: ; ImmutableOopMap {[32]=Oop [40]=Oop [56]=Oop [64]=NarrowOop [68]=NarrowOop [72]=Oop [80]=Oop [92]=NarrowOop [104]=Oop [112]=NarrowOop [128]=Oop [144]=Oop [156]=NarrowOop [160]=Oop [168]=Oop [184]=Oop [192]=Oop [328]=Oop }
                      ;*invokevirtual lock {reexecute=0 rethrow=0 return_oop=0}
                      ; - java.lang.ref.ReferenceQueue::poll@13
                      ; - java.util.WeakHashMap::expungeStaleEntries@4
                      ; - java.util.WeakHashMap::getTable@1
                      ; - java.util.WeakHashMap::remove@12
                      ; - java.util.Collections$SetFromMap::remove@5
                      ; - java.util.zip.ZipFile$ZipFileInputStream::close@42
                      ; - java.util.zip.ZipFile$ZipFileInputStream::read@130
                      ; - java.util.zip.ZipFile$ZipFileInflaterInputStream::fill@32
                      ; - java.util.zip.InflaterInputStream::read@78
                      ; - jdk.internal.loader.Resource::getBytes@117
                      ; - java.net.URLClassLoader::defineClass@179
                      ; - java.net.URLClassLoader$1::run@43
  0x000002dfc7ccb740: 3c33 57ff 

  0x000002dfc7ccb744: ;   {other}
  0x000002dfc7ccb744: 0f1f 8400 | 3458 004c | 488b 9424 | c000 0000 

  0x000002dfc7ccb754: ;   {optimized virtual_call}
  0x000002dfc7ccb754: c5f8 77e8 

  0x000002dfc7ccb758: ; ImmutableOopMap {[32]=Oop [40]=Oop [56]=Oop [64]=NarrowOop [68]=NarrowOop [72]=Oop [80]=Oop [92]=NarrowOop [104]=Oop [112]=NarrowOop [128]=Oop [144]=Oop [156]=NarrowOop [160]=Oop [168]=Oop [184]=Oop [192]=Oop [328]=Oop }
                      ;*invokevirtual poll0 {reexecute=0 rethrow=0 return_oop=1}
                      ; - java.lang.ref.ReferenceQueue::poll@17
                      ; - java.util.WeakHashMap::expungeStaleEntries@4
                      ; - java.util.WeakHashMap::getTable@1
                      ; - java.util.WeakHashMap::remove@12
                      ; - java.util.Collections$SetFromMap::remove@5
                      ; - java.util.zip.ZipFile$ZipFileInputStream::close@42
                      ; - java.util.zip.ZipFile$ZipFileInputStream::read@130
                      ; - java.util.zip.ZipFile$ZipFileInflaterInputStream::fill@32
                      ; - java.util.zip.InflaterInputStream::read@78
                      ; - jdk.internal.loader.Resource::getBytes@117
                      ; - java.net.URLClassLoader::defineClass@179
                      ; - java.net.URLClassLoader$1::run@43
  0x000002dfc7ccb758: 2433 57ff 

  0x000002dfc7ccb75c: ;   {other}
  0x000002dfc7ccb75c: 0f1f 8400 | 4c58 004d | 4889 8424 | c800 0000 | 4c8b 9424 | c000 0000 | 458b 5a18 | 4585 db0f 
  0x000002dfc7ccb77c: 84eb 4000 | 0049 8bd3 

  0x000002dfc7ccb784: ;   {optimized virtual_call}
  0x000002dfc7ccb784: c5f8 77e8 

  0x000002dfc7ccb788: ; ImmutableOopMap {[32]=Oop [40]=Oop [56]=Oop [64]=NarrowOop [68]=NarrowOop [72]=Oop [80]=Oop [92]=NarrowOop [104]=Oop [112]=NarrowOop [128]=Oop [144]=Oop [156]=NarrowOop [160]=Oop [168]=Oop [184]=Oop [200]=Oop [328]=Oop }
                      ;*invokevirtual unlock {reexecute=0 rethrow=0 return_oop=0}
                      ; - java.lang.ref.ReferenceQueue::poll@25
                      ; - java.util.WeakHashMap::expungeStaleEntries@4
                      ; - java.util.WeakHashMap::getTable@1
                      ; - java.util.WeakHashMap::remove@12
                      ; - java.util.Collections$SetFromMap::remove@5
                      ; - java.util.zip.ZipFile$ZipFileInputStream::close@42
                      ; - java.util.zip.ZipFile$ZipFileInputStream::read@130
                      ; - java.util.zip.ZipFile$ZipFileInflaterInputStream::fill@32
                      ; - java.util.zip.InflaterInputStream::read@78
                      ; - jdk.internal.loader.Resource::getBytes@117
                      ; - java.net.URLClassLoader::defineClass@179
                      ; - java.net.URLClassLoader$1::run@43
  0x000002dfc7ccb788: f432 57ff 

  0x000002dfc7ccb78c: ;   {other}
  0x000002dfc7ccb78c: 0f1f 8400 | 7c58 004e | 4c8b 9424 | c800 0000 | 4d85 d20f | 845e e9ff | ffba 45ff | ffff 488b 
  0x000002dfc7ccb7ac: 6c24 204c | 8b54 2438 | 4c89 5424 | 2044 8b5c | 2440 4489 | 5c24 2844 | 8b54 2444 | 4489 5424 
  0x000002dfc7ccb7cc: 2c4c 8b54 | 2468 4c89 | 5424 3844 | 8b5c 245c | 4489 5c24 | 404c 8b94 | 2480 0000 | 004c 8954 
  0x000002dfc7ccb7ec: 2450 448b | 5424 7444 | 8954 2444 | 448b 9c24 | 8800 0000 | 4489 5c24 | 5844 8b9c | 24b0 0000 
  0x000002dfc7ccb80c: 0044 895c | 2470 448b | 9c24 9800 | 0000 4489 | 9c24 8800 | 0000 448b | 9424 9c00 | 0000 4489 
  0x000002dfc7ccb82c: 9424 9000 | 0000 4c8b | 9424 b800 | 0000 4c89 | 9424 9800 | 0000 448b | 9424 b400 | 0000 4489 
  0x000002dfc7ccb84c: 9424 9400 | 0000 4c8b | 9424 c800 | 0000 4c89 | 9424 c000 | 0000 6690 

  0x000002dfc7ccb864: ;   {runtime_call UncommonTrapBlob}
  0x000002dfc7ccb864: c5f8 77e8 

  0x000002dfc7ccb868: ; ImmutableOopMap {rbp=Oop [32]=Oop [40]=NarrowOop [44]=NarrowOop [56]=Oop [64]=NarrowOop [80]=Oop [144]=NarrowOop [152]=Oop [160]=Oop [192]=Oop [200]=Oop [328]=Oop }
                      ;*ifnull {reexecute=1 rethrow=0 return_oop=0}
                      ; - (reexecute) java.util.WeakHashMap::expungeStaleEntries@9
                      ; - java.util.WeakHashMap::getTable@1
                      ; - java.util.WeakHashMap::remove@12
                      ; - java.util.Collections$SetFromMap::remove@5
                      ; - java.util.zip.ZipFile$ZipFileInputStream::close@42
                      ; - java.util.zip.ZipFile$ZipFileInputStream::read@130
                      ; - java.util.zip.ZipFile$ZipFileInflaterInputStream::fill@32
                      ; - java.util.zip.InflaterInputStream::read@78
                      ; - jdk.internal.loader.Resource::getBytes@117
                      ; - java.net.URLClassLoader::defineClass@179
                      ; - java.net.URLClassLoader$1::run@43
  0x000002dfc7ccb868: 948d 57ff 

  0x000002dfc7ccb86c: ;   {other}
  0x000002dfc7ccb86c: 0f1f 8400 | 5c59 004f | 4c8b cdc4 | c179 7ec8 | 4183 faff | 0f8e b3ec | ffff 6690 | 460f be5c 
  0x000002dfc7ccb88c: 1310 4183 | fb2e 0f84 | d80f 0000 | 41ff ca41 | 83fa ff7f | e7e9 93ec | ffff 4c8b | 9c24 c000 
  0x000002dfc7ccb8ac: 0000 488d | 8424 5001 | 0000 4883 | 3800 0f84 | 7900 0000 | 4d8b 1341 | f6c2 020f | 8462 0000 
  0x000002dfc7ccb8cc: 0049 83ba | 8600 0000 | 0074 0949 | ff8a 8600 | 0000 eb4b | 498b 8296 | 0000 0049 | 0b82 8e00 
  0x000002dfc7ccb8ec: 0000 750a | 49c7 423e | 0000 0000 | eb3d 4983 | ba9e 0000 | 0000 7422 | 4833 c049 | c742 3e00 
  0x000002dfc7ccb90c: 0000 00f0 | 8304 2400 | 4983 ba9e | 0000 0000 | 750d f04d | 0fb1 7a3e | 7505 83c8 | 01eb 0ca8 
  0x000002dfc7ccb92c: 00eb 084c | 8b10 f04d | 0fb1 1375 | 0a49 ff8f | 4805 0000 | 4533 d20f | 85ac 4000 | 004c 8b84 
  0x000002dfc7ccb94c: 2480 0000 | 0041 c740 | 10ff ffff | ffba 45ff | ffff 488b | 6c24 204c | 8b54 2438 

  0x000002dfc7ccb968: ;   {no_reloc}
  0x000002dfc7ccb968: 4c89 5424 | 2044 8b54 | 2440 4489 | 5424 2844 | 8b5c 2444 | 4489 5c24 | 2c4c 8b54 | 2468 4c89 
  0x000002dfc7ccb988: 5424 3844 | 8b54 245c | 4489 5424 | 4044 8b5c | 2474 4489 | 5c24 444c | 8944 2468 | 4c89 8424 
  0x000002dfc7ccb9a8: 8000 0000 

  0x000002dfc7ccb9ac: ;   {runtime_call UncommonTrapBlob}
  0x000002dfc7ccb9ac: c5f8 77e8 

  0x000002dfc7ccb9b0: ; ImmutableOopMap {rbp=Oop [32]=Oop [40]=NarrowOop [44]=NarrowOop [56]=Oop [64]=NarrowOop [104]=Oop [128]=Oop [328]=Oop }
                      ;*if_icmpne {reexecute=1 rethrow=0 return_oop=0}
                      ; - (reexecute) java.util.zip.ZipFile$ZipFileInflaterInputStream::fill@43
                      ; - java.util.zip.InflaterInputStream::read@78
                      ; - jdk.internal.loader.Resource::getBytes@117
                      ; - java.net.URLClassLoader::defineClass@179
                      ; - java.net.URLClassLoader$1::run@43
  0x000002dfc7ccb9b0: 4c8c 57ff 

  0x000002dfc7ccb9b4: ;   {other}
  0x000002dfc7ccb9b4: 0f1f 8400 | a45a 0050 | 4c63 c54d | 8d50 104d | 8bda 4983 | e3f8 488b | fb49 03fb | 49c1 ea03 
  0x000002dfc7ccb9d4: 4c8b d94d | 2bda 498b | cb48 33c0 | 4883 f908 | 7f10 48ff | c978 4f48 | 8904 cf48 | ffc9 7df7 
  0x000002dfc7ccb9f4: eb44 c5fd | efc0 e90d | 0000 00c5 | fe7f 07c5 | fe7f 4720 | 4883 c740 | 4883 e908 | 7ded 4883 
  0x000002dfc7ccba14: c104 7c0c | c5fe 7f07 | 4883 c720 | 4883 e904 | 4883 c104 | 7e10 48ff | c9c5 f9d6 | 0748 83c7 
  0x000002dfc7ccba34: 0848 ffc9 | 7df3 488b | 8c24 9800 | 0000 498b | d1c5 f877 | 49ba c07a | 22c7 df02 | 0000 41ff 
  0x000002dfc7ccba54: ;   {other}
  0x000002dfc7ccba54: d20f 1f84 | 0000 0000 | 00e9 ccd6 

  0x000002dfc7ccba60: ;   {metadata('java/util/concurrent/ConcurrentHashMap')}
  0x000002dfc7ccba60: ffff 4181 | f911 ab00 | 200f 85b4 | 3f00 0049 | 8bd3 4c8b | 8424 a000 | 0000 4c8b | 4c24 7848 
  0x000002dfc7ccba80: 8b7c 2478 

  0x000002dfc7ccba84: ;   {optimized virtual_call}
  0x000002dfc7ccba84: c5f8 77e8 

  0x000002dfc7ccba88: ; ImmutableOopMap {[32]=Oop [40]=Oop [56]=Oop [64]=NarrowOop [68]=NarrowOop [72]=Oop [80]=Oop [92]=NarrowOop [104]=Oop [112]=NarrowOop [128]=Oop [144]=Oop [168]=Oop [328]=Oop }
                      ;*invokevirtual replaceNode {reexecute=0 rethrow=0 return_oop=1}
                      ; - java.util.concurrent.ConcurrentHashMap::remove@4
                      ; - java.util.Collections$SetFromMap::remove@5
                      ; - java.util.zip.ZipFile$ZipFileInputStream::close@42
                      ; - java.util.zip.ZipFile$ZipFileInputStream::read@130
                      ; - java.util.zip.ZipFile$ZipFileInflaterInputStream::fill@32
                      ; - java.util.zip.InflaterInputStream::read@78
                      ; - jdk.internal.loader.Resource::getBytes@117
                      ; - java.net.URLClassLoader::defineClass@179
                      ; - java.net.URLClassLoader$1::run@43
  0x000002dfc7ccba88: f42f 57ff 

  0x000002dfc7ccba8c: ;   {other}
  0x000002dfc7ccba8c: 0f1f 8400 | 7c5b 0051 | e906 ccff | ff4d 63d1 | 498b ea41 | 81f9 0000 | 1000 0f87 | dc39 0000 
  0x000002dfc7ccbaac: 4d8b 97b8 | 0100 0049 | 8bca 4c8d | 5517 4983 | e2f8 4c8b | d94d 03da | 4d3b 9fc8 | 0100 000f 
  0x000002dfc7ccbacc: 83b7 3900 | 004d 899f | b801 0000 | 410f 1883 | 0001 0000 | 4c8b d149 | c702 0100 | 0000 410f 
  0x000002dfc7ccbaec: 1883 4001 

  0x000002dfc7ccbaf0: ;   {metadata({type array byte})}
  0x000002dfc7ccbaf0: 0000 41c7 | 4208 4581 | 0020 4589 | 4a0c 410f | 1883 8001 | 0000 4489 | 8424 b000 | 0000 4c8b 
  0x000002dfc7ccbb10: d149 8bda | 498b d248 | 83c2 104c | 8d55 0749 | c1ea 0348 | 8b8c 2498 | 0000 004d | 8bc2 c5f8 
  0x000002dfc7ccbb30: 7749 ba60 | 8122 c7df | 0200 0041 

  0x000002dfc7ccbb3c: ;   {other}
  0x000002dfc7ccbb3c: ffd2 0f1f | 8400 0000 | 0000 e9e3 | d5ff ff44 | 8b94 249c | 0000 0045 | 8b5a 3445 | 85db 0f84 
  0x000002dfc7ccbb5c: 13cd ffff | 4d8b 5728 | 498b cb4d | 85d2 0f84 | d82c 0000 | 4d8b 5f38 | 4b89 4c13 | f849 83c2 
  0x000002dfc7ccbb7c: f84d 8957 | 28e9 edcc | ffff 448b | 9c24 9c00 | 0000 458b | 5b38 4585 | db0f 84e3 | ccff ff4d 
  0x000002dfc7ccbb9c: 8b57 2849 | 8bcb 4d85 | d20f 847d | 2c00 004d | 8b5f 384b | 894c 13f8 | 4983 c2f8 | 4d89 5728 
  0x000002dfc7ccbbbc: e9bd ccff | ff4d 8b57 | 484d 8b5f | 58f0 8344 | 24c0 0080 | 3900 0f84 | efcc ffff | 4488 214d 
  0x000002dfc7ccbbdc: 85d2 7520 | 498b d7c5 | f877 49ba | 50ed 3e37 | f97f 0000 

  0x000002dfc7ccbbf0: ;   {other}
  0x000002dfc7ccbbf0: 41ff d20f | 1f84 0000 | 0000 00e9 | c7cc ffff | 4b89 4c13 | f849 83c2 | f84d 8957 | 48e9 b5cc 
  0x000002dfc7ccbc10: ffff 4c8b | 5424 6845 | 8b5a 1045 | 85db 0f84 | 8bd0 ffff | 4d8b 4728 | 498b cb4d | 85c0 0f84 
  0x000002dfc7ccbc30: d436 0000 | 4d8b 5f38 | 4b89 4c03 | f849 83c0 | f84d 8947 | 28e9 65d0 | ffff 4c8b | 4424 6845 
  0x000002dfc7ccbc50: 8b58 1445 | 85db 0f84 | b4d0 ffff | 4d8b 5728 | 498b cb4d | 85d2 0f84 | c836 0000 | 4d8b 5f38 
  0x000002dfc7ccbc70: 4b89 4c13 | f849 83c2 | f84d 8957 | 28e9 8ed0 | ffff 4c8b | 5c24 6045 | 8b43 0c45 | 85c0 0f84 
  0x000002dfc7ccbc90: 2cd1 ffff | 4d8b 5728 | 498b c84d | 85d2 0f84 | b636 0000 | 4d8b 4738 | 4b89 4c10 | f849 83c2 
  0x000002dfc7ccbcb0: f84d 8957 | 28e9 06d1 | ffff 4d8b | 5758 4d8b | 4748 f083 | 4424 c000 | 8039 000f | 84ed ceff 
  0x000002dfc7ccbcd0: ff44 8821 | 4d85 c075 | 2c49 8bf9 | 498b db49 | 8bd7 c5f8 | 7749 ba50 | ed3e 37f9 | 7f00 0041 
  0x000002dfc7ccbcf0: ;   {other}
  0x000002dfc7ccbcf0: ffd2 0f1f | 8400 0000 | 0000 4c8b | db4c 8bcf | e9b9 ceff | ff4b 894c | 02f8 4983 | c0f8 4d89 
  0x000002dfc7ccbd10: 4748 e9a7 | ceff ff4d | 8b5f 484d | 8b47 58f0 | 8344 24c0 | 0080 3900 | 7438 4488 | 214d 85db 
  0x000002dfc7ccbd30: 740f 4b89 | 4c18 f849 | 83c3 f84d | 895f 48eb | 2149 8bda | 498b d7c5 | f877 49ba | 50ed 3e37 
  0x000002dfc7ccbd50: f97f 0000 

  0x000002dfc7ccbd54: ;   {other}
  0x000002dfc7ccbd54: 41ff d20f | 1f84 0000 | 0000 004c | 8bd3 458b | 4210 4585 | c00f 844d | 3d00 004d | 8bd8 498b 
  0x000002dfc7ccbd74: dbe9 68cf | ffff 4d8b | 5748 4d8b | 5f58 f083 | 4424 c000 | 8039 000f | 84b5 cfff | ff44 8821 
  0x000002dfc7ccbd94: 4d85 d275 | 2949 8bd8 | 498b d7c5 | f877 49ba | 50ed 3e37 | f97f 0000 

  0x000002dfc7ccbdac: ;   {other}
  0x000002dfc7ccbdac: 41ff d20f | 1f84 0000 | 0000 004c | 8bc3 4c8b | cde9 84cf | ffff 4b89 | 4c13 f849 | 83c2 f84d 
  0x000002dfc7ccbdcc: 8957 48e9 | 72cf ffff | 4d8b 5748 | 4d8b 4758 | f083 4424 | c000 8039 | 0074 3844 | 8821 4d85 
  0x000002dfc7ccbdec: d274 0f4b | 894c 10f8 | 4983 c2f8 | 4d89 5748 | eb21 498b | db49 8bd7 | c5f8 7749 | ba50 ed3e 
  0x000002dfc7ccbe0c: 37f9 7f00 | 0041 ffd2 

  0x000002dfc7ccbe14: ;   {other}
  0x000002dfc7ccbe14: 0f1f 8400 | 0000 0000 | 4c8b db41 | 8b5b 0ce9 | cbcf ffff | 4c8b c3e9 | 19e6 ffff | 4c8b 4424 
  0x000002dfc7ccbe34: 7045 8b58 | 1045 85db | 742d 498b | f949 8bd8 | 4d8b 5728 | 498b cb4d | 85d2 0f84 | 2c35 0000 
  0x000002dfc7ccbe54: 4d8b 5f38 | 4b89 4c13 | f849 83c2 | f84d 8957 | 284c 8bc3 | 4c8b cf4d | 8bd1 e999 | e5ff ff4c 
  0x000002dfc7ccbe74: 8b4c 2470 | 458b 5114 | 4585 d20f | 84ef e5ff | ff4d 8b5f | 2849 8bca | 4d85 db0f | 840b 3500 
  0x000002dfc7ccbe94: 0049 8bd9 | 4d8b 5738 | 4b89 4c1a | f849 83c3 | f84d 895f | 284c 8bcb | e9c3 e5ff | ff4d 8b57 
  0x000002dfc7ccbeb4: 584d 8b5f | 48f0 8344 | 24c0 0080 | 3900 0f84 | 5ae4 ffff | 4488 214d | 85db 7520 | 498b d7c5 
  0x000002dfc7ccbed4: f877 49ba | 50ed 3e37 | f97f 0000 

  0x000002dfc7ccbee0: ;   {other}
  0x000002dfc7ccbee0: 41ff d20f | 1f84 0000 | 0000 00e9 | 32e4 ffff | 4b89 4c1a | f849 83c3 | f84d 895f | 48e9 20e4 
  0x000002dfc7ccbf00: ffff 4d8b | 5748 4d8b | 5f58 f083 | 4424 c000 | 8039 0074 | 3244 8821 | 4d85 d274 | 0f4b 894c 
  0x000002dfc7ccbf20: 13f8 4983 | c2f8 4d89 | 5748 eb1b | 498b d7c5 | f877 49ba | 50ed 3e37 | f97f 0000 

  0x000002dfc7ccbf3c: ;   {other}
  0x000002dfc7ccbf3c: 41ff d20f | 1f84 0000 | 0000 004c | 8bc3 458b | 5010 4585 | d20f 84ad | 3b00 00e9 | ede4 ffff 
  0x000002dfc7ccbf5c: 498b d94d | 8b57 484d | 8b5f 58f0 | 8344 24c0 | 0080 3900 | 7432 4488 | 214d 85d2 | 740f 4b89 
  0x000002dfc7ccbf7c: 4c13 f849 | 83c2 f84d | 8957 48eb | 1b49 8bd7 | c5f8 7749 | ba50 ed3e | 37f9 7f00 | 0041 ffd2 
  0x000002dfc7ccbf9c: ;   {other}
  0x000002dfc7ccbf9c: 0f1f 8400 | 0000 0000 | 4c8b cb48 | 8bdd e9fb | e4ff ff48 | 8b94 24a0 | 0000 0090 

  0x000002dfc7ccbfb8: ;   {optimized virtual_call}
  0x000002dfc7ccbfb8: c5f8 77e8 

  0x000002dfc7ccbfbc: ; ImmutableOopMap {[32]=Oop [40]=Oop [56]=Oop [64]=NarrowOop [68]=NarrowOop [72]=Oop [80]=Oop [92]=NarrowOop [104]=Oop [112]=NarrowOop [128]=Oop [144]=Oop [156]=NarrowOop [160]=Oop [168]=Oop [184]=Oop [328]=Oop }
                      ;*invokevirtual hashCode {reexecute=0 rethrow=0 return_oop=0}
                      ; - java.util.WeakHashMap::hash@1
                      ; - java.util.WeakHashMap::remove@7
                      ; - java.util.Collections$SetFromMap::remove@5
                      ; - java.util.zip.ZipFile$ZipFileInputStream::close@42
                      ; - java.util.zip.ZipFile$ZipFileInputStream::read@130
                      ; - java.util.zip.ZipFile$ZipFileInflaterInputStream::fill@32
                      ; - java.util.zip.InflaterInputStream::read@78
                      ; - jdk.internal.loader.Resource::getBytes@117
                      ; - java.net.URLClassLoader::defineClass@179
                      ; - java.net.URLClassLoader$1::run@43
  0x000002dfc7ccbfbc: c02a 57ff 

  0x000002dfc7ccbfc0: ;   {other}
  0x000002dfc7ccbfc0: 0f1f 8400 | b060 0052 | e9d2 e0ff | ffba f6ff | ffff 498b | ed48 8944 | 2420 6690 

  0x000002dfc7ccbfdc: ;   {runtime_call UncommonTrapBlob}
  0x000002dfc7ccbfdc: c5f8 77e8 

  0x000002dfc7ccbfe0: ; ImmutableOopMap {rbp=Oop [32]=Oop }
                      ;*invokevirtual getResource {reexecute=0 rethrow=0 return_oop=0}
                      ; - java.net.URLClassLoader$1::run@26
  0x000002dfc7ccbfe0: 1c86 57ff 

  0x000002dfc7ccbfe4: ;   {other}
  0x000002dfc7ccbfe4: 0f1f 8400 | d460 0053 | ba76 ffff | ff49 8bed | 894c 2420 | 4489 4424 | 2889 5c24 | 2c66 6690 
  0x000002dfc7ccc004: ;   {runtime_call UncommonTrapBlob}
  0x000002dfc7ccc004: c5f8 77e8 

  0x000002dfc7ccc008: ; ImmutableOopMap {rbp=Oop [32]=NarrowOop [44]=NarrowOop }
                      ;*if_icmpge {reexecute=1 rethrow=0 return_oop=0}
                      ; - (reexecute) java.lang.StringLatin1::replace@19
                      ; - java.lang.String::replace@18
                      ; - java.net.URLClassLoader$1::run@8
  0x000002dfc7ccc008: f485 57ff 

  0x000002dfc7ccc00c: ;   {other}
  0x000002dfc7ccc00c: 0f1f 8400 | fc60 0054 | 448b 1f45 | 85db 0f84 | 3bc6 ffff | 4d8b 5728 | 498b cb4d | 85d2 0f84 
  0x000002dfc7ccc02c: 3834 0000 | 4d8b 5f38 | 4b89 4c13 | f849 83c2 | f84d 8957 | 28e9 15c6 | ffff 4d8b | 5748 4d8b 
  0x000002dfc7ccc04c: 5f58 f083 | 4424 c000 | 8039 000f | 8442 c6ff | ff44 8821 | 4d85 d275 | 2049 8bd7 | c5f8 7749 
  0x000002dfc7ccc06c: ba50 ed3e | 37f9 7f00 | 0041 ffd2 

  0x000002dfc7ccc078: ;   {other}
  0x000002dfc7ccc078: 0f1f 8400 | 0000 0000 | e91a c6ff | ff4b 894c | 13f8 4983 | c2f8 4d89 | 5748 e908 | c6ff ff48 
  0x000002dfc7ccc098: 63cd e94d | aeff ffba | ccff ffff | 498b ed4c | 894c 2420 | 4889 4424 | 3048 895c | 2438 4489 
  0x000002dfc7ccc0b8: 4424 4090 

  0x000002dfc7ccc0bc: ;   {runtime_call UncommonTrapBlob}
  0x000002dfc7ccc0bc: c5f8 77e8 

  0x000002dfc7ccc0c0: ; ImmutableOopMap {rbp=Oop [32]=Oop [56]=Oop }
                      ;*invokestatic arraycopy {reexecute=0 rethrow=0 return_oop=0}
                      ; - java.lang.String::getBytes@22
                      ; - java.lang.StringConcatHelper::prepend@21
                      ; - java.lang.StringConcatHelper::simpleConcat@71
                      ; - java.lang.String::concat@11
                      ; - java.net.URLClassLoader$1::run@13
  0x000002dfc7ccc0c0: 3c85 57ff 

  0x000002dfc7ccc0c4: ;   {other}
  0x000002dfc7ccc0c4: 0f1f 8400 | b461 0055 | bacc ffff | ff49 8bed | 4c89 5c24 | 2048 895c | 2430 4489 | 5424 3890 
  0x000002dfc7ccc0e4: ;   {runtime_call UncommonTrapBlob}
  0x000002dfc7ccc0e4: c5f8 77e8 

  0x000002dfc7ccc0e8: ; ImmutableOopMap {rbp=Oop [32]=Oop [48]=Oop }
                      ;*invokestatic arraycopy {reexecute=0 rethrow=0 return_oop=0}
                      ; - java.lang.String::getBytes@22
                      ; - java.lang.StringConcatHelper::prepend@21
                      ; - java.lang.StringConcatHelper::simpleConcat@81
                      ; - java.lang.String::concat@11
                      ; - java.net.URLClassLoader$1::run@13
  0x000002dfc7ccc0e8: 1485 57ff 

  0x000002dfc7ccc0ec: ;   {other}
  0x000002dfc7ccc0ec: 0f1f 8400 | dc61 0056 | ba76 ffff | ff4c 896c | 2420 894c | 2428 4c89 | 5c24 3044 | 8944 243c 
  0x000002dfc7ccc10c: 895c 2440 

  0x000002dfc7ccc110: ;   {runtime_call UncommonTrapBlob}
  0x000002dfc7ccc110: c5f8 77e8 

  0x000002dfc7ccc114: ; ImmutableOopMap {[32]=Oop [40]=NarrowOop [48]=Oop [64]=NarrowOop }
                      ;*if_icmpge {reexecute=1 rethrow=0 return_oop=0}
                      ; - (reexecute) java.lang.StringLatin1::replace@82
                      ; - java.lang.String::replace@18
                      ; - java.net.URLClassLoader$1::run@8
  0x000002dfc7ccc114: e884 57ff 

  0x000002dfc7ccc118: ;   {other}
  0x000002dfc7ccc118: 0f1f 8400 | 0862 0057 | 4489 8424 | b000 0000 

  0x000002dfc7ccc128: ;   {metadata({type array byte})}
  0x000002dfc7ccc128: 48ba 280a | 0400 0100 | 0000 448b | 8424 8c00 | 0000 6690 

  0x000002dfc7ccc13c: ;   {runtime_call _new_array_nozero_Java}
  0x000002dfc7ccc13c: c5f8 77e8 

  0x000002dfc7ccc140: ; ImmutableOopMap {[32]=Oop [40]=Oop [56]=Oop [64]=NarrowOop [68]=NarrowOop [72]=Oop [80]=Oop [92]=NarrowOop [104]=Oop [112]=NarrowOop [128]=Oop [152]=Derived_oop_[128] [144]=Oop }
                      ;*newarray {reexecute=0 rethrow=0 return_oop=1}
                      ; - java.util.Arrays::copyOf@15
                      ; - jdk.internal.loader.Resource::getBytes@94
                      ; - java.net.URLClassLoader::defineClass@179
                      ; - java.net.URLClassLoader$1::run@43
  0x000002dfc7ccc140: bc19 5aff 

  0x000002dfc7ccc144: ;   {other}
  0x000002dfc7ccc144: 0f1f 8400 | 3462 0058 | 4c8b c8e9 | 73cf ffff | ba76 ffff | ff4c 896c | 2420 894c | 2428 4489 
  0x000002dfc7ccc164: 4424 2c4c | 895c 2430 | 895c 243c 

  0x000002dfc7ccc170: ;   {runtime_call UncommonTrapBlob}
  0x000002dfc7ccc170: c5f8 77e8 

  0x000002dfc7ccc174: ; ImmutableOopMap {[32]=Oop [40]=NarrowOop [48]=Oop [60]=NarrowOop }
                      ;*if_icmpge {reexecute=1 rethrow=0 return_oop=0}
                      ; - (reexecute) java.lang.StringLatin1::replace@61
                      ; - java.lang.String::replace@18
                      ; - java.net.URLClassLoader$1::run@8
  0x000002dfc7ccc174: 8884 57ff 

  0x000002dfc7ccc178: ;   {other}
  0x000002dfc7ccc178: 0f1f 8400 | 6862 0059 | 41ba 0100 | 0000 e927 | abff ff33 | ed45 85d2 | 400f 94c5 | ba45 ffff 
  0x000002dfc7ccc198: ff4c 896c | 2420 895c | 2428 6690 

  0x000002dfc7ccc1a4: ;   {runtime_call UncommonTrapBlob}
  0x000002dfc7ccc1a4: c5f8 77e8 

  0x000002dfc7ccc1a8: ; ImmutableOopMap {[32]=Oop [40]=NarrowOop }
                      ;*ifeq {reexecute=1 rethrow=0 return_oop=0}
                      ; - (reexecute) java.lang.String::replace@9
                      ; - java.net.URLClassLoader$1::run@8
  0x000002dfc7ccc1a8: 5484 57ff 

  0x000002dfc7ccc1ac: ;   {other}
  0x000002dfc7ccc1ac: 0f1f 8400 | 9c62 005a | baf6 ffff | ff48 8b6c | 2420 4489 | 6c24 2848 | 8944 2430 

  0x000002dfc7ccc1c8: ;   {runtime_call UncommonTrapBlob}
  0x000002dfc7ccc1c8: c5f8 77e8 

  0x000002dfc7ccc1cc: ; ImmutableOopMap {rbp=Oop [40]=NarrowOop [48]=Oop }
                      ;*invokevirtual defineClass {reexecute=0 rethrow=0 return_oop=0}
                      ; - java.net.URLClassLoader$1::run@43
  0x000002dfc7ccc1cc: 3084 57ff 

  0x000002dfc7ccc1d0: ;   {other}
  0x000002dfc7ccc1d0: 0f1f 8400 | c062 005b | ba45 ffff | ff66 6690 

  0x000002dfc7ccc1e0: ;   {runtime_call UncommonTrapBlob}
  0x000002dfc7ccc1e0: c5f8 77e8 

  0x000002dfc7ccc1e4: ; ImmutableOopMap {rbp=NarrowOop [32]=Oop [56]=Oop [64]=NarrowOop [68]=NarrowOop [92]=NarrowOop }
                      ;*ifeq {reexecute=1 rethrow=0 return_oop=0}
                      ; - (reexecute) jdk.internal.loader.Resource::getByteBuffer@9
                      ; - java.net.URLClassLoader::defineClass@132
                      ; - java.net.URLClassLoader$1::run@43
  0x000002dfc7ccc1e4: 1884 57ff 

  0x000002dfc7ccc1e8: ;   {other}
  0x000002dfc7ccc1e8: 0f1f 8400 | d862 005c | bae4 ffff | ff4c 8b54 | 2438 4c89 | 5424 2844 | 8b5c 2440 | 4489 5c24 
  0x000002dfc7ccc208: 3844 8b54 | 2444 4489 | 5424 3c44 | 894c 2454 

  0x000002dfc7ccc218: ;   {runtime_call UncommonTrapBlob}
  0x000002dfc7ccc218: c5f8 77e8 

  0x000002dfc7ccc21c: ; ImmutableOopMap {[32]=Oop [40]=Oop [56]=NarrowOop [60]=NarrowOop [84]=NarrowOop [104]=Oop [128]=Oop }
                      ;*invokestatic checkIndex {reexecute=0 rethrow=0 return_oop=0}
                      ; - java.nio.Buffer::checkIndex@8
                      ; - java.nio.DirectLongBufferU::get@11
                      ; - jdk.internal.perf.PerfCounter::get@5
                      ; - jdk.internal.perf.PerfCounter::add@1
                      ; - jdk.internal.perf.PerfCounter::addElapsedTimeFrom@6
                      ; - java.net.URLClassLoader::defineClass@207
                      ; - java.net.URLClassLoader$1::run@43
  0x000002dfc7ccc21c: e083 57ff 

  0x000002dfc7ccc220: ;   {other}
  0x000002dfc7ccc220: 0f1f 8400 | 1063 005d | baf6 ffff | ff48 8b6c | 2420 4889 | 5c24 284c | 8954 2430 

  0x000002dfc7ccc23c: ;   {runtime_call UncommonTrapBlob}
  0x000002dfc7ccc23c: c5f8 77e8 

  0x000002dfc7ccc240: ; ImmutableOopMap {rbp=Oop [40]=Oop [48]=Oop [56]=Oop }
                      ;*invokevirtual putIfAbsent {reexecute=0 rethrow=0 return_oop=0}
                      ; - java.lang.ClassLoader::checkCerts@62
                      ; - java.lang.ClassLoader::preDefineClass@113
                      ; - java.lang.ClassLoader::defineClass@4
                      ; - java.security.SecureClassLoader::defineClass@12
                      ; - java.net.URLClassLoader::defineClass@220
                      ; - java.net.URLClassLoader$1::run@43
  0x000002dfc7ccc240: bc83 57ff 

  0x000002dfc7ccc244: ;   {other}
  0x000002dfc7ccc244: 0f1f 8400 | 3463 005e | ba76 ffff | ff48 8b6c | 2420 895c | 2420 4489 | 5424 2845 | 8bd3 4489 
  0x000002dfc7ccc264: 5424 2c44 | 896c 2440 | 4889 7c24 | 4866 6690 

  0x000002dfc7ccc274: ;   {runtime_call UncommonTrapBlob}
  0x000002dfc7ccc274: c5f8 77e8 

  0x000002dfc7ccc278: ; ImmutableOopMap {rbp=Oop [32]=NarrowOop [44]=NarrowOop [64]=NarrowOop [72]=Oop }
                      ;*iflt {reexecute=1 rethrow=0 return_oop=0}
                      ; - (reexecute) java.lang.StringLatin1::lastIndexOf@19
                      ; - java.lang.String::lastIndexOf@13
                      ; - java.lang.String::lastIndexOf@8
                      ; - java.net.URLClassLoader::defineClass@7
                      ; - java.net.URLClassLoader$1::run@43
  0x000002dfc7ccc278: 8483 57ff 

  0x000002dfc7ccc27c: ;   {other}
  0x000002dfc7ccc27c: 0f1f 8400 | 6c63 005f | ba76 ffff | ff4c 8b5c | 2420 498b | eb44 8954 | 2420 895c | 2428 4c8b 
  0x000002dfc7ccc29c: 5424 584c | 8954 2448 | 4489 7424 | 5866 6690 

  0x000002dfc7ccc2ac: ;   {runtime_call UncommonTrapBlob}
  0x000002dfc7ccc2ac: c5f8 77e8 

  0x000002dfc7ccc2b0: ; ImmutableOopMap {rbp=Oop [32]=NarrowOop [48]=NarrowOop [56]=Oop [68]=NarrowOop [72]=Oop [88]=NarrowOop [152]=Oop }
                      ;*iflt {reexecute=1 rethrow=0 return_oop=0}
                      ; - (reexecute) java.lang.StringLatin1::lastIndexOf@19
                      ; - java.lang.String::lastIndexOf@13
                      ; - java.lang.String::lastIndexOf@8
                      ; - java.lang.ClassLoader::checkCerts@3
                      ; - java.lang.ClassLoader::preDefineClass@113
                      ; - java.lang.ClassLoader::defineClass@4
                      ; - java.security.SecureClassLoader::defineClass@12
                      ; - java.net.URLClassLoader::defineClass@220
                      ; - java.net.URLClassLoader$1::run@43
  0x000002dfc7ccc2b0: 4c83 57ff 

  0x000002dfc7ccc2b4: ;   {other}
  0x000002dfc7ccc2b4: 0f1f 8400 | a463 0060 | 4489 5424 | 6444 8944 | 2460 4889 | 4c24 584c | 894c 2450 | 4489 6c24 
  0x000002dfc7ccc2d4: 4c44 8b5c | 2440 4489 | 5c24 484c | 8b54 2478 | 4c89 5424 | 4048 897c | 2438 488b | 6c24 2048 
  0x000002dfc7ccc2f4: 8bd7 4c8d | 8424 5001 | 0000 6690 

  0x000002dfc7ccc300: ;   {runtime_call _complete_monitor_locking_Java}
  0x000002dfc7ccc300: c5f8 77e8 

  0x000002dfc7ccc304: ; ImmutableOopMap {rbp=Oop [40]=Oop [56]=Oop [72]=NarrowOop [76]=NarrowOop [80]=Oop [88]=Oop [100]=NarrowOop }
                      ;*synchronization entry
                      ; - jdk.internal.loader.Resource::cachedInputStream@-1
                      ; - jdk.internal.loader.Resource::getByteBuffer@1
                      ; - java.net.URLClassLoader::defineClass@132
                      ; - java.net.URLClassLoader$1::run@43
  0x000002dfc7ccc304: f880 5aff 

  0x000002dfc7ccc308: ;   {other}
  0x000002dfc7ccc308: 0f1f 8400 | f863 0061 | 4889 6c24 | 2048 8b7c | 2438 4c8b | 5424 404c | 8954 2478 | 448b 5424 
  0x000002dfc7ccc328: 4844 8954 | 2440 448b | 6c24 4c4c | 8b4c 2450 | 488b 4c24 | 5844 8b44 | 2460 448b | 5424 64e9 
  0x000002dfc7ccc348: 79b8 ffff | 895c 2454 | 4489 5424 | 5044 8944 | 2444 4889 | 4c24 484c | 894c 2438 | 488b 7424 
  0x000002dfc7ccc368: 7848 8bcf | 488d 9424 | 5001 0000 | 4d8b c7c5 | f877 49ba | 105a 8037 | f97f 0000 

  0x000002dfc7ccc384: ;   {other}
  0x000002dfc7ccc384: 41ff d20f | 1f84 0000 | 0000 0048 | 8974 2478 | 4c8b 4c24 | 3848 8b4c | 2448 448b | 4424 4444 
  0x000002dfc7ccc3a4: 8b54 2450 | 8b5c 2454 | e975 b9ff 

  0x000002dfc7ccc3b0: ;   {oop(a 'jdk/internal/perf/PerfCounter'{0x000000008008c658})}
  0x000002dfc7ccc3b0: ff48 ba58 | c608 8000 | 0000 004c | 8d84 2450 | 0100 0090 

  0x000002dfc7ccc3c4: ;   {runtime_call _complete_monitor_locking_Java}
  0x000002dfc7ccc3c4: c5f8 77e8 

  0x000002dfc7ccc3c8: ; ImmutableOopMap {[32]=Oop [56]=Oop [64]=NarrowOop [68]=NarrowOop [72]=Oop [80]=Oop [104]=Oop [128]=Oop }
                      ;*synchronization entry
                      ; - jdk.internal.perf.PerfCounter::add@-1
                      ; - jdk.internal.perf.PerfCounter::addElapsedTimeFrom@6
                      ; - java.net.URLClassLoader::defineClass@207
                      ; - java.net.URLClassLoader$1::run@43
  0x000002dfc7ccc3c8: 3480 5aff 

  0x000002dfc7ccc3cc: ;   {other}
  0x000002dfc7ccc3cc: 0f1f 8400 | bc64 0062 | e9bf bbff | ffba ccff | ffff 4c8b | 5424 384c | 8954 2428 | 448b 5424 
  0x000002dfc7ccc3ec: 4044 8954 | 2438 448b | 5c24 4444 | 895c 243c | 4489 4c24 | 5466 6690 

  0x000002dfc7ccc404: ;   {runtime_call UncommonTrapBlob}
  0x000002dfc7ccc404: c5f8 77e8 

  0x000002dfc7ccc408: ; ImmutableOopMap {[32]=Oop [40]=Oop [56]=NarrowOop [60]=NarrowOop [84]=NarrowOop [104]=Oop [128]=Oop }
                      ;*invokestatic checkIndex {reexecute=0 rethrow=0 return_oop=0}
                      ; - java.nio.Buffer::checkIndex@8
                      ; - java.nio.DirectLongBufferU::get@11
                      ; - jdk.internal.perf.PerfCounter::get@5
                      ; - jdk.internal.perf.PerfCounter::add@1
                      ; - jdk.internal.perf.PerfCounter::addElapsedTimeFrom@6
                      ; - java.net.URLClassLoader::defineClass@207
                      ; - java.net.URLClassLoader$1::run@43
  0x000002dfc7ccc408: f481 57ff 

  0x000002dfc7ccc40c: ;   {other}
  0x000002dfc7ccc40c: 0f1f 8400 | fc64 0063 

  0x000002dfc7ccc414: ;   {oop(a 'jdk/internal/perf/PerfCounter'{0x000000008008c658})}
  0x000002dfc7ccc414: 48b9 58c6 | 0880 0000 | 0000 488d | 9424 5001 | 0000 4d8b | c7c5 f877 | 49ba 105a | 8037 f97f 
  0x000002dfc7ccc434: 0000 41ff 

  0x000002dfc7ccc438: ;   {other}
  0x000002dfc7ccc438: d20f 1f84 | 0000 0000 | 00e9 31bc | ffff bade | ffff ff4c | 8b54 2438 | 4c89 5424 | 2844 894c 
  0x000002dfc7ccc458: 2430 4c89 | 4424 3844 | 895c 2440 | 4889 4c24 | 4848 895c | 2450 6690 

  0x000002dfc7ccc470: ;   {runtime_call UncommonTrapBlob}
  0x000002dfc7ccc470: c5f8 77e8 

  0x000002dfc7ccc474: ; ImmutableOopMap {rbp=NarrowOop [32]=Oop [40]=Oop [48]=NarrowOop [56]=Oop [68]=NarrowOop [72]=Oop [80]=Oop }
                      ;*invokeinterface computeIfAbsent {reexecute=0 rethrow=0 return_oop=0}
                      ; - java.security.SecureClassLoader::getProtectionDomain@28
                      ; - java.security.SecureClassLoader::defineClass@9
                      ; - java.net.URLClassLoader::defineClass@220
                      ; - java.net.URLClassLoader$1::run@43
  0x000002dfc7ccc474: 8881 57ff 

  0x000002dfc7ccc478: ;   {other}
  0x000002dfc7ccc478: 0f1f 8400 | 6865 0064 | ba45 ffff | ff48 8b6c | 2420 4c8b | 5424 384c | 8954 2420 | 448b 5c24 
  0x000002dfc7ccc498: 4444 895c | 2440 6690 

  0x000002dfc7ccc4a0: ;   {runtime_call UncommonTrapBlob}
  0x000002dfc7ccc4a0: c5f8 77e8 

  0x000002dfc7ccc4a4: ; ImmutableOopMap {rbp=Oop [32]=Oop [48]=NarrowOop [64]=NarrowOop [68]=NarrowOop [88]=Oop [152]=Oop }
                      ;*ifeq {reexecute=1 rethrow=0 return_oop=0}
                      ; - (reexecute) java.lang.ClassLoader::checkName@8
                      ; - java.lang.ClassLoader::preDefineClass@1
                      ; - java.lang.ClassLoader::defineClass@4
                      ; - java.security.SecureClassLoader::defineClass@12
                      ; - java.net.URLClassLoader::defineClass@220
                      ; - java.net.URLClassLoader$1::run@43
  0x000002dfc7ccc4a4: 5881 57ff 

  0x000002dfc7ccc4a8: ;   {other}
  0x000002dfc7ccc4a8: 0f1f 8400 | 9865 0065 | ba6e ffff | ff48 8b6c | 2420 895c | 2420 4489 | 5424 2844 | 895c 242c 
  0x000002dfc7ccc4c8: 4489 6c24 | 4048 897c | 2448 6690 

  0x000002dfc7ccc4d4: ;   {runtime_call UncommonTrapBlob}
  0x000002dfc7ccc4d4: c5f8 77e8 

  0x000002dfc7ccc4d8: ; ImmutableOopMap {rbp=Oop [32]=NarrowOop [44]=NarrowOop [64]=NarrowOop [72]=Oop }
                      ;*iflt {reexecute=1 rethrow=0 return_oop=0}
                      ; - (reexecute) java.lang.StringLatin1::lastIndexOf@19
                      ; - java.lang.String::lastIndexOf@13
                      ; - java.lang.String::lastIndexOf@8
                      ; - java.net.URLClassLoader::defineClass@7
                      ; - java.net.URLClassLoader$1::run@43
  0x000002dfc7ccc4d8: 2481 57ff 

  0x000002dfc7ccc4dc: ;   {other}
  0x000002dfc7ccc4dc: 0f1f 8400 | cc65 0066 | ba6e ffff | ff4c 8b5c | 2420 498b | eb44 8954 | 2420 895c | 2428 4c8b 
  0x000002dfc7ccc4fc: 5424 584c | 8954 2448 | 4489 7424 | 5866 6690 

  0x000002dfc7ccc50c: ;   {runtime_call UncommonTrapBlob}
  0x000002dfc7ccc50c: c5f8 77e8 

  0x000002dfc7ccc510: ; ImmutableOopMap {rbp=Oop [32]=NarrowOop [48]=NarrowOop [56]=Oop [68]=NarrowOop [72]=Oop [88]=NarrowOop [152]=Oop }
                      ;*iflt {reexecute=1 rethrow=0 return_oop=0}
                      ; - (reexecute) java.lang.StringLatin1::lastIndexOf@19
                      ; - java.lang.String::lastIndexOf@13
                      ; - java.lang.String::lastIndexOf@8
                      ; - java.lang.ClassLoader::checkCerts@3
                      ; - java.lang.ClassLoader::preDefineClass@113
                      ; - java.lang.ClassLoader::defineClass@4
                      ; - java.security.SecureClassLoader::defineClass@12
                      ; - java.net.URLClassLoader::defineClass@220
                      ; - java.net.URLClassLoader$1::run@43
  0x000002dfc7ccc510: ec80 57ff 

  0x000002dfc7ccc514: ;   {other}
  0x000002dfc7ccc514: 0f1f 8400 | 0466 0067 | bade ffff | ff48 897c | 2428 448b | 4c24 4044 | 894c 2438 | 4489 6c24 
  0x000002dfc7ccc534: 3c44 8954 | 2448 4889 | 4424 5844 | 895c 244c 

  0x000002dfc7ccc544: ;   {runtime_call UncommonTrapBlob}
  0x000002dfc7ccc544: c5f8 77e8 

  0x000002dfc7ccc548: ; ImmutableOopMap {rbp=NarrowOop [32]=Oop [40]=Oop [56]=NarrowOop [60]=NarrowOop [72]=NarrowOop [76]=NarrowOop [88]=Oop [160]=Oop }
                      ;*invokeinterface ensureInitialization {reexecute=0 rethrow=0 return_oop=0}
                      ; - jdk.internal.loader.URLClassPath$JarLoader$2::getManifest@10
                      ; - java.net.URLClassLoader::defineClass@34
                      ; - java.net.URLClassLoader$1::run@43
  0x000002dfc7ccc548: b480 57ff 

  0x000002dfc7ccc54c: ;   {other}
  0x000002dfc7ccc54c: 0f1f 8400 | 3c66 0068 | 498b d34c | 8d84 2450 | 0100 0090 

  0x000002dfc7ccc560: ;   {runtime_call _complete_monitor_locking_Java}
  0x000002dfc7ccc560: c5f8 77e8 

  0x000002dfc7ccc564: ; ImmutableOopMap {[32]=Oop [40]=Oop [56]=Oop [64]=NarrowOop [68]=NarrowOop [72]=Oop [80]=Oop [92]=NarrowOop [96]=Oop [104]=NarrowOop [112]=Oop [160]=Oop }
                      ;*synchronization entry
                      ; - java.util.jar.JarFile::ensureInitialization@-1
                      ; - java.util.jar.JavaUtilJarAccessImpl::ensureInitialization@1
                      ; - jdk.internal.loader.URLClassPath$JarLoader$2::getManifest@10
                      ; - java.net.URLClassLoader::defineClass@34
                      ; - java.net.URLClassLoader$1::run@43
  0x000002dfc7ccc564: 987e 5aff 

  0x000002dfc7ccc568: ;   {other}
  0x000002dfc7ccc568: 0f1f 8400 | 5866 0069 | e91f b4ff | ff4d 8bd3 | 498b ca48 | 8d94 2450 | 0100 004d | 8bc7 c5f8 
  0x000002dfc7ccc588: 7749 ba10 | 5a80 37f9 | 7f00 0041 

  0x000002dfc7ccc594: ;   {other}
  0x000002dfc7ccc594: ffd2 0f1f | 8400 0000 | 0000 e9b4 | b4ff ffba | deff ffff | 4c8b 5424 | 384c 8954 | 2428 448b 
  0x000002dfc7ccc5b4: 5424 4044 | 8954 2438 | 448b 5c24 | 4444 895c | 243c 6690 

  0x000002dfc7ccc5c8: ;   {runtime_call UncommonTrapBlob}
  0x000002dfc7ccc5c8: c5f8 77e8 

  0x000002dfc7ccc5cc: ; ImmutableOopMap {rbp=NarrowOop [32]=Oop [40]=Oop [56]=NarrowOop [60]=NarrowOop [92]=NarrowOop [96]=Oop [160]=Oop }
                      ;*invokevirtual getManifest {reexecute=0 rethrow=0 return_oop=0}
                      ; - jdk.internal.loader.URLClassPath$JarLoader$2::getManifest@22
                      ; - java.net.URLClassLoader::defineClass@34
                      ; - java.net.URLClassLoader$1::run@43
  0x000002dfc7ccc5cc: 3080 57ff 

  0x000002dfc7ccc5d0: ;   {other}
  0x000002dfc7ccc5d0: 0f1f 8400 | c066 006a | bade ffff | ff4c 8944 | 2428 448b | 5c24 4044 | 895c 2438 

  0x000002dfc7ccc5ec: ;   {runtime_call UncommonTrapBlob}
  0x000002dfc7ccc5ec: c5f8 77e8 

  0x000002dfc7ccc5f0: ; ImmutableOopMap {rbp=NarrowOop [32]=Oop [40]=Oop [56]=NarrowOop [68]=NarrowOop [92]=NarrowOop [128]=Oop }
                      ;*invokevirtual getCodeSigners {reexecute=0 rethrow=0 return_oop=0}
                      ; - jdk.internal.loader.URLClassPath$JarLoader$2::getCodeSigners@4
                      ; - java.net.URLClassLoader::defineClass@185
                      ; - java.net.URLClassLoader$1::run@43
  0x000002dfc7ccc5f0: 0c80 57ff 

  0x000002dfc7ccc5f4: ;   {other}
  0x000002dfc7ccc5f4: 0f1f 8400 | e466 006b | bace ffff | ff4c 8b5c | 2420 498b | eb44 8954 | 2420 4c8b | 5424 384c 
  0x000002dfc7ccc614: 8954 2428 | 448b 5424 | 4444 8954 | 2438 895c | 2444 6690 

  0x000002dfc7ccc628: ;   {runtime_call UncommonTrapBlob}
  0x000002dfc7ccc628: c5f8 77e8 

  0x000002dfc7ccc62c: ; ImmutableOopMap {rbp=Oop [32]=NarrowOop [40]=Oop [48]=NarrowOop [56]=NarrowOop [88]=Oop [152]=Oop }
                      ;*invokestatic indexOfChar {reexecute=0 rethrow=0 return_oop=0}
                      ; - java.lang.StringLatin1::indexOf@33
                      ; - java.lang.String::indexOf@17
                      ; - java.lang.String::indexOf@3
                      ; - java.lang.ClassLoader::checkName@16
                      ; - java.lang.ClassLoader::preDefineClass@1
                      ; - java.lang.ClassLoader::defineClass@4
                      ; - java.security.SecureClassLoader::defineClass@12
                      ; - java.net.URLClassLoader::defineClass@220
                      ; - java.net.URLClassLoader$1::run@43
  0x000002dfc7ccc62c: d07f 57ff 

  0x000002dfc7ccc630: ;   {other}
  0x000002dfc7ccc630: 0f1f 8400 | 2067 006c | ba45 ffff | ff49 8bed | 4c89 4c24 | 2044 8944 | 2428 6690 

  0x000002dfc7ccc64c: ;   {runtime_call UncommonTrapBlob}
  0x000002dfc7ccc64c: c5f8 77e8 

  0x000002dfc7ccc650: ; ImmutableOopMap {rbp=Oop [32]=Oop }
                      ;*iflt {reexecute=1 rethrow=0 return_oop=0}
                      ; - (reexecute) java.lang.StringConcatHelper::checkOverflow@2
                      ; - java.lang.StringConcatHelper::mix@23
                      ; - java.lang.StringConcatHelper::simpleConcat@46
                      ; - java.lang.String::concat@11
                      ; - java.net.URLClassLoader$1::run@13
  0x000002dfc7ccc650: ac7f 57ff 

  0x000002dfc7ccc654: ;   {other}
  0x000002dfc7ccc654: 0f1f 8400 | 4467 006d | ba45 ffff | ff4c 896c | 2420 4c89 | 4c24 2890 

  0x000002dfc7ccc66c: ;   {runtime_call UncommonTrapBlob}
  0x000002dfc7ccc66c: c5f8 77e8 

  0x000002dfc7ccc670: ; ImmutableOopMap {[32]=Oop [40]=Oop }
                      ;*iflt {reexecute=1 rethrow=0 return_oop=0}
                      ; - (reexecute) java.lang.StringConcatHelper::checkOverflow@2
                      ; - java.lang.StringConcatHelper::mix@23
                      ; - java.lang.StringConcatHelper::simpleConcat@54
                      ; - java.lang.String::concat@11
                      ; - java.net.URLClassLoader$1::run@13
  0x000002dfc7ccc670: 8c7f 57ff 

  0x000002dfc7ccc674: ;   {other}
  0x000002dfc7ccc674: 0f1f 8400 | 6467 006e | ba45 ffff | ff49 8bed | 4c89 4c24 | 2048 8944 | 2428 897c | 2430 6690 
  0x000002dfc7ccc694: ;   {runtime_call UncommonTrapBlob}
  0x000002dfc7ccc694: c5f8 77e8 

  0x000002dfc7ccc698: ; ImmutableOopMap {rbp=Oop [32]=Oop }
                      ;*if_icmpne {reexecute=1 rethrow=0 return_oop=0}
                      ; - (reexecute) java.lang.StringConcatHelper::mix@13
                      ; - java.lang.StringConcatHelper::simpleConcat@46
                      ; - java.lang.String::concat@11
                      ; - java.net.URLClassLoader$1::run@13
  0x000002dfc7ccc698: 647f 57ff 

  0x000002dfc7ccc69c: ;   {other}
  0x000002dfc7ccc69c: 0f1f 8400 | 8c67 006f | ba45 ffff | ff4c 896c | 2420 4c89 | 4c24 2848 | 8974 2430 

  0x000002dfc7ccc6b8: ;   {runtime_call UncommonTrapBlob}
  0x000002dfc7ccc6b8: c5f8 77e8 

  0x000002dfc7ccc6bc: ; ImmutableOopMap {[32]=Oop [40]=Oop }
                      ;*ifge {reexecute=1 rethrow=0 return_oop=0}
                      ; - (reexecute) java.lang.StringConcatHelper::newArray@13
                      ; - java.lang.StringConcatHelper::simpleConcat@61
                      ; - java.lang.String::concat@11
                      ; - java.net.URLClassLoader$1::run@13
  0x000002dfc7ccc6bc: 407f 57ff 

  0x000002dfc7ccc6c0: ;   {other}
  0x000002dfc7ccc6c0: 0f1f 8400 | b067 0070 

  0x000002dfc7ccc6c8: ;   {metadata({type array byte})}
  0x000002dfc7ccc6c8: 48ba 280a | 0400 0100 | 0000 4533 | c066 6690 

  0x000002dfc7ccc6d8: ;   {runtime_call _new_array_Java}
  0x000002dfc7ccc6d8: c5f8 77e8 

  0x000002dfc7ccc6dc: ; ImmutableOopMap {[32]=Oop [40]=Oop [56]=Oop [64]=NarrowOop [68]=NarrowOop [72]=Oop [80]=Oop [92]=NarrowOop [104]=Oop [112]=NarrowOop }
                      ;*newarray {reexecute=0 rethrow=0 return_oop=1}
                      ; - jdk.internal.loader.Resource::getBytes@30
                      ; - java.net.URLClassLoader::defineClass@179
                      ; - java.net.URLClassLoader$1::run@43
  0x000002dfc7ccc6dc: a017 5aff 

  0x000002dfc7ccc6e0: ;   {other}
  0x000002dfc7ccc6e0: 0f1f 8400 | d067 0071 | 4c8b d0e9 | 4bc8 ffff 

  0x000002dfc7ccc6f0: ;   {metadata({type array byte})}
  0x000002dfc7ccc6f0: 48ba 280a | 0400 0100 | 0000 41b8 | 1e00 0000 

  0x000002dfc7ccc700: ;   {runtime_call _new_array_Java}
  0x000002dfc7ccc700: c5f8 77e8 

  0x000002dfc7ccc704: ; ImmutableOopMap {[32]=Oop [40]=Oop [56]=Oop [64]=NarrowOop [68]=NarrowOop [72]=Oop [80]=Oop [92]=NarrowOop [104]=Oop [112]=NarrowOop [128]=Oop [144]=Oop [152]=NarrowOop [160]=Oop [168]=NarrowOop [184]=Oop [192]=Oop [328]=Oop }
                      ;*newarray {reexecute=0 rethrow=0 return_oop=1}
                      ; - java.util.zip.ZipFile$ZipFileInputStream::initDataOffset@11
                      ; - java.util.zip.ZipFile$ZipFileInputStream::read@16
                      ; - java.util.zip.ZipFile$ZipFileInflaterInputStream::fill@32
                      ; - java.util.zip.InflaterInputStream::read@78
                      ; - jdk.internal.loader.Resource::getBytes@117
                      ; - java.net.URLClassLoader::defineClass@179
                      ; - java.net.URLClassLoader$1::run@43
  0x000002dfc7ccc704: 7817 5aff 

  0x000002dfc7ccc708: ;   {other}
  0x000002dfc7ccc708: 0f1f 8400 | f867 0072 | e916 d1ff | ff48 63d1 | e9cb abff | ff48 83c2 | fe48 8bca | 498b fa48 
  0x000002dfc7ccc728: 33c0 4883 | f908 7f10 | 48ff c978 | 4f48 8904 | cf48 ffc9 | 7df7 eb44 | c5fd efc0 | e90d 0000 
  0x000002dfc7ccc748: 00c5 fe7f | 07c5 fe7f | 4720 4883 | c740 4883 | e908 7ded | 4883 c104 | 7c0c c5fe | 7f07 4883 
  0x000002dfc7ccc768: c720 4883 | e904 4883 | c104 7e10 | 48ff c9c5 | f9d6 0748 | 83c7 0848 | ffc9 7df3 | e91b acff 
  0x000002dfc7ccc788: ff49 63f3 | e987 afff | ff49 83c2 | fe49 8bca | 488b fa48 | 33c0 4883 | f908 7f10 | 48ff c978 
  0x000002dfc7ccc7a8: 4f48 8904 | cf48 ffc9 | 7df7 eb44 | c5fd efc0 | e90d 0000 | 00c5 fe7f | 07c5 fe7f | 4720 4883 
  0x000002dfc7ccc7c8: c740 4883 | e908 7ded | 4883 c104 | 7c0c c5fe | 7f07 4883 | c720 4883 | e904 4883 | c104 7e10 
  0x000002dfc7ccc7e8: 48ff c9c5 | f9d6 0748 | 83c7 0848 | ffc9 7df3 | e94c b0ff | ffba ccff | ffff 488b 

  0x000002dfc7ccc804: ;   {no_reloc}
  0x000002dfc7ccc804: 6c24 2044 | 8954 2420 | 894c 2428 | 4c8b 5424 | 584c 8954 | 2448 4489 | 7424 5848 | 895c 2468 
  0x000002dfc7ccc824: ;   {runtime_call UncommonTrapBlob}
  0x000002dfc7ccc824: c5f8 77e8 

  0x000002dfc7ccc828: ; ImmutableOopMap {rbp=Oop [32]=NarrowOop [48]=NarrowOop [56]=Oop [68]=NarrowOop [72]=Oop [88]=NarrowOop [104]=Oop [152]=Oop }
                      ;*newarray {reexecute=1 rethrow=0 return_oop=0}
                      ; - (reexecute) java.util.Arrays::copyOfRangeByte@10
                      ; - java.util.Arrays::copyOfRange@13
                      ; - java.lang.StringLatin1::newString@16
                      ; - java.lang.String::substring@41
                      ; - java.lang.ClassLoader::checkCerts@21
                      ; - java.lang.ClassLoader::preDefineClass@113
                      ; - java.lang.ClassLoader::defineClass@4
                      ; - java.security.SecureClassLoader::defineClass@12
                      ; - java.net.URLClassLoader::defineClass@220
                      ; - java.net.URLClassLoader$1::run@43
  0x000002dfc7ccc828: d47d 57ff 

  0x000002dfc7ccc82c: ;   {other}
  0x000002dfc7ccc82c: 0f1f 8400 | 1c69 0073 | bacc ffff | ff48 8b6c | 2420 895c | 2420 4489 | 5c24 2844 | 8b5c 2440 
  0x000002dfc7ccc84c: 4489 5c24 | 2c44 896c | 2440 4c8b | 5424 684c | 8954 2458 

  0x000002dfc7ccc860: ;   {runtime_call UncommonTrapBlob}
  0x000002dfc7ccc860: c5f8 77e8 

  0x000002dfc7ccc864: ; ImmutableOopMap {rbp=Oop [32]=NarrowOop [44]=NarrowOop [56]=Oop [64]=NarrowOop [88]=Oop [100]=NarrowOop [104]=Oop }
                      ;*newarray {reexecute=1 rethrow=0 return_oop=0}
                      ; - (reexecute) java.util.Arrays::copyOfRangeByte@10
                      ; - java.util.Arrays::copyOfRange@13
                      ; - java.lang.StringLatin1::newString@16
                      ; - java.lang.String::substring@41
                      ; - java.net.URLClassLoader::defineClass@28
                      ; - java.net.URLClassLoader$1::run@43
  0x000002dfc7ccc864: 987d 57ff 

  0x000002dfc7ccc868: ;   {other}
  0x000002dfc7ccc868: 0f1f 8400 | 5869 0074 | 458b dae9 | 1bad ffff | 8bcb e954 | a9ff ff33 | ed45 85d2 | 400f 94c5 
  0x000002dfc7ccc888: ba45 ffff | ff44 8b54 | 2440 4489 | 5424 3848 | 897c 2440 | 4489 6c24 | 4844 8944 | 244c 6690 
  0x000002dfc7ccc8a8: ;   {runtime_call UncommonTrapBlob}
  0x000002dfc7ccc8a8: c5f8 77e8 

  0x000002dfc7ccc8ac: ; ImmutableOopMap {[32]=Oop [56]=NarrowOop [64]=Oop [72]=NarrowOop }
                      ;*ifeq {reexecute=1 rethrow=0 return_oop=0}
                      ; - (reexecute) java.lang.String::lastIndexOf@4
                      ; - java.lang.String::lastIndexOf@8
                      ; - java.net.URLClassLoader::defineClass@7
                      ; - java.net.URLClassLoader$1::run@43
  0x000002dfc7ccc8ac: 507d 57ff 

  0x000002dfc7ccc8b0: ;   {other}
  0x000002dfc7ccc8b0: 0f1f 8400 | a069 0075 | 498b d7c5 | f877 49ba | 70ed 3e37 | f97f 0000 

  0x000002dfc7ccc8c8: ;   {other}
  0x000002dfc7ccc8c8: 41ff d20f | 1f84 0000 | 0000 00e9 | deb5 ffff | 33ed 4585 | c940 0f94 | c5ba 45ff | ffff 4c8b 
  0x000002dfc7ccc8e8: 5424 384c | 8954 2428 | 448b 5c24 | 4444 895c | 2438 4c8b | 5424 584c | 8954 2448 

  0x000002dfc7ccc904: ;   {runtime_call UncommonTrapBlob}
  0x000002dfc7ccc904: c5f8 77e8 

  0x000002dfc7ccc908: ; ImmutableOopMap {[32]=Oop [40]=Oop [48]=NarrowOop [56]=NarrowOop [72]=Oop [152]=Oop }
                      ;*ifeq {reexecute=1 rethrow=0 return_oop=0}
                      ; - (reexecute) java.lang.String::indexOf@4
                      ; - java.lang.String::indexOf@3
                      ; - java.lang.ClassLoader::checkName@16
                      ; - java.lang.ClassLoader::preDefineClass@1
                      ; - java.lang.ClassLoader::defineClass@4
                      ; - java.security.SecureClassLoader::defineClass@12
                      ; - java.net.URLClassLoader::defineClass@220
                      ; - java.net.URLClassLoader$1::run@43
  0x000002dfc7ccc908: f47c 57ff 

  0x000002dfc7ccc90c: ;   {other}
  0x000002dfc7ccc90c: 0f1f 8400 | fc69 0076 | ba45 ffff | ff48 8b6c | 2420 894c | 2424 894c | 2428 448b | 5424 4444 
  0x000002dfc7ccc92c: 8954 2440 | 4c8b 5424 | 584c 8954 | 2448 4489 | 7424 5844 | 8944 2464 

  0x000002dfc7ccc944: ;   {runtime_call UncommonTrapBlob}
  0x000002dfc7ccc944: c5f8 77e8 

  0x000002dfc7ccc948: ; ImmutableOopMap {rbp=Oop [48]=NarrowOop [56]=Oop [64]=NarrowOop [72]=Oop [88]=NarrowOop [152]=Oop }
                      ;*if_icmpgt {reexecute=1 rethrow=0 return_oop=0}
                      ; - (reexecute) jdk.internal.util.Preconditions::checkFromToIndex@6
                      ; - java.lang.String::checkBoundsBeginEnd@6
                      ; - java.lang.String::substring@8
                      ; - java.lang.ClassLoader::checkCerts@21
                      ; - java.lang.ClassLoader::preDefineClass@113
                      ; - java.lang.ClassLoader::defineClass@4
                      ; - java.security.SecureClassLoader::defineClass@12
                      ; - java.net.URLClassLoader::defineClass@220
                      ; - java.net.URLClassLoader$1::run@43
  0x000002dfc7ccc948: b47c 57ff 

  0x000002dfc7ccc94c: ;   {other}
  0x000002dfc7ccc94c: 0f1f 8400 | 3c6a 0077 | ba45 ffff | ff48 8b6c | 2420 4489 | 5c24 2444 | 895c 2428 | 448b 5c24 
  0x000002dfc7ccc96c: 4044 895c | 242c 4889 | 7c24 4844 | 8954 2444 | 4489 6c24 | 5089 7424 | 5866 6690 

  0x000002dfc7ccc988: ;   {runtime_call UncommonTrapBlob}
  0x000002dfc7ccc988: c5f8 77e8 

  0x000002dfc7ccc98c: ; ImmutableOopMap {rbp=Oop [44]=NarrowOop [68]=NarrowOop [72]=Oop [80]=NarrowOop }
                      ;*if_icmpgt {reexecute=1 rethrow=0 return_oop=0}
                      ; - (reexecute) jdk.internal.util.Preconditions::checkFromToIndex@6
                      ; - java.lang.String::checkBoundsBeginEnd@6
                      ; - java.lang.String::substring@8
                      ; - java.net.URLClassLoader::defineClass@28
                      ; - java.net.URLClassLoader$1::run@43
  0x000002dfc7ccc98c: 707c 57ff 

  0x000002dfc7ccc990: ;   {other}
  0x000002dfc7ccc990: 0f1f 8400 | 806a 0078 | ba45 ffff | ff48 8b6c | 2420 4c8b | 5424 384c | 8954 2420 | 448b 5c24 
  0x000002dfc7ccc9b0: 4444 895c | 2440 895c | 2444 6690 

  0x000002dfc7ccc9bc: ;   {runtime_call UncommonTrapBlob}
  0x000002dfc7ccc9bc: c5f8 77e8 

  0x000002dfc7ccc9c0: ; ImmutableOopMap {rbp=Oop [32]=Oop [48]=NarrowOop [64]=NarrowOop [88]=Oop [152]=Oop }
                      ;*if_icmpne {reexecute=1 rethrow=0 return_oop=0}
                      ; - (reexecute) java.lang.ClassLoader::checkName@20
                      ; - java.lang.ClassLoader::preDefineClass@1
                      ; - java.lang.ClassLoader::defineClass@4
                      ; - java.security.SecureClassLoader::defineClass@12
                      ; - java.net.URLClassLoader::defineClass@220
                      ; - java.net.URLClassLoader$1::run@43
  0x000002dfc7ccc9c0: 3c7c 57ff 

  0x000002dfc7ccc9c4: ;   {other}
  0x000002dfc7ccc9c4: 0f1f 8400 | b46a 0079 | ba45 ffff | ff48 8b6c | 2420 4c89 | 4424 2044 | 8b44 2440 | 4489 4424 
  0x000002dfc7ccc9e4: 2844 8b4c | 2444 4489 | 4c24 2c48 | 894c 2448 | 4c89 5424 | 5844 895c | 2454 6690 

  0x000002dfc7ccca00: ;   {runtime_call UncommonTrapBlob}
  0x000002dfc7ccca00: c5f8 77e8 

  0x000002dfc7ccca04: ; ImmutableOopMap {rbp=Oop [32]=Oop [40]=NarrowOop [44]=NarrowOop [72]=Oop [84]=NarrowOop [88]=Oop [128]=Oop }
                      ;*ifnull {reexecute=1 rethrow=0 return_oop=0}
                      ; - (reexecute) java.security.CodeSource::<init>@25
                      ; - java.net.URLClassLoader::defineClass@198
                      ; - java.net.URLClassLoader$1::run@43
  0x000002dfc7ccca04: f87b 57ff 

  0x000002dfc7ccca08: ;   {other}
  0x000002dfc7ccca08: 0f1f 8400 | f86a 007a | ba45 ffff | ff4c 8b54 | 2438 4c89 | 5424 2844 | 8b54 2440 | 4489 5424 
  0x000002dfc7ccca28: 3844 8b5c | 2444 4489 | 5c24 3c44 | 894c 2454 

  0x000002dfc7ccca38: ;   {runtime_call UncommonTrapBlob}
  0x000002dfc7ccca38: c5f8 77e8 

  0x000002dfc7ccca3c: ; ImmutableOopMap {rbp=NarrowOop [32]=Oop [40]=Oop [56]=NarrowOop [60]=NarrowOop [84]=NarrowOop [104]=Oop [128]=Oop }
                      ;*ifnull {reexecute=1 rethrow=0 return_oop=0}
                      ; - (reexecute) java.nio.Buffer::session@4
                      ; - java.nio.DirectLongBufferU::get@4
                      ; - jdk.internal.perf.PerfCounter::get@5
                      ; - jdk.internal.perf.PerfCounter::add@1
                      ; - jdk.internal.perf.PerfCounter::addElapsedTimeFrom@6
                      ; - java.net.URLClassLoader::defineClass@207
                      ; - java.net.URLClassLoader$1::run@43
  0x000002dfc7ccca3c: c07b 57ff 

  0x000002dfc7ccca40: ;   {other}
  0x000002dfc7ccca40: 0f1f 8400 | 306b 007b | ba45 ffff | ff4c 8b54 | 2438 4c89 | 5424 2844 | 8b5c 2444 | 4489 5c24 
  0x000002dfc7ccca60: 4066 6690 

  0x000002dfc7ccca64: ;   {runtime_call UncommonTrapBlob}
  0x000002dfc7ccca64: c5f8 77e8 

  0x000002dfc7ccca68: ; ImmutableOopMap {[32]=Oop [40]=Oop [48]=NarrowOop [64]=NarrowOop [68]=NarrowOop [88]=Oop [152]=Oop }
                      ;*if_icmpne {reexecute=1 rethrow=0 return_oop=0}
                      ; - (reexecute) java.lang.ClassLoader::checkName@30
                      ; - java.lang.ClassLoader::preDefineClass@1
                      ; - java.lang.ClassLoader::defineClass@4
                      ; - java.security.SecureClassLoader::defineClass@12
                      ; - java.net.URLClassLoader::defineClass@220
                      ; - java.net.URLClassLoader$1::run@43
  0x000002dfc7ccca68: 947b 57ff 

  0x000002dfc7ccca6c: ;   {other}
  0x000002dfc7ccca6c: 0f1f 8400 | 5c6b 007c | ba45 ffff | ff48 8b6c | 2420 4c8b | 5424 384c | 8954 2420 | 448b 5424 
  0x000002dfc7ccca8c: 3444 8954 | 2430 8944 | 2440 6690 

  0x000002dfc7ccca98: ;   {runtime_call UncommonTrapBlob}
  0x000002dfc7ccca98: c5f8 77e8 

  0x000002dfc7ccca9c: ; ImmutableOopMap {rbp=Oop [32]=Oop [40]=NarrowOop [68]=NarrowOop [88]=Oop [152]=Oop }
                      ;*ifne {reexecute=1 rethrow=0 return_oop=0}
                      ; - (reexecute) java.lang.ClassLoader::checkCerts@83
                      ; - java.lang.ClassLoader::preDefineClass@113
                      ; - java.lang.ClassLoader::defineClass@4
                      ; - java.security.SecureClassLoader::defineClass@12
                      ; - java.net.URLClassLoader::defineClass@220
                      ; - java.net.URLClassLoader$1::run@43
  0x000002dfc7ccca9c: 607b 57ff 

  0x000002dfc7cccaa0: ;   {other}
  0x000002dfc7cccaa0: 0f1f 8400 | 906b 007d | ba45 ffff | ff48 8b6c | 2420 894c | 2424 894c | 2428 4c8b | 5424 584c 
  0x000002dfc7cccac0: 8954 2448 | 4489 7424 | 5844 8944 | 2464 4489 | 4424 6890 

  0x000002dfc7cccad4: ;   {runtime_call UncommonTrapBlob}
  0x000002dfc7cccad4: c5f8 77e8 

  0x000002dfc7cccad8: ; ImmutableOopMap {rbp=Oop [48]=NarrowOop [56]=Oop [68]=NarrowOop [72]=Oop [88]=NarrowOop [152]=Oop }
                      ;*if_icmple {reexecute=1 rethrow=0 return_oop=0}
                      ; - (reexecute) jdk.internal.util.Preconditions::checkFromToIndex@11
                      ; - java.lang.String::checkBoundsBeginEnd@6
                      ; - java.lang.String::substring@8
                      ; - java.lang.ClassLoader::checkCerts@21
                      ; - java.lang.ClassLoader::preDefineClass@113
                      ; - java.lang.ClassLoader::defineClass@4
                      ; - java.security.SecureClassLoader::defineClass@12
                      ; - java.net.URLClassLoader::defineClass@220
                      ; - java.net.URLClassLoader$1::run@43
  0x000002dfc7cccad8: 247b 57ff 

  0x000002dfc7cccadc: ;   {other}
  0x000002dfc7cccadc: 0f1f 8400 | cc6b 007e | ba45 ffff | ff48 8b6c | 2420 4489 | 5c24 2444 | 895c 2428 | 448b 4424 
  0x000002dfc7cccafc: 4044 8944 | 242c 4889 | 7c24 4844 | 8954 2444 | 4489 6c24 | 5089 7424 | 5889 7424 | 5c66 6690 
  0x000002dfc7cccb1c: ;   {runtime_call UncommonTrapBlob}
  0x000002dfc7cccb1c: c5f8 77e8 

  0x000002dfc7cccb20: ; ImmutableOopMap {rbp=Oop [44]=NarrowOop [68]=NarrowOop [72]=Oop [80]=NarrowOop }
                      ;*if_icmple {reexecute=1 rethrow=0 return_oop=0}
                      ; - (reexecute) jdk.internal.util.Preconditions::checkFromToIndex@11
                      ; - java.lang.String::checkBoundsBeginEnd@6
                      ; - java.lang.String::substring@8
                      ; - java.net.URLClassLoader::defineClass@28
                      ; - java.net.URLClassLoader$1::run@43
  0x000002dfc7cccb20: dc7a 57ff 

  0x000002dfc7cccb24: ;   {other}
  0x000002dfc7cccb24: 0f1f 8400 | 146c 007f | 33ed 4585 | d240 0f95 | c5ba 45ff | ffff 448b | 5c24 5c45 | 8bd3 4489 
  0x000002dfc7cccb44: 5424 5848 | 8944 2478 

  0x000002dfc7cccb4c: ;   {runtime_call UncommonTrapBlob}
  0x000002dfc7cccb4c: c5f8 77e8 

  0x000002dfc7cccb50: ; ImmutableOopMap {[32]=Oop [56]=Oop [64]=NarrowOop [68]=NarrowOop [88]=NarrowOop [92]=NarrowOop [96]=Oop [120]=Oop [160]=Oop }
                      ;*ifne {reexecute=1 rethrow=0 return_oop=0}
                      ; - (reexecute) java.lang.Package::isSealed@7
                      ; - java.net.URLClassLoader::getAndVerifyPackage@14
                      ; - java.net.URLClassLoader::defineClass@46
                      ; - java.net.URLClassLoader$1::run@43
  0x000002dfc7cccb50: ac7a 57ff 

  0x000002dfc7cccb54: ;   {other}
  0x000002dfc7cccb54: 0f1f 8400 | 446c 0080 | 4c89 5c24 

  0x000002dfc7cccb60: ;   {metadata('java/io/FileInputStream')}
  0x000002dfc7cccb60: 6048 bad8 | ee06 0001 | 0000 0090 

  0x000002dfc7cccb6c: ;   {runtime_call _new_instance_Java}
  0x000002dfc7cccb6c: c5f8 77e8 

  0x000002dfc7cccb70: ; ImmutableOopMap {[32]=Oop [40]=Oop [56]=Oop [64]=NarrowOop [68]=NarrowOop [72]=Oop [80]=Oop [92]=NarrowOop [96]=Oop }
                      ;*new {reexecute=0 rethrow=0 return_oop=1}
                      ; - jdk.internal.loader.URLClassPath$FileLoader$1::getInputStream@0
                      ; - jdk.internal.loader.Resource::cachedInputStream@9
                      ; - jdk.internal.loader.Resource::getBytes@1
                      ; - java.net.URLClassLoader::defineClass@179
                      ; - java.net.URLClassLoader$1::run@43
  0x000002dfc7cccb70: 0c16 5aff 

  0x000002dfc7cccb74: ;   {other}
  0x000002dfc7cccb74: 0f1f 8400 | 646c 0081 | 4c8b 5c24 | 60e9 c2bf | ffff 4c89 | 4c24 684c | 895c 2460 

  0x000002dfc7cccb90: ;   {metadata('java/lang/Object')}
  0x000002dfc7cccb90: 48ba 4812 | 0400 0100 | 0000 6690 

  0x000002dfc7cccb9c: ;   {runtime_call _new_instance_Java}
  0x000002dfc7cccb9c: c5f8 77e8 

  0x000002dfc7cccba0: ; ImmutableOopMap {rbp=NarrowOop [32]=Oop [40]=Oop [56]=Oop [64]=NarrowOop [68]=NarrowOop [72]=Oop [80]=Oop [92]=NarrowOop [96]=Oop [104]=Oop }
                      ;*new {reexecute=0 rethrow=0 return_oop=1}
                      ; - java.io.FileInputStream::<init>@5
                      ; - jdk.internal.loader.URLClassPath$FileLoader$1::getInputStream@8
                      ; - jdk.internal.loader.Resource::cachedInputStream@9
                      ; - jdk.internal.loader.Resource::getBytes@1
                      ; - java.net.URLClassLoader::defineClass@179
                      ; - java.net.URLClassLoader$1::run@43
  0x000002dfc7cccba0: dc15 5aff 

  0x000002dfc7cccba4: ;   {other}
  0x000002dfc7cccba4: 0f1f 8400 | 946c 0082 | 4c8b 5c24 | 604c 8b4c | 2468 e9d0 

  0x000002dfc7cccbb8: ;   {metadata('java/io/FileDescriptor')}
  0x000002dfc7cccbb8: bfff ff48 | baa0 f106 | 0001 0000 | 0066 6690 

  0x000002dfc7cccbc8: ;   {runtime_call _new_instance_Java}
  0x000002dfc7cccbc8: c5f8 77e8 

  0x000002dfc7cccbcc: ; ImmutableOopMap {rbp=Oop [32]=Oop [40]=Oop [56]=Oop [64]=NarrowOop [68]=NarrowOop [72]=Oop [80]=Oop [92]=NarrowOop [96]=Oop [104]=Oop }
                      ;*new {reexecute=0 rethrow=0 return_oop=1}
                      ; - java.io.FileInputStream::<init>@71
                      ; - jdk.internal.loader.URLClassPath$FileLoader$1::getInputStream@8
                      ; - jdk.internal.loader.Resource::cachedInputStream@9
                      ; - jdk.internal.loader.Resource::getBytes@1
                      ; - java.net.URLClassLoader::defineClass@179
                      ; - java.net.URLClassLoader$1::run@43
  0x000002dfc7cccbcc: b015 5aff 

  0x000002dfc7cccbd0: ;   {other}
  0x000002dfc7cccbd0: 0f1f 8400 | c06c 0083 | 488b d8e9 | b0c0 ffff | ba45 ffff | ff44 8b54 | 245c 4489 | 5424 4c48 
  0x000002dfc7cccbf0: 8944 2478 

  0x000002dfc7cccbf4: ;   {runtime_call UncommonTrapBlob}
  0x000002dfc7cccbf4: c5f8 77e8 

  0x000002dfc7cccbf8: ; ImmutableOopMap {rbp=NarrowOop [32]=Oop [56]=Oop [64]=NarrowOop [68]=NarrowOop [76]=NarrowOop [96]=Oop [120]=Oop [160]=Oop }
                      ;*ifnull {reexecute=1 rethrow=0 return_oop=0}
                      ; - (reexecute) java.lang.Package::isSealed@17
                      ; - java.net.URLClassLoader::getAndVerifyPackage@14
                      ; - java.net.URLClassLoader::defineClass@46
                      ; - java.net.URLClassLoader$1::run@43
  0x000002dfc7cccbf8: 047a 57ff 

  0x000002dfc7cccbfc: ;   {other}
  0x000002dfc7cccbfc: 0f1f 8400 | ec6c 0084 | 498b d7c5 | f877 49ba | 70ed 3e37 | f97f 0000 

  0x000002dfc7cccc14: ;   {other}
  0x000002dfc7cccc14: 41ff d20f | 1f84 0000 | 0000 00e9 | 8ba7 ffff | 498b f849 | 8bd7 c5f8 | 7749 ba70 | ed3e 37f9 
  0x000002dfc7cccc34: 7f00 0041 

  0x000002dfc7cccc38: ;   {other}
  0x000002dfc7cccc38: ffd2 0f1f | 8400 0000 | 0000 4c8b | c7e9 0fac | ffff ba45 | ffff ff48 | 8b6c 2420 | 448b 5c24 
  0x000002dfc7cccc58: 4044 895c | 2428 448b | 5424 4444 | 8954 242c | 448b 5c24 | 5c44 895c | 2440 8944 | 2444 6690 
  0x000002dfc7cccc78: ;   {runtime_call UncommonTrapBlob}
  0x000002dfc7cccc78: c5f8 77e8 

  0x000002dfc7cccc7c: ; ImmutableOopMap {rbp=Oop [40]=NarrowOop [44]=NarrowOop [56]=Oop [64]=NarrowOop [96]=Oop [160]=Oop }
                      ;*ifeq {reexecute=1 rethrow=0 return_oop=0}
                      ; - (reexecute) java.net.URLClassLoader::getAndVerifyPackage@71
                      ; - java.net.URLClassLoader::defineClass@46
                      ; - java.net.URLClassLoader$1::run@43
  0x000002dfc7cccc7c: 8079 57ff 

  0x000002dfc7cccc80: ;   {other}
  0x000002dfc7cccc80: 0f1f 8400 | 706d 0085 | 4c89 5c24 | 6889 5c24 | 6044 8954 | 245c 4489 | 4424 5848 | 894c 2450 
  0x000002dfc7cccca0: 4c89 4c24 | 4844 896c | 2444 4889 

  0x000002dfc7ccccac: ;   {metadata('java/io/FileInputStream')}
  0x000002dfc7ccccac: 7c24 3848 | bad8 ee06 | 0001 0000 | 0066 6690 

  0x000002dfc7ccccbc: ;   {runtime_call _new_instance_Java}
  0x000002dfc7ccccbc: c5f8 77e8 

  0x000002dfc7ccccc0: ; ImmutableOopMap {[32]=Oop [40]=Oop [56]=Oop [64]=NarrowOop [68]=NarrowOop [72]=Oop [80]=Oop [92]=NarrowOop [104]=Oop }
                      ;*new {reexecute=0 rethrow=0 return_oop=1}
                      ; - jdk.internal.loader.URLClassPath$FileLoader$1::getInputStream@0
                      ; - jdk.internal.loader.Resource::cachedInputStream@9
                      ; - jdk.internal.loader.Resource::getByteBuffer@1
                      ; - java.net.URLClassLoader::defineClass@132
                      ; - java.net.URLClassLoader$1::run@43
  0x000002dfc7ccccc0: bc14 5aff 

  0x000002dfc7ccccc4: ;   {other}
  0x000002dfc7ccccc4: 0f1f 8400 | b46d 0086 | e9ca d5ff 

  0x000002dfc7ccccd0: ;   {metadata('java/lang/Object')}
  0x000002dfc7ccccd0: ff48 ba48 | 1204 0001 | 0000 0090 

  0x000002dfc7ccccdc: ;   {runtime_call _new_instance_Java}
  0x000002dfc7ccccdc: c5f8 77e8 

  0x000002dfc7cccce0: ; ImmutableOopMap {rbp=NarrowOop [32]=Oop [40]=Oop [56]=Oop [64]=NarrowOop [68]=NarrowOop [72]=Oop [80]=Oop [92]=NarrowOop [104]=Oop [112]=Oop }
                      ;*new {reexecute=0 rethrow=0 return_oop=1}
                      ; - java.io.FileInputStream::<init>@5
                      ; - jdk.internal.loader.URLClassPath$FileLoader$1::getInputStream@8
                      ; - jdk.internal.loader.Resource::cachedInputStream@9
                      ; - jdk.internal.loader.Resource::getByteBuffer@1
                      ; - java.net.URLClassLoader::defineClass@132
                      ; - java.net.URLClassLoader$1::run@43
  0x000002dfc7cccce0: 9c14 5aff 

  0x000002dfc7cccce4: ;   {other}
  0x000002dfc7cccce4: 0f1f 8400 | d46d 0087 | e9f7 d5ff 

  0x000002dfc7ccccf0: ;   {metadata('java/io/FileDescriptor')}
  0x000002dfc7ccccf0: ff48 baa0 | f106 0001 | 0000 0090 

  0x000002dfc7ccccfc: ;   {runtime_call _new_instance_Java}
  0x000002dfc7ccccfc: c5f8 77e8 

  0x000002dfc7cccd00: ; ImmutableOopMap {rbp=Oop [32]=Oop [40]=Oop [56]=Oop [64]=NarrowOop [68]=NarrowOop [72]=Oop [80]=Oop [92]=NarrowOop [104]=Oop [112]=Oop }
                      ;*new {reexecute=0 rethrow=0 return_oop=1}
                      ; - java.io.FileInputStream::<init>@71
                      ; - jdk.internal.loader.URLClassPath$FileLoader$1::getInputStream@8
                      ; - jdk.internal.loader.Resource::cachedInputStream@9
                      ; - jdk.internal.loader.Resource::getByteBuffer@1
                      ; - java.net.URLClassLoader::defineClass@132
                      ; - java.net.URLClassLoader$1::run@43
  0x000002dfc7cccd00: 7c14 5aff 

  0x000002dfc7cccd04: ;   {other}
  0x000002dfc7cccd04: 0f1f 8400 | f46d 0088 | 4c8b c8e9 | d5d6 ffff | 4c8b 4424 | 6045 8b50 | 1045 85d2 | 0f84 7de1 
  0x000002dfc7cccd24: ffff 4d8b | 5f28 498b | ca4d 85db | 0f84 d227 | 0000 4d8b | 5738 4b89 | 4c1a f849 | 83c3 f84d 
  0x000002dfc7cccd44: 895f 28e9 | 57e1 ffff | 4d8b 5758 | 4d8b 5f48 | f083 4424 | c000 8039 | 000f 8476 | e1ff ff44 
  0x000002dfc7cccd64: 8821 4d85 | db75 2649 | 8bd8 498b | d7c5 f877 | 49ba 50ed | 3e37 f97f | 0000 41ff 

  0x000002dfc7cccd80: ;   {other}
  0x000002dfc7cccd80: d20f 1f84 | 0000 0000 | 004c 8bc3 | e948 e1ff | ff4b 894c | 1af8 4983 | c3f8 4d89 | 5f48 e936 
  0x000002dfc7cccda0: e1ff ff49 | 8bd7 c5f8 | 7749 ba70 | ed3e 37f9 | 7f00 0041 

  0x000002dfc7cccdb4: ;   {other}
  0x000002dfc7cccdb4: ffd2 0f1f | 8400 0000 | 0000 e970 | aeff ffba | e4ff ffff | 488b 6c24 | 2044 8954 | 2424 4c8b 
  0x000002dfc7cccdd4: 5424 384c | 8954 2428 | 448b 5424 | 4444 8954 | 2438 6690 

  0x000002dfc7cccde8: ;   {runtime_call UncommonTrapBlob}
  0x000002dfc7cccde8: c5f8 77e8 

  0x000002dfc7cccdec: ; ImmutableOopMap {rbp=Oop [36]=NarrowOop [40]=Oop [48]=NarrowOop [56]=NarrowOop [88]=Oop [152]=Oop }
                      ;*baload {reexecute=0 rethrow=0 return_oop=0}
                      ; - jdk.internal.util.ArraysSupport::mismatch@82
                      ; - java.lang.String::startsWith@70
                      ; - java.lang.String::startsWith@3
                      ; - java.lang.ClassLoader::preDefineClass@43
                      ; - java.lang.ClassLoader::defineClass@4
                      ; - java.security.SecureClassLoader::defineClass@12
                      ; - java.net.URLClassLoader::defineClass@220
                      ; - java.net.URLClassLoader$1::run@43
  0x000002dfc7cccdec: 1078 57ff 

  0x000002dfc7cccdf0: ;   {other}
  0x000002dfc7cccdf0: 0f1f 8400 | e06e 0089 | 4d85 c90f | 8599 e2ff | ffeb 574d | 8b57 584d | 8b5f 48f0 | 8344 24c0 
  0x000002dfc7ccce10: 0080 3900 | 7438 4488 | 214d 85db | 740f 4b89 | 4c1a f849 | 83c3 f84d | 895f 48eb | 2149 8bd8 
  0x000002dfc7ccce30: 498b d7c5 | f877 49ba | 50ed 3e37 | f97f 0000 

  0x000002dfc7ccce40: ;   {other}
  0x000002dfc7ccce40: 41ff d20f | 1f84 0000 | 0000 004c | 8bc3 418b | 585c 85db | 0f85 40e2 | ffff 4c8b | 4424 284c 
  0x000002dfc7ccce60: 8b4c 2438 | e9b8 afff | ff4c 8b44 | 2460 458b | 585c 4585 | db0f 84dc | e1ff ff4d | 8b57 2849 
  0x000002dfc7ccce80: 8bcb 4d85 | d20f 841d | 2700 004d | 8b5f 384b | 894c 13f8 | 4983 c2f8 | 4d89 5728 | e9b6 e1ff 
  0x000002dfc7cccea0: ff8b 7c24 | 6844 8b5f | 1445 85db | 0f84 31de | ffff 4d8b | 5728 498b | cb4d 85d2 | 0f84 0c27 
  0x000002dfc7cccec0: 0000 4d8b | 5f38 4b89 | 4c13 f849 | 83c2 f84d | 8957 28e9 | 0bde ffff | 4d8b 5748 | 4d8b 5f58 
  0x000002dfc7cccee0: f083 4424 | c000 4180 | 3800 7435 | 4588 204d | 85d2 740f | 4f89 4413 | f849 83c2 | f84d 8957 
  0x000002dfc7cccf00: 48eb 1e49 | 8bc8 498b | d7c5 f877 | 49ba 50ed | 3e37 f97f | 0000 41ff 

  0x000002dfc7cccf18: ;   {other}
  0x000002dfc7cccf18: d20f 1f84 | 0000 0000 | 0044 8b57 | 1445 85d2 | 0f84 022c | 0000 498b | dae9 dcdd | ffff 4c89 
  0x000002dfc7cccf38: 4424 7045 | 8bc3 4489 | 4c24 2c48 | 895c 2468 | 448b 5c24 | 4444 895c | 2428 4833 | d24a 8d14 
  0x000002dfc7cccf58: d266 6690 

  0x000002dfc7cccf5c: ;   {runtime_call _new_array_Java}
  0x000002dfc7cccf5c: c5f8 77e8 

  0x000002dfc7cccf60: ; ImmutableOopMap {rbp=Oop [32]=Oop [40]=NarrowOop [44]=NarrowOop [48]=NarrowOop [56]=Oop [72]=Oop [80]=Oop [88]=Oop [104]=Oop [152]=Oop }
                      ;*invokevirtual clone {reexecute=1 rethrow=0 return_oop=1}
                      ; - (reexecute) java.security.CodeSource::getCertificates@11
                      ; - java.lang.ClassLoader::checkCerts@34
                      ; - java.lang.ClassLoader::preDefineClass@113
                      ; - java.lang.ClassLoader::defineClass@4
                      ; - java.security.SecureClassLoader::defineClass@12
                      ; - java.net.URLClassLoader::defineClass@220
                      ; - java.net.URLClassLoader$1::run@43
  0x000002dfc7cccf60: 1c0f 5aff 

  0x000002dfc7cccf64: ;   {other}
  0x000002dfc7cccf64: 0f1f 8400 | 5470 008a | 448b 4424 | 2844 8944 | 2444 488b | 5c24 6844 | 8b4c 242c | 4c8b 4424 
  0x000002dfc7cccf84: 7048 8bf8 | e96c dbff | ff48 896c | 2460 498b 

  0x000002dfc7cccf94: ;   {metadata('java/security/CodeSigner'[])}
  0x000002dfc7cccf94: e948 baa8 | 9267 0001 | 0000 0045 | 8bc2 6690 

  0x000002dfc7cccfa4: ;   {runtime_call _new_array_Java}
  0x000002dfc7cccfa4: c5f8 77e8 

  0x000002dfc7cccfa8: ; ImmutableOopMap {[32]=Oop [56]=Oop [64]=NarrowOop [68]=NarrowOop [72]=Oop [80]=Oop [88]=Oop [96]=Oop [128]=Oop }
                      ;*invokevirtual clone {reexecute=1 rethrow=0 return_oop=1}
                      ; - (reexecute) java.security.CodeSource::<init>@42
                      ; - java.net.URLClassLoader::defineClass@198
                      ; - java.net.URLClassLoader$1::run@43
  0x000002dfc7cccfa8: d40e 5aff 

  0x000002dfc7cccfac: ;   {other}
  0x000002dfc7cccfac: 0f1f 8400 | 9c70 008b | 4c8b d8e9 | a1de ffff | 4c89 4424 | 284c 894c | 2438 895c | 2458 4889 
  0x000002dfc7cccfcc: ;   {metadata('java/security/CodeSigner'[])}
  0x000002dfc7cccfcc: 4c24 6048 | baa8 9267 | 0001 0000 | 0045 8bc2 

  0x000002dfc7cccfdc: ;   {runtime_call _new_array_Java}
  0x000002dfc7cccfdc: c5f8 77e8 

  0x000002dfc7cccfe0: ; ImmutableOopMap {rbp=Oop [32]=Oop [40]=Oop [64]=NarrowOop [68]=NarrowOop [72]=Oop [80]=Oop [88]=NarrowOop [92]=NarrowOop [128]=Oop }
                      ;*invokevirtual clone {reexecute=1 rethrow=0 return_oop=1}
                      ; - (reexecute) java.util.jar.JarFile$JarFileEntry::getCodeSigners@70
                      ; - jdk.internal.loader.URLClassPath$JarLoader$2::getCodeSigners@4
                      ; - java.net.URLClassLoader::defineClass@185
                      ; - java.net.URLClassLoader$1::run@43
  0x000002dfc7cccfe0: 9c0e 5aff 

  0x000002dfc7cccfe4: ;   {other}
  0x000002dfc7cccfe4: 0f1f 8400 | d470 008c | 4c8b c0e9 | 38e1 ffff | 4889 4c24 | 7844 8944 | 2470 4889 | 5c24 6844 
  0x000002dfc7ccd004: 8974 2440 

  0x000002dfc7ccd008: ;   {metadata('java/util/ArrayList')}
  0x000002dfc7ccd008: 48ba 2872 | 0500 0100 | 0000 6690 

  0x000002dfc7ccd014: ;   {runtime_call _new_instance_Java}
  0x000002dfc7ccd014: c5f8 77e8 

  0x000002dfc7ccd018: ; ImmutableOopMap {[32]=Oop [48]=NarrowOop [56]=Oop [64]=NarrowOop [68]=NarrowOop [72]=Oop [80]=Oop [88]=Oop [104]=Oop [112]=NarrowOop [120]=Oop [152]=Oop }
                      ;*new {reexecute=0 rethrow=0 return_oop=1}
                      ; - java.security.CodeSource::getCertificates@25
                      ; - java.lang.ClassLoader::checkCerts@34
                      ; - java.lang.ClassLoader::preDefineClass@113
                      ; - java.lang.ClassLoader::defineClass@4
                      ; - java.security.SecureClassLoader::defineClass@12
                      ; - java.net.URLClassLoader::defineClass@220
                      ; - java.net.URLClassLoader$1::run@43
  0x000002dfc7ccd018: 6411 5aff 

  0x000002dfc7ccd01c: ;   {other}
  0x000002dfc7ccd01c: 0f1f 8400 | 0c71 008d | 448b 7424 | 4048 8b5c | 2468 448b | 4424 7048 | 8b4c 2478 | e92f dbff 
  0x000002dfc7ccd03c: ff4c 894c | 2478 488b | e948 895c | 2470 4489 | 7424 684c | 8b94 2498 | 0000 004c | 8954 2460 
  0x000002dfc7ccd05c: 448b 5424 | 4444 8954 

  0x000002dfc7ccd064: ;   {metadata('java/security/cert/Certificate'[])}
  0x000002dfc7ccd064: 2440 48ba | 308f 0200 | 0100 0000 | 4533 c090 

  0x000002dfc7ccd074: ;   {runtime_call _new_array_Java}
  0x000002dfc7ccd074: c5f8 77e8 

  0x000002dfc7ccd078: ; ImmutableOopMap {rbp=Oop [32]=Oop [48]=NarrowOop [56]=Oop [64]=NarrowOop [72]=Oop [80]=Oop [88]=Oop [96]=Oop [104]=NarrowOop [112]=Oop [120]=Oop [152]=Oop }
                      ;*anewarray {reexecute=0 rethrow=0 return_oop=1}
                      ; - java.security.CodeSource::getCertificates@70
                      ; - java.lang.ClassLoader::checkCerts@34
                      ; - java.lang.ClassLoader::preDefineClass@113
                      ; - java.lang.ClassLoader::defineClass@4
                      ; - java.security.SecureClassLoader::defineClass@12
                      ; - java.net.URLClassLoader::defineClass@220
                      ; - java.net.URLClassLoader$1::run@43
  0x000002dfc7ccd078: 040e 5aff 

  0x000002dfc7ccd07c: ;   {other}
  0x000002dfc7ccd07c: 0f1f 8400 | 6c71 008e | e91e dcff | ff49 8be9 | 4889 5c24 | 2848 33d2 | 4a8d 14c2 | 458b c390 
  0x000002dfc7ccd09c: ;   {runtime_call _new_array_Java}
  0x000002dfc7ccd09c: c5f8 77e8 

  0x000002dfc7ccd0a0: ; ImmutableOopMap {[32]=Oop [40]=Oop [48]=NarrowOop [56]=Oop [64]=NarrowOop [72]=Oop [80]=Oop [88]=Oop [96]=Oop [112]=Oop }
                      ;*invokevirtual clone {reexecute=1 rethrow=0 return_oop=1}
                      ; - (reexecute) java.security.CodeSource::getCertificates@86
                      ; - java.lang.ClassLoader::checkCerts@34
                      ; - java.lang.ClassLoader::preDefineClass@113
                      ; - java.lang.ClassLoader::defineClass@4
                      ; - java.security.SecureClassLoader::defineClass@12
                      ; - java.net.URLClassLoader::defineClass@220
                      ; - java.net.URLClassLoader$1::run@43
  0x000002dfc7ccd0a0: dc0d 5aff 

  0x000002dfc7ccd0a4: ;   {other}
  0x000002dfc7ccd0a4: 0f1f 8400 | 9471 008f | 488b 5c24 | 284c 8bcd | 488b f8e9 | bfdc ffff | 4d63 d34d | 8bda e940 
  0x000002dfc7ccd0c4: bfff ff49 | 83c2 fe49 | 8bca 498b | f948 33c0 | 4883 f908 | 7f10 48ff | c978 4f48 | 8904 cf48 
  0x000002dfc7ccd0e4: ffc9 7df7 | eb44 c5fd | efc0 e90d | 0000 00c5 | fe7f 07c5 | fe7f 4720 | 4883 c740 | 4883 e908 
  0x000002dfc7ccd104: 7ded 4883 | c104 7c0c | c5fe 7f07 | 4883 c720 | 4883 e904 | 4883 c104 | 7e10 48ff | c9c5 f9d6 
  0x000002dfc7ccd124: 0748 83c7 | 0848 ffc9 | 7df3 e9fb | bfff ffba | ccff ffff | 488b 6c24 | 204c 8b54 | 2438 4c89 
  0x000002dfc7ccd144: 5424 2044 | 8b54 2440 | 4489 5424 | 2844 8b5c | 2444 4489 | 5c24 2c44 | 8b54 245c | 4489 5424 
  0x000002dfc7ccd164: 4044 8944 | 2450 448b | 9424 8c00 | 0000 458b | da44 895c | 2460 6690 

  0x000002dfc7ccd17c: ;   {runtime_call UncommonTrapBlob}
  0x000002dfc7ccd17c: c5f8 77e8 

  0x000002dfc7ccd180: ; ImmutableOopMap {rbp=Oop [32]=Oop [40]=NarrowOop [44]=NarrowOop [64]=NarrowOop [104]=Oop [112]=NarrowOop [128]=Oop }
                      ;*newarray {reexecute=1 rethrow=0 return_oop=0}
                      ; - (reexecute) java.util.Arrays::copyOf@15
                      ; - jdk.internal.loader.Resource::getBytes@94
                      ; - java.net.URLClassLoader::defineClass@179
                      ; - java.net.URLClassLoader$1::run@43
  0x000002dfc7ccd180: 7c74 57ff 

  0x000002dfc7ccd184: ;   {other}
  0x000002dfc7ccd184: 0f1f 8400 | 7472 0090 | baf6 ffff | ff48 8b6c | 2420 4c8b | 5424 384c | 8954 2420 | 448b 5c24 
  0x000002dfc7ccd1a4: 4044 895c | 2428 448b | 5424 4444 | 8954 242c | 4c8b 5424 | 684c 8954 | 2438 448b | 5c24 5c44 
  0x000002dfc7ccd1c4: 895c 2440 | 4c8b 9424 | 8000 0000 | 4c89 5424 | 5044 8b5c | 2474 4489 | 5c24 4490 

  0x000002dfc7ccd1e0: ;   {runtime_call UncommonTrapBlob}
  0x000002dfc7ccd1e0: c5f8 77e8 

  0x000002dfc7ccd1e4: ; ImmutableOopMap {rbp=Oop [32]=Oop [40]=NarrowOop [44]=NarrowOop [56]=Oop [64]=NarrowOop [80]=Oop [152]=NarrowOop [328]=Oop }
                      ;*monitorenter {reexecute=0 rethrow=0 return_oop=0}
                      ; - java.util.zip.Inflater::finished@6
                      ; - java.util.zip.InflaterInputStream::read@34
                      ; - jdk.internal.loader.Resource::getBytes@117
                      ; - java.net.URLClassLoader::defineClass@179
                      ; - java.net.URLClassLoader$1::run@43
  0x000002dfc7ccd1e4: 1874 57ff 

  0x000002dfc7ccd1e8: ;   {other}
  0x000002dfc7ccd1e8: 0f1f 8400 | d872 0091 | 448b 9c24 | 9800 0000 | 498b eb48 | 8b94 24a0 | 0000 004c | 8d84 2450 
  0x000002dfc7ccd208: 0100 0090 

  0x000002dfc7ccd20c: ;   {runtime_call _complete_monitor_locking_Java}
  0x000002dfc7ccd20c: c5f8 77e8 

  0x000002dfc7ccd210: ; ImmutableOopMap {rbp=Oop [32]=Oop [40]=Oop [56]=Oop [64]=NarrowOop [68]=NarrowOop [72]=Oop [80]=Oop [92]=NarrowOop [104]=Oop [112]=NarrowOop [128]=Oop [144]=Oop [152]=NarrowOop [160]=Oop [328]=Oop }
                      ;*monitorenter {reexecute=0 rethrow=0 return_oop=0}
                      ; - java.util.zip.Inflater::finished@6
                      ; - java.util.zip.InflaterInputStream::read@34
                      ; - jdk.internal.loader.Resource::getBytes@117
                      ; - java.net.URLClassLoader::defineClass@179
                      ; - java.net.URLClassLoader$1::run@43
  0x000002dfc7ccd210: ec71 5aff 

  0x000002dfc7ccd214: ;   {other}
  0x000002dfc7ccd214: 0f1f 8400 | 0473 0092 | e958 c0ff | ff49 8bcb | 488d 9424 | 5001 0000 | 4d8b c7c5 | f877 49ba 
  0x000002dfc7ccd234: 105a 8037 | f97f 0000 

  0x000002dfc7ccd23c: ;   {other}
  0x000002dfc7ccd23c: 41ff d20f | 1f84 0000 | 0000 00e9 | ddc0 ffff | baf6 ffff | ff48 8b6c | 2420 4c8b | 5424 384c 
  0x000002dfc7ccd25c: 8954 2420 | 448b 5c24 | 4044 895c | 2428 448b | 5424 4444 | 8954 242c | 4c8b 5424 | 684c 8954 
  0x000002dfc7ccd27c: 2438 448b | 5c24 5c44 | 895c 2440 | 4c8b 9424 | 8000 0000 | 4c89 5424 | 5044 8b5c | 2474 4489 
  0x000002dfc7ccd29c: 5c24 4490 

  0x000002dfc7ccd2a0: ;   {runtime_call UncommonTrapBlob}
  0x000002dfc7ccd2a0: c5f8 77e8 

  0x000002dfc7ccd2a4: ; ImmutableOopMap {rbp=Oop [32]=Oop [40]=NarrowOop [44]=NarrowOop [56]=Oop [64]=NarrowOop [80]=Oop [152]=NarrowOop [328]=Oop }
                      ;*monitorenter {reexecute=0 rethrow=0 return_oop=0}
                      ; - java.util.zip.Inflater::needsDictionary@6
                      ; - java.util.zip.InflaterInputStream::read@44
                      ; - jdk.internal.loader.Resource::getBytes@117
                      ; - java.net.URLClassLoader::defineClass@179
                      ; - java.net.URLClassLoader$1::run@43
  0x000002dfc7ccd2a4: 5873 57ff 

  0x000002dfc7ccd2a8: ;   {other}
  0x000002dfc7ccd2a8: 0f1f 8400 | 9873 0093 | baf6 ffff | ff48 8b6c | 2420 4c8b | 5424 384c | 8954 2420 | 448b 5424 
  0x000002dfc7ccd2c8: 4044 8954 | 2428 448b | 5c24 4444 | 895c 242c | 4c8b 5424 | 684c 8954 | 2438 448b | 5424 5c44 
  0x000002dfc7ccd2e8: 8954 2440 | 4c8b 9424 | 8000 0000 | 4c89 5424 | 5044 8b5c | 2474 4489 | 5c24 4490 

  0x000002dfc7ccd304: ;   {runtime_call UncommonTrapBlob}
  0x000002dfc7ccd304: c5f8 77e8 

  0x000002dfc7ccd308: ; ImmutableOopMap {rbp=Oop [32]=Oop [40]=NarrowOop [44]=NarrowOop [56]=Oop [64]=NarrowOop [80]=Oop [152]=NarrowOop [328]=Oop }
                      ;*monitorenter {reexecute=0 rethrow=0 return_oop=0}
                      ; - java.util.zip.Inflater::needsInput@6
                      ; - java.util.zip.InflaterInputStream::read@61
                      ; - jdk.internal.loader.Resource::getBytes@117
                      ; - java.net.URLClassLoader::defineClass@179
                      ; - java.net.URLClassLoader$1::run@43
  0x000002dfc7ccd308: f472 57ff 

  0x000002dfc7ccd30c: ;   {other}
  0x000002dfc7ccd30c: 0f1f 8400 | fc73 0094 | 448b 9424 | 9800 0000 | 498b ea49 | 8bd3 4c8d | 8424 5001 | 0000 6690 
  0x000002dfc7ccd32c: ;   {runtime_call _complete_monitor_locking_Java}
  0x000002dfc7ccd32c: c5f8 77e8 

  0x000002dfc7ccd330: ; ImmutableOopMap {rbp=Oop [32]=Oop [40]=Oop [56]=Oop [64]=NarrowOop [68]=NarrowOop [72]=Oop [80]=Oop [92]=NarrowOop [104]=Oop [112]=NarrowOop [128]=Oop [144]=Oop [152]=NarrowOop [160]=Oop [328]=Oop }
                      ;*monitorenter {reexecute=0 rethrow=0 return_oop=0}
                      ; - java.util.zip.Inflater::needsDictionary@6
                      ; - java.util.zip.InflaterInputStream::read@44
                      ; - jdk.internal.loader.Resource::getBytes@117
                      ; - java.net.URLClassLoader::defineClass@179
                      ; - java.net.URLClassLoader$1::run@43
  0x000002dfc7ccd330: cc70 5aff 

  0x000002dfc7ccd334: ;   {other}
  0x000002dfc7ccd334: 0f1f 8400 | 2474 0095 | e98f c0ff | ff49 8bcb | 488d 9424 | 5001 0000 | 4d8b c7c5 | f877 49ba 
  0x000002dfc7ccd354: 105a 8037 | f97f 0000 

  0x000002dfc7ccd35c: ;   {other}
  0x000002dfc7ccd35c: 41ff d20f | 1f84 0000 | 0000 00e9 | 14c1 ffff | 448b 9c24 | 9800 0000 | 498b eb48 | 8b94 24a0 
  0x000002dfc7ccd37c: 0000 004c | 8d84 2450 | 0100 0090 

  0x000002dfc7ccd388: ;   {runtime_call _complete_monitor_locking_Java}
  0x000002dfc7ccd388: c5f8 77e8 

  0x000002dfc7ccd38c: ; ImmutableOopMap {rbp=Oop [32]=Oop [40]=Oop [56]=Oop [64]=NarrowOop [68]=NarrowOop [72]=Oop [80]=Oop [92]=NarrowOop [104]=Oop [112]=NarrowOop [128]=Oop [144]=Oop [152]=NarrowOop [156]=NarrowOop [160]=Oop [328]=Oop }
                      ;*monitorenter {reexecute=0 rethrow=0 return_oop=0}
                      ; - java.util.zip.Inflater::needsInput@6
                      ; - java.util.zip.InflaterInputStream::read@61
                      ; - jdk.internal.loader.Resource::getBytes@117
                      ; - java.net.URLClassLoader::defineClass@179
                      ; - java.net.URLClassLoader$1::run@43
  0x000002dfc7ccd38c: 7070 5aff 

  0x000002dfc7ccd390: ;   {other}
  0x000002dfc7ccd390: 0f1f 8400 | 8074 0096 | e992 c1ff | ff49 8bcb | 488d 9424 | 5001 0000 | 4d8b c7c5 | f877 49ba 
  0x000002dfc7ccd3b0: 105a 8037 | f97f 0000 

  0x000002dfc7ccd3b8: ;   {other}
  0x000002dfc7ccd3b8: 41ff d20f | 1f84 0000 | 0000 00e9 | 4ec2 ffff | bace ffff | ff49 8bed | 4c89 5c24 | 2048 895c 
  0x000002dfc7ccd3d8: 2430 4489 | 5424 3890 

  0x000002dfc7ccd3e0: ;   {runtime_call UncommonTrapBlob}
  0x000002dfc7ccd3e0: c5f8 77e8 

  0x000002dfc7ccd3e4: ; ImmutableOopMap {rbp=Oop [32]=Oop [48]=Oop }
                      ;*invokestatic inflate {reexecute=0 rethrow=0 return_oop=0}
                      ; - java.lang.String::getBytes@40
                      ; - java.lang.StringConcatHelper::prepend@21
                      ; - java.lang.StringConcatHelper::simpleConcat@81
                      ; - java.lang.String::concat@11
                      ; - java.net.URLClassLoader$1::run@13
  0x000002dfc7ccd3e4: 1872 57ff 

  0x000002dfc7ccd3e8: ;   {other}
  0x000002dfc7ccd3e8: 0f1f 8400 | d874 0097 | 33ed 453b | c340 0f9c | c5ba 45ff | ffff 4c8b | 5424 384c | 8954 2428 
  0x000002dfc7ccd408: 448b 5c24 | 4044 895c | 2438 448b | 5424 4444 | 8954 243c | 4c8b 5424 | 684c 8954 | 2440 448b 
  0x000002dfc7ccd428: 5c24 5c44 | 895c 2448 | 4c8b 9424 | 8000 0000 | 4c89 5424 | 5844 8b54 | 2474 4489 | 5424 4c44 
  0x000002dfc7ccd448: 8b9c 249c | 0000 0044 | 899c 2484 | 0000 0090 

  0x000002dfc7ccd458: ;   {runtime_call UncommonTrapBlob}
  0x000002dfc7ccd458: c5f8 77e8 

  0x000002dfc7ccd45c: ; ImmutableOopMap {[32]=Oop [40]=Oop [56]=NarrowOop [60]=NarrowOop [64]=Oop [72]=NarrowOop [88]=Oop [132]=NarrowOop [156]=NarrowOop [328]=Oop }
                      ;*ifne {reexecute=1 rethrow=0 return_oop=0}
                      ; - (reexecute) java.util.zip.Inflater::needsInput@39
                      ; - java.util.zip.InflaterInputStream::read@61
                      ; - jdk.internal.loader.Resource::getBytes@117
                      ; - java.net.URLClassLoader::defineClass@179
                      ; - java.net.URLClassLoader$1::run@43
  0x000002dfc7ccd45c: a071 57ff 

  0x000002dfc7ccd460: ;   {other}
  0x000002dfc7ccd460: 0f1f 8400 | 5075 0098 | baf6 ffff | ff48 8b6c | 2420 4c8b | 5424 384c | 8954 2420 | 448b 5424 
  0x000002dfc7ccd480: 4044 8954 | 2428 448b | 5c24 4444 | 895c 242c | 4c8b 5424 | 684c 8954 | 2438 448b | 5424 5c44 
  0x000002dfc7ccd4a0: 8954 2440 | 4c8b 9424 | 8000 0000 | 4c89 5424 | 5044 8b5c | 2474 4489 | 5c24 4444 | 8b94 2488 
  0x000002dfc7ccd4c0: 0000 0044 | 8954 2458 

  0x000002dfc7ccd4c8: ;   {runtime_call UncommonTrapBlob}
  0x000002dfc7ccd4c8: c5f8 77e8 

  0x000002dfc7ccd4cc: ; ImmutableOopMap {rbp=Oop [32]=Oop [40]=NarrowOop [44]=NarrowOop [56]=Oop [64]=NarrowOop [80]=Oop [152]=NarrowOop [160]=Oop [328]=Oop }
                      ;*monitorenter {reexecute=0 rethrow=0 return_oop=0}
                      ; - java.util.zip.ZipFile$ZipFileInputStream::read@7
                      ; - java.util.zip.ZipFile$ZipFileInflaterInputStream::fill@32
                      ; - java.util.zip.InflaterInputStream::read@78
                      ; - jdk.internal.loader.Resource::getBytes@117
                      ; - java.net.URLClassLoader::defineClass@179
                      ; - java.net.URLClassLoader$1::run@43
  0x000002dfc7ccd4cc: 3071 57ff 

  0x000002dfc7ccd4d0: ;   {other}
  0x000002dfc7ccd4d0: 0f1f 8400 | c075 0099 | baf6 ffff | ff48 8b6c | 2420 4c8b | 5424 384c | 8954 2420 | 448b 5c24 
  0x000002dfc7ccd4f0: 4044 895c | 2428 448b | 5424 4444 | 8954 242c | 4c8b 5424 | 684c 8954 | 2438 448b | 5c24 5c44 
  0x000002dfc7ccd510: 895c 2440 | 4c8b 9424 | 8000 0000 | 4c89 5424 | 5044 8b54 | 2474 4489 | 5424 4444 | 8b9c 2488 
  0x000002dfc7ccd530: 0000 0044 | 895c 2458 | 4c8b 9424 | a000 0000 | 4c89 9424 | 8800 0000 | 448b 9c24 | a800 0000 
  0x000002dfc7ccd550: 4489 9c24 | 9400 0000 

  0x000002dfc7ccd558: ;   {runtime_call UncommonTrapBlob}
  0x000002dfc7ccd558: c5f8 77e8 

  0x000002dfc7ccd55c: ; ImmutableOopMap {rbp=Oop [32]=Oop [40]=NarrowOop [44]=NarrowOop [56]=Oop [64]=NarrowOop [80]=Oop [136]=Oop [148]=NarrowOop [152]=NarrowOop [156]=NarrowOop [328]=Oop }
                      ;*monitorenter {reexecute=0 rethrow=0 return_oop=0}
                      ; - java.util.zip.ZipFile$Source::readAt@7
                      ; - java.util.zip.ZipFile$ZipFileInputStream::read@76
                      ; - java.util.zip.ZipFile$ZipFileInflaterInputStream::fill@32
                      ; - java.util.zip.InflaterInputStream::read@78
                      ; - jdk.internal.loader.Resource::getBytes@117
                      ; - java.net.URLClassLoader::defineClass@179
                      ; - java.net.URLClassLoader$1::run@43
  0x000002dfc7ccd55c: a070 57ff 

  0x000002dfc7ccd560: ;   {other}
  0x000002dfc7ccd560: 0f1f 8400 | 5076 009a | baf6 ffff | ff48 8b6c | 2420 4c8b | 5424 384c | 8954 2420 | 448b 5424 
  0x000002dfc7ccd580: 4044 8954 | 2428 448b | 5c24 4444 | 895c 242c | 4c8b 5424 | 684c 8954 | 2438 448b | 5424 5c44 
  0x000002dfc7ccd5a0: 8954 2440 | 4c8b 9424 | 8000 0000 | 4c89 5424 | 5044 8b5c | 2474 4489 | 5c24 4444 | 8b94 2488 
  0x000002dfc7ccd5c0: 0000 0044 | 8954 2458 | 448b 9c24 | b000 0000 | 4489 5c24 | 704c 8b94 | 24a0 0000 | 004c 8994 
  0x000002dfc7ccd5e0: 2488 0000 | 0044 8b94 | 24a8 0000 | 0045 8bda | 4489 9c24 | 9400 0000 | 448b 9c24 | ac00 0000 
  0x000002dfc7ccd600: 458b d344 | 8994 24a8 | 0000 0090 

  0x000002dfc7ccd60c: ;   {runtime_call UncommonTrapBlob}
  0x000002dfc7ccd60c: c5f8 77e8 

  0x000002dfc7ccd610: ; ImmutableOopMap {rbp=Oop [32]=Oop [40]=NarrowOop [44]=NarrowOop [56]=Oop [64]=NarrowOop [80]=Oop [136]=Oop [148]=NarrowOop [152]=NarrowOop [156]=NarrowOop [168]=NarrowOop [172]=NarrowOop [328]=Oop }
                      ;*invokevirtual seek {reexecute=0 rethrow=0 return_oop=0}
                      ; - java.util.zip.ZipFile$Source$RandomAccessFileAccessor::seek@5
                      ; - java.util.zip.ZipFile$Source::readAt@14
                      ; - java.util.zip.ZipFile$ZipFileInputStream::read@76
                      ; - java.util.zip.ZipFile$ZipFileInflaterInputStream::fill@32
                      ; - java.util.zip.InflaterInputStream::read@78
                      ; - jdk.internal.loader.Resource::getBytes@117
                      ; - java.net.URLClassLoader::defineClass@179
                      ; - java.net.URLClassLoader$1::run@43
  0x000002dfc7ccd610: ec6f 57ff 

  0x000002dfc7ccd614: ;   {other}
  0x000002dfc7ccd614: 0f1f 8400 | 0477 009b | ba45 ffff | ff4c 8b54 | 2438 4c89 | 5424 2844 | 8b54 2440 | 4489 5424 
  0x000002dfc7ccd634: 3844 8b5c | 2444 4489 | 5c24 3c4c | 8b54 2468 | 4c89 5424 | 4044 8b5c | 245c 4489 | 5c24 484c 
  0x000002dfc7ccd654: 8b94 2480 | 0000 004c | 8954 2458 | 448b 5424 | 7444 8954 | 244c 448b | 9c24 8800 | 0000 4489 
  0x000002dfc7ccd674: 5c24 6044 | 8b9c 24b0 | 0000 0044 | 895c 2478 | 4c8b 9424 | a000 0000 | 4c89 9424 | 9000 0000 
  0x000002dfc7ccd694: 448b 9c24 | a800 0000 | 4489 9c24 | a400 0000 | 4489 8424 | b400 0000 

  0x000002dfc7ccd6ac: ;   {runtime_call UncommonTrapBlob}
  0x000002dfc7ccd6ac: c5f8 77e8 

  0x000002dfc7ccd6b0: ; ImmutableOopMap {rbp=Oop [32]=Oop [40]=Oop [56]=NarrowOop [60]=NarrowOop [64]=Oop [72]=NarrowOop [88]=Oop [144]=Oop [152]=NarrowOop [156]=NarrowOop [164]=NarrowOop [172]=NarrowOop [180]=NarrowOop [328]=Oop }
                      ;*ifeq {reexecute=1 rethrow=0 return_oop=0}
                      ; - (reexecute) jdk.internal.misc.Blocker::begin@14
                      ; - java.io.RandomAccessFile::seek@16
                      ; - java.util.zip.ZipFile$Source$RandomAccessFileAccessor::seek@5
                      ; - java.util.zip.ZipFile$Source::readAt@14
                      ; - java.util.zip.ZipFile$ZipFileInputStream::read@76
                      ; - java.util.zip.ZipFile$ZipFileInflaterInputStream::fill@32
                      ; - java.util.zip.InflaterInputStream::read@78
                      ; - jdk.internal.loader.Resource::getBytes@117
                      ; - java.net.URLClassLoader::defineClass@179
                      ; - java.net.URLClassLoader$1::run@43
  0x000002dfc7ccd6b0: 4c6f 57ff 

  0x000002dfc7ccd6b4: ;   {other}
  0x000002dfc7ccd6b4: 0f1f 8400 | a477 009c | baf6 ffff | ff48 8b6c | 2420 4c8b | 5424 384c | 8954 2420 | 448b 5424 
  0x000002dfc7ccd6d4: 4044 8954 | 2428 448b | 5c24 4444 | 895c 242c | 4c8b 5424 | 684c 8954 | 2438 448b | 5424 5c44 
  0x000002dfc7ccd6f4: 8954 2440 | 4c8b 9424 | 8000 0000 | 4c89 5424 | 5044 8b54 | 2474 4489 | 5424 4444 | 8b9c 2488 
  0x000002dfc7ccd714: 0000 0044 | 895c 2458 | 4c8b 9424 | a000 0000 | 4c89 9424 | 8800 0000 | 448b 9c24 | a800 0000 
  0x000002dfc7ccd734: 4489 9c24 | 9400 0000 | 448b 9c24 | ac00 0000 | 458b d344 | 8994 24a0 | 0000 0090 

  0x000002dfc7ccd750: ;   {runtime_call UncommonTrapBlob}
  0x000002dfc7ccd750: c5f8 77e8 

  0x000002dfc7ccd754: ; ImmutableOopMap {rbp=Oop [32]=Oop [40]=NarrowOop [44]=NarrowOop [56]=Oop [64]=NarrowOop [80]=Oop [136]=Oop [148]=NarrowOop [152]=NarrowOop [160]=NarrowOop [168]=NarrowOop [172]=NarrowOop [328]=Oop }
                      ;*invokevirtual read {reexecute=0 rethrow=0 return_oop=0}
                      ; - java.util.zip.ZipFile$Source$RandomAccessFileAccessor::read@7
                      ; - java.util.zip.ZipFile$Source::readAt@26
                      ; - java.util.zip.ZipFile$ZipFileInputStream::read@76
                      ; - java.util.zip.ZipFile$ZipFileInflaterInputStream::fill@32
                      ; - java.util.zip.InflaterInputStream::read@78
                      ; - jdk.internal.loader.Resource::getBytes@117
                      ; - java.net.URLClassLoader::defineClass@179
                      ; - java.net.URLClassLoader$1::run@43
  0x000002dfc7ccd754: a86e 57ff 

  0x000002dfc7ccd758: ;   {other}
  0x000002dfc7ccd758: 0f1f 8400 | 4878 009d | ba45 ffff | ff4c 8b54 | 2438 4c89 | 5424 2844 | 8b54 2440 | 4489 5424 
  0x000002dfc7ccd778: 3844 8b5c | 2444 4489 | 5c24 3c4c | 8b54 2468 | 4c89 5424 | 4044 8b54 | 245c 4489 | 5424 484c 
  0x000002dfc7ccd798: 8b94 2480 | 0000 004c | 8954 2458 | 448b 5c24 | 7444 895c | 244c 448b | 9424 8800 | 0000 4489 
  0x000002dfc7ccd7b8: 5424 6044 | 8b9c 24b0 | 0000 0044 | 895c 2478 | 4c8b 9424 | a000 0000 | 4c89 9424 | 9000 0000 
  0x000002dfc7ccd7d8: 448b 9424 | a800 0000 | 458b da44 | 899c 24a0 | 0000 0044 | 8b94 24ac | 0000 0044 | 8994 24a8 
  0x000002dfc7ccd7f8: 0000 0044 | 898c 24ac | 0000 0090 

  0x000002dfc7ccd804: ;   {runtime_call UncommonTrapBlob}
  0x000002dfc7ccd804: c5f8 77e8 

  0x000002dfc7ccd808: ; ImmutableOopMap {rbp=Oop [32]=Oop [40]=Oop [56]=NarrowOop [60]=NarrowOop [64]=Oop [72]=NarrowOop [88]=Oop [144]=Oop [152]=NarrowOop [160]=NarrowOop [168]=NarrowOop [172]=NarrowOop [328]=Oop }
                      ;*ifeq {reexecute=1 rethrow=0 return_oop=0}
                      ; - (reexecute) jdk.internal.misc.Blocker::begin@14
                      ; - java.io.RandomAccessFile::readBytes@0
                      ; - java.io.RandomAccessFile::read@4
                      ; - java.util.zip.ZipFile$Source$RandomAccessFileAccessor::read@7
                      ; - java.util.zip.ZipFile$Source::readAt@26
                      ; - java.util.zip.ZipFile$ZipFileInputStream::read@76
                      ; - java.util.zip.ZipFile$ZipFileInflaterInputStream::fill@32
                      ; - java.util.zip.InflaterInputStream::read@78
                      ; - jdk.internal.loader.Resource::getBytes@117
                      ; - java.net.URLClassLoader::defineClass@179
                      ; - java.net.URLClassLoader$1::run@43
  0x000002dfc7ccd808: f46d 57ff 

  0x000002dfc7ccd80c: ;   {other}
  0x000002dfc7ccd80c: 0f1f 8400 | fc78 009e | baf6 ffff | ff48 8b6c | 2420 4c8b | 5424 384c | 8954 2420 | 448b 5424 
  0x000002dfc7ccd82c: 4044 8954 | 2428 448b | 5c24 4444 | 895c 242c | 4c8b 5424 | 684c 8954 | 2438 448b | 5424 5c44 
  0x000002dfc7ccd84c: 8954 2440 | 4c8b 9424 | 8000 0000 | 4c89 5424 | 5044 8b54 | 2474 4489 | 5424 4490 

  0x000002dfc7ccd868: ;   {runtime_call UncommonTrapBlob}
  0x000002dfc7ccd868: c5f8 77e8 

  0x000002dfc7ccd86c: ; ImmutableOopMap {rbp=Oop [32]=Oop [40]=NarrowOop [44]=NarrowOop [56]=Oop [64]=NarrowOop [80]=Oop [156]=NarrowOop [160]=NarrowOop [328]=Oop }
                      ;*monitorenter {reexecute=0 rethrow=0 return_oop=0}
                      ; - java.util.zip.Inflater::setInput@18
                      ; - java.util.zip.ZipFile$ZipFileInflaterInputStream::fill@76
                      ; - java.util.zip.InflaterInputStream::read@78
                      ; - jdk.internal.loader.Resource::getBytes@117
                      ; - java.net.URLClassLoader::defineClass@179
                      ; - java.net.URLClassLoader$1::run@43
  0x000002dfc7ccd86c: 906d 57ff 

  0x000002dfc7ccd870: ;   {other}
  0x000002dfc7ccd870: 0f1f 8400 | 6079 009f | ba45 ffff | ff4c 8b54 | 2438 4c89 | 5424 2844 | 8b54 2440 | 4489 5424 
  0x000002dfc7ccd890: 3844 8b5c | 2444 4489 | 5c24 3c4c | 8b54 2468 | 4c89 5424 | 4044 8b54 | 245c 4489 | 5424 484c 
  0x000002dfc7ccd8b0: 8b94 2480 | 0000 004c | 8954 2458 | 448b 5424 | 7444 8954 | 244c 448b | 9c24 8800 | 0000 4489 
  0x000002dfc7ccd8d0: 5c24 6090 

  0x000002dfc7ccd8d4: ;   {runtime_call UncommonTrapBlob}
  0x000002dfc7ccd8d4: c5f8 77e8 

  0x000002dfc7ccd8d8: ; ImmutableOopMap {[32]=Oop [40]=Oop [56]=NarrowOop [60]=NarrowOop [64]=Oop [72]=NarrowOop [88]=Oop [328]=Oop }
                      ;*iflt {reexecute=1 rethrow=0 return_oop=0}
                      ; - (reexecute) jdk.internal.util.Preconditions::checkFromIndexSize@5
                      ; - java.util.Objects::checkFromIndexSize@4
                      ; - java.util.zip.InflaterInputStream::read@20
                      ; - jdk.internal.loader.Resource::getBytes@117
                      ; - java.net.URLClassLoader::defineClass@179
                      ; - java.net.URLClassLoader$1::run@43
  0x000002dfc7ccd8d8: 246d 57ff 

  0x000002dfc7ccd8dc: ;   {other}
  0x000002dfc7ccd8dc: 0f1f 8400 | cc79 00a0 | bade ffff | ff48 8b6c | 2420 4c8b | 5c24 384c | 895c 2420 | 448b 4424 
  0x000002dfc7ccd8fc: 4044 8944 | 2428 448b | 5c24 4444 | 895c 242c | 4c8b 5c24 | 684c 895c | 2438 448b | 4424 5c44 
  0x000002dfc7ccd91c: 8944 2440 | 4c8b 9c24 | 8000 0000 | 4c89 5c24 | 5044 8b44 | 2474 4489 | 4424 4444 | 8b9c 2488 
  0x000002dfc7ccd93c: 0000 0044 | 895c 2458 | 4489 9424 | 8800 0000 

  0x000002dfc7ccd94c: ;   {runtime_call UncommonTrapBlob}
  0x000002dfc7ccd94c: c5f8 77e8 

  0x000002dfc7ccd950: ; ImmutableOopMap {rbp=Oop [32]=Oop [40]=NarrowOop [44]=NarrowOop [56]=Oop [64]=NarrowOop [80]=Oop [136]=NarrowOop [152]=NarrowOop [328]=Oop }
                      ;*invokevirtual read {reexecute=0 rethrow=0 return_oop=0}
                      ; - java.util.zip.ZipFile$ZipFileInflaterInputStream::fill@32
                      ; - java.util.zip.InflaterInputStream::read@78
                      ; - jdk.internal.loader.Resource::getBytes@117
                      ; - java.net.URLClassLoader::defineClass@179
                      ; - java.net.URLClassLoader$1::run@43
  0x000002dfc7ccd950: ac6c 57ff 

  0x000002dfc7ccd954: ;   {other}
  0x000002dfc7ccd954: 0f1f 8400 | 447a 00a1 | 498b d34c | 8d84 2450 | 0100 0090 

  0x000002dfc7ccd968: ;   {runtime_call _complete_monitor_locking_Java}
  0x000002dfc7ccd968: c5f8 77e8 

  0x000002dfc7ccd96c: ; ImmutableOopMap {[32]=Oop [40]=Oop [56]=Oop [64]=NarrowOop [68]=NarrowOop [72]=Oop [80]=Oop [92]=NarrowOop [104]=Oop [112]=NarrowOop [128]=Oop [144]=Oop [152]=NarrowOop [160]=Oop [168]=NarrowOop [184]=Oop [192]=Oop [328]=Oop }
                      ;*monitorenter {reexecute=0 rethrow=0 return_oop=0}
                      ; - java.util.zip.ZipFile$ZipFileInputStream::read@7
                      ; - java.util.zip.ZipFile$ZipFileInflaterInputStream::fill@32
                      ; - java.util.zip.InflaterInputStream::read@78
                      ; - jdk.internal.loader.Resource::getBytes@117
                      ; - java.net.URLClassLoader::defineClass@179
                      ; - java.net.URLClassLoader$1::run@43
  0x000002dfc7ccd96c: 906a 5aff 

  0x000002dfc7ccd970: ;   {other}
  0x000002dfc7ccd970: 0f1f 8400 | 607a 00a2 | e919 beff | ff49 8bd3 | 4c8d 8424 | 5801 0000 

  0x000002dfc7ccd988: ;   {runtime_call _complete_monitor_locking_Java}
  0x000002dfc7ccd988: c5f8 77e8 

  0x000002dfc7ccd98c: ; ImmutableOopMap {[32]=Oop [40]=Oop [56]=Oop [64]=NarrowOop [68]=NarrowOop [72]=Oop [80]=Oop [92]=NarrowOop [104]=Oop [112]=NarrowOop [128]=Oop [144]=Oop [152]=NarrowOop [156]=NarrowOop [160]=Oop [168]=NarrowOop [172]=NarrowOop [184]=Oop [192]=Oop [208]=Oop [216]=Oop [328]=Oop }
                      ;*monitorenter {reexecute=0 rethrow=0 return_oop=0}
                      ; - java.util.zip.ZipFile$Source::readAt@7
                      ; - java.util.zip.ZipFile$ZipFileInputStream::read@76
                      ; - java.util.zip.ZipFile$ZipFileInflaterInputStream::fill@32
                      ; - java.util.zip.InflaterInputStream::read@78
                      ; - jdk.internal.loader.Resource::getBytes@117
                      ; - java.net.URLClassLoader::defineClass@179
                      ; - java.net.URLClassLoader$1::run@43
  0x000002dfc7ccd98c: 706a 5aff 

  0x000002dfc7ccd990: ;   {other}
  0x000002dfc7ccd990: 0f1f 8400 | 807a 00a3 | e912 c3ff | ffba deff | ffff 4c8b | 5424 384c | 8954 2428 | 448b 5c24 
  0x000002dfc7ccd9b0: 4044 895c | 2438 448b | 5424 4444 | 8954 243c | 4c8b 5424 | 684c 8954 | 2440 448b | 5c24 5c44 
  0x000002dfc7ccd9d0: 895c 2448 | 4c8b 9424 | 8000 0000 | 4c89 5424 | 5844 8b54 | 2474 4489 | 5424 4c44 | 8b9c 2488 
  0x000002dfc7ccd9f0: 0000 0044 | 895c 2460 | 448b 9c24 | b000 0000 | 4489 5c24 | 784c 8b94 | 24a0 0000 | 004c 8994 
  0x000002dfc7ccda10: 2490 0000 | 0044 8b9c | 24a8 0000 | 0044 899c | 24a4 0000 | 0066 6690 

  0x000002dfc7ccda28: ;   {runtime_call UncommonTrapBlob}
  0x000002dfc7ccda28: c5f8 77e8 

  0x000002dfc7ccda2c: ; ImmutableOopMap {rbp=NarrowOop [32]=Oop [40]=Oop [56]=NarrowOop [60]=NarrowOop [64]=Oop [72]=NarrowOop [88]=Oop [144]=Oop [152]=NarrowOop [156]=NarrowOop [164]=NarrowOop [172]=NarrowOop [328]=Oop }
                      ;*invokeinterface seek {reexecute=0 rethrow=0 return_oop=0}
                      ; - java.util.zip.ZipFile$Source::readAt@14
                      ; - java.util.zip.ZipFile$ZipFileInputStream::read@76
                      ; - java.util.zip.ZipFile$ZipFileInflaterInputStream::fill@32
                      ; - java.util.zip.InflaterInputStream::read@78
                      ; - jdk.internal.loader.Resource::getBytes@117
                      ; - java.net.URLClassLoader::defineClass@179
                      ; - java.net.URLClassLoader$1::run@43
  0x000002dfc7ccda2c: d06b 57ff 

  0x000002dfc7ccda30: ;   {other}
  0x000002dfc7ccda30: 0f1f 8400 | 207b 00a4 | bade ffff | ff4c 8b54 | 2438 4c89 | 5424 2844 | 8b5c 2440 | 4489 5c24 
  0x000002dfc7ccda50: 3844 8b54 | 2444 4489 | 5424 3c4c | 8b54 2468 | 4c89 5424 | 4044 8b5c | 245c 4489 | 5c24 484c 
  0x000002dfc7ccda70: 8b94 2480 | 0000 004c | 8954 2458 | 448b 5424 | 7444 8954 | 244c 448b | 9c24 8800 | 0000 4489 
  0x000002dfc7ccda90: 5c24 604c | 8b94 24a0 | 0000 004c | 8994 2490 | 0000 0044 | 8b9c 24a8 | 0000 0044 | 899c 24a0 
  0x000002dfc7ccdab0: 0000 0090 

  0x000002dfc7ccdab4: ;   {runtime_call UncommonTrapBlob}
  0x000002dfc7ccdab4: c5f8 77e8 

  0x000002dfc7ccdab8: ; ImmutableOopMap {rbp=NarrowOop [32]=Oop [40]=Oop [56]=NarrowOop [60]=NarrowOop [64]=Oop [72]=NarrowOop [88]=Oop [144]=Oop [152]=NarrowOop [160]=NarrowOop [172]=NarrowOop [328]=Oop }
                      ;*invokeinterface read {reexecute=0 rethrow=0 return_oop=0}
                      ; - java.util.zip.ZipFile$Source::readAt@26
                      ; - java.util.zip.ZipFile$ZipFileInputStream::read@76
                      ; - java.util.zip.ZipFile$ZipFileInflaterInputStream::fill@32
                      ; - java.util.zip.InflaterInputStream::read@78
                      ; - jdk.internal.loader.Resource::getBytes@117
                      ; - java.net.URLClassLoader::defineClass@179
                      ; - java.net.URLClassLoader$1::run@43
  0x000002dfc7ccdab8: 446b 57ff 

  0x000002dfc7ccdabc: ;   {other}
  0x000002dfc7ccdabc: 0f1f 8400 | ac7b 00a5 | 498b cb48 | 8d94 2458 | 0100 004d | 8bc7 c5f8 | 7749 ba10 | 5a80 37f9 
  0x000002dfc7ccdadc: 7f00 0041 

  0x000002dfc7ccdae0: ;   {other}
  0x000002dfc7ccdae0: ffd2 0f1f | 8400 0000 | 0000 e987 | c3ff ff49 | 8bcb 488d | 9424 5001 | 0000 4d8b | c7c5 f877 
  0x000002dfc7ccdb00: 49ba 105a | 8037 f97f | 0000 41ff 

  0x000002dfc7ccdb0c: ;   {other}
  0x000002dfc7ccdb0c: d20f 1f84 | 0000 0000 | 00e9 3cc4 | ffff 498b | d34c 8d84 | 2450 0100 | 0066 6690 

  0x000002dfc7ccdb28: ;   {runtime_call _complete_monitor_locking_Java}
  0x000002dfc7ccdb28: c5f8 77e8 

  0x000002dfc7ccdb2c: ; ImmutableOopMap {rbp=Oop [32]=Oop [40]=Oop [56]=Oop [64]=NarrowOop [68]=NarrowOop [72]=Oop [80]=Oop [92]=NarrowOop [104]=Oop [112]=NarrowOop [128]=Oop [144]=Oop [156]=NarrowOop [160]=NarrowOop [168]=Oop [184]=Oop [328]=Oop }
                      ;*monitorenter {reexecute=0 rethrow=0 return_oop=0}
                      ; - java.util.zip.Inflater::setInput@18
                      ; - java.util.zip.ZipFile$ZipFileInflaterInputStream::fill@76
                      ; - java.util.zip.InflaterInputStream::read@78
                      ; - jdk.internal.loader.Resource::getBytes@117
                      ; - java.net.URLClassLoader::defineClass@179
                      ; - java.net.URLClassLoader$1::run@43
  0x000002dfc7ccdb2c: d068 5aff 

  0x000002dfc7ccdb30: ;   {other}
  0x000002dfc7ccdb30: 0f1f 8400 | 207c 00a6 | e92b adff | ff49 8bcb | 488d 9424 | 5001 0000 | 4d8b c7c5 | f877 49ba 
  0x000002dfc7ccdb50: 105a 8037 | f97f 0000 

  0x000002dfc7ccdb58: ;   {other}
  0x000002dfc7ccdb58: 41ff d20f | 1f84 0000 | 0000 00e9 | 1aae ffff | baf6 ffff | ff48 8b6c | 2420 4c8b | 4424 384c 
  0x000002dfc7ccdb78: 8944 2420 | 448b 4424 | 4044 8944 | 2428 448b | 4c24 4444 | 894c 242c | 4c89 5c24 | 4889 5c24 
  0x000002dfc7ccdb98: 4444 8954 | 2450 6690 

  0x000002dfc7ccdba0: ;   {runtime_call UncommonTrapBlob}
  0x000002dfc7ccdba0: c5f8 77e8 

  0x000002dfc7ccdba4: ; ImmutableOopMap {rbp=Oop [32]=Oop [40]=NarrowOop [44]=NarrowOop [68]=NarrowOop [72]=Oop [92]=NarrowOop }
                      ;*invokevirtual length {reexecute=0 rethrow=0 return_oop=0}
                      ; - jdk.internal.loader.URLClassPath$FileLoader$1::getContentLength@4
                      ; - jdk.internal.loader.Resource::getBytes@10
                      ; - java.net.URLClassLoader::defineClass@179
                      ; - java.net.URLClassLoader$1::run@43
  0x000002dfc7ccdba4: 586a 57ff 

  0x000002dfc7ccdba8: ;   {other}
  0x000002dfc7ccdba8: 0f1f 8400 | 987c 00a7 | ba45 ffff | ff48 8b6c | 2420 4c8b | 5424 384c | 8954 2420 | 448b 5424 
  0x000002dfc7ccdbc8: 4044 8954 | 2428 448b | 4424 4444 | 8944 242c | 448b 5424 | 5c44 8954 | 2440 4489 | 5c24 5c90 
  0x000002dfc7ccdbe8: ;   {runtime_call UncommonTrapBlob}
  0x000002dfc7ccdbe8: c5f8 77e8 

  0x000002dfc7ccdbec: ; ImmutableOopMap {rbp=Oop [32]=Oop [40]=NarrowOop [44]=NarrowOop [64]=NarrowOop [104]=Oop [112]=NarrowOop [328]=Oop }
                      ;*ifge {reexecute=1 rethrow=0 return_oop=0}
                      ; - (reexecute) jdk.internal.loader.Resource::getBytes@135
                      ; - java.net.URLClassLoader::defineClass@179
                      ; - java.net.URLClassLoader$1::run@43
  0x000002dfc7ccdbec: 106a 57ff 

  0x000002dfc7ccdbf0: ;   {other}
  0x000002dfc7ccdbf0: 0f1f 8400 | e07c 00a8 | ba45 ffff | ff48 8b6c | 2420 4c8b | 5424 384c | 8954 2420 | 448b 5424 
  0x000002dfc7ccdc10: 4044 8954 | 2428 448b | 5c24 4444 | 895c 242c | 448b 5424 | 5c44 8954 | 2440 4489 | 4424 5890 
  0x000002dfc7ccdc30: ;   {runtime_call UncommonTrapBlob}
  0x000002dfc7ccdc30: c5f8 77e8 

  0x000002dfc7ccdc34: ; ImmutableOopMap {rbp=Oop [32]=Oop [40]=NarrowOop [44]=NarrowOop [64]=NarrowOop [104]=Oop [112]=NarrowOop [128]=Oop }
                      ;*ifge {reexecute=1 rethrow=0 return_oop=0}
                      ; - (reexecute) jdk.internal.loader.Resource::getBytes@78
                      ; - java.net.URLClassLoader::defineClass@179
                      ; - java.net.URLClassLoader$1::run@43
  0x000002dfc7ccdc34: c869 57ff 

  0x000002dfc7ccdc38: ;   {other}
  0x000002dfc7ccdc38: 0f1f 8400 | 287d 00a9 | ba45 ffff | ff4c 8b54 | 2438 4c89 | 5424 2844 | 8b5c 2440 | 4489 5c24 
  0x000002dfc7ccdc58: 3844 8b54 | 2444 4489 | 5424 3c4c | 8b54 2468 | 4c89 5424 | 4044 8b5c | 245c 4489 | 5c24 484c 
  0x000002dfc7ccdc78: 8b94 2480 | 0000 004c | 8954 2458 | 448b 5424 | 7444 8954 | 244c 6690 

  0x000002dfc7ccdc90: ;   {runtime_call UncommonTrapBlob}
  0x000002dfc7ccdc90: c5f8 77e8 

  0x000002dfc7ccdc94: ; ImmutableOopMap {[32]=Oop [40]=Oop [56]=NarrowOop [60]=NarrowOop [64]=Oop [72]=NarrowOop [88]=Oop [328]=Oop }
                      ;*ifeq {reexecute=1 rethrow=0 return_oop=0}
                      ; - (reexecute) java.util.zip.InflaterInputStream::ensureOpen@4
                      ; - java.util.zip.InflaterInputStream::read@1
                      ; - jdk.internal.loader.Resource::getBytes@117
                      ; - java.net.URLClassLoader::defineClass@179
                      ; - java.net.URLClassLoader$1::run@43
  0x000002dfc7ccdc94: 6869 57ff 

  0x000002dfc7ccdc98: ;   {other}
  0x000002dfc7ccdc98: 0f1f 8400 | 887d 00aa | ba45 ffff | ff4c 8b54 | 2438 4c89 | 5424 2844 | 8b5c 2440 | 4489 5c24 
  0x000002dfc7ccdcb8: 3844 8b54 | 2444 4489 | 5424 3c4c | 8b54 2468 | 4c89 5424 | 4044 8b5c | 245c 4489 | 5c24 484c 
  0x000002dfc7ccdcd8: 8b94 2480 | 0000 004c | 8954 2458 | 448b 5424 | 7444 8954 | 244c 448b | 9c24 8800 | 0000 4489 
  0x000002dfc7ccdcf8: 5c24 6044 | 8b9c 248c | 0000 0044 | 899c 2488 | 0000 0090 

  0x000002dfc7ccdd0c: ;   {runtime_call UncommonTrapBlob}
  0x000002dfc7ccdd0c: c5f8 77e8 

  0x000002dfc7ccdd10: ; ImmutableOopMap {[32]=Oop [40]=Oop [56]=NarrowOop [60]=NarrowOop [64]=Oop [72]=NarrowOop [88]=Oop [328]=Oop }
                      ;*if_icmple {reexecute=1 rethrow=0 return_oop=0}
                      ; - (reexecute) jdk.internal.util.Preconditions::checkFromIndexSize@12
                      ; - java.util.Objects::checkFromIndexSize@4
                      ; - java.util.zip.InflaterInputStream::read@20
                      ; - jdk.internal.loader.Resource::getBytes@117
                      ; - java.net.URLClassLoader::defineClass@179
                      ; - java.net.URLClassLoader$1::run@43
  0x000002dfc7ccdd10: ec68 57ff 

  0x000002dfc7ccdd14: ;   {other}
  0x000002dfc7ccdd14: 0f1f 8400 | 047e 00ab | bac6 ffff | ff48 8b6c | 2420 4c8b | 5424 384c | 8954 2420 | 448b 5c24 
  0x000002dfc7ccdd34: 4044 895c | 2428 6690 

  0x000002dfc7ccdd3c: ;   {runtime_call UncommonTrapBlob}
  0x000002dfc7ccdd3c: c5f8 77e8 

  0x000002dfc7ccdd40: ; ImmutableOopMap {rbp=Oop [32]=Oop [40]=NarrowOop [68]=NarrowOop [92]=NarrowOop }
                      ;*invokevirtual getBytes {reexecute=0 rethrow=0 return_oop=0}
                      ; - java.net.URLClassLoader::defineClass@179
                      ; - java.net.URLClassLoader$1::run@43
  0x000002dfc7ccdd40: bc68 57ff 

  0x000002dfc7ccdd44: ;   {other}
  0x000002dfc7ccdd44: 0f1f 8400 | 347e 00ac | 498b eb49 | 8bd3 4c8d | 8424 5001 | 0000 6690 

  0x000002dfc7ccdd5c: ;   {runtime_call _complete_monitor_locking_Java}
  0x000002dfc7ccdd5c: c5f8 77e8 

  0x000002dfc7ccdd60: ; ImmutableOopMap {rbp=Oop [32]=Oop [40]=Oop [56]=Oop [64]=NarrowOop [68]=NarrowOop [72]=Oop [80]=Oop [92]=NarrowOop }
                      ;*synchronization entry
                      ; - jdk.internal.loader.Resource::cachedInputStream@-1
                      ; - jdk.internal.loader.Resource::getBytes@1
                      ; - java.net.URLClassLoader::defineClass@179
                      ; - java.net.URLClassLoader$1::run@43
  0x000002dfc7ccdd60: 9c66 5aff 

  0x000002dfc7ccdd64: ;   {other}
  0x000002dfc7ccdd64: 0f1f 8400 | 547e 00ad | 4c8b dde9 | 84ad ffff | bac6 ffff | ff48 8b6c | 2420 448b | 5424 4044 
  0x000002dfc7ccdd84: 8954 2428 | 448b 5c24 | 4444 895c | 242c 4c89 | 4424 4890 

  0x000002dfc7ccdd98: ;   {runtime_call UncommonTrapBlob}
  0x000002dfc7ccdd98: c5f8 77e8 

  0x000002dfc7ccdd9c: ; ImmutableOopMap {rbp=Oop [40]=NarrowOop [44]=NarrowOop [72]=Oop [92]=NarrowOop [128]=Oop }
                      ;*invokevirtual getCodeSigners {reexecute=0 rethrow=0 return_oop=0}
                      ; - java.net.URLClassLoader::defineClass@185
                      ; - java.net.URLClassLoader$1::run@43
  0x000002dfc7ccdd9c: 6068 57ff 

  0x000002dfc7ccdda0: ;   {other}
  0x000002dfc7ccdda0: 0f1f 8400 | 907e 00ae | 8bfb 498b | db49 8bcb | 488d 9424 | 5001 0000 | 4d8b c7c5 | f877 49ba 
  0x000002dfc7ccddc0: 105a 8037 | f97f 0000 

  0x000002dfc7ccddc8: ;   {other}
  0x000002dfc7ccddc8: 41ff d20f | 1f84 0000 | 0000 004c | 8bdb 8bdf | e9b1 b0ff | ffba f6ff | ffff 488b | 6c24 204c 
  0x000002dfc7ccdde8: 8b54 2438 | 4c89 5424 | 2044 8b5c | 2440 4489 | 5c24 2844 | 8b54 2444 | 4489 5424 | 2c4c 8b54 
  0x000002dfc7ccde08: 2468 4c89 | 5424 3844 | 8b5c 245c | 4489 5c24 | 404c 8b94 | 2480 0000 | 004c 8954 | 2450 448b 
  0x000002dfc7ccde28: 5424 7444 | 8954 2444 | 448b 9c24 | 8800 0000 | 4489 5c24 | 5844 8b9c | 24b0 0000 | 0044 895c 
  0x000002dfc7ccde48: 2470 448b | 9c24 9800 | 0000 4489 | 9c24 9000 | 0000 448b | 9424 9c00 | 0000 4489 | 9424 9400 
  0x000002dfc7ccde68: 0000 448b | 9c24 a800 | 0000 4489 | 9c24 9c00 | 0000 4c8b | 9424 d000 | 0000 4c89 | 9424 b800 
  0x000002dfc7ccde88: 0000 6690 

  0x000002dfc7ccde8c: ;   {runtime_call UncommonTrapBlob}
  0x000002dfc7ccde8c: c5f8 77e8 

  0x000002dfc7ccde90: ; ImmutableOopMap {rbp=Oop [32]=Oop [40]=NarrowOop [44]=NarrowOop [56]=Oop [64]=NarrowOop [80]=Oop [144]=NarrowOop [156]=NarrowOop [160]=Oop [172]=NarrowOop [184]=Oop [208]=Oop [328]=Oop }
                      ;*monitorenter {reexecute=0 rethrow=0 return_oop=0}
                      ; - java.util.zip.ZipFile$Source::readFullyAt@7
                      ; - java.util.zip.ZipFile$ZipFileInputStream::initDataOffset@41
                      ; - java.util.zip.ZipFile$ZipFileInputStream::read@16
                      ; - java.util.zip.ZipFile$ZipFileInflaterInputStream::fill@32
                      ; - java.util.zip.InflaterInputStream::read@78
                      ; - jdk.internal.loader.Resource::getBytes@117
                      ; - java.net.URLClassLoader::defineClass@179
                      ; - java.net.URLClassLoader$1::run@43
  0x000002dfc7ccde90: 6c67 57ff 

  0x000002dfc7ccde94: ;   {other}
  0x000002dfc7ccde94: 0f1f 8400 | 847f 00af | baf6 ffff | ff48 8b6c | 2420 4c8b | 5424 384c | 8954 2420 | 448b 5424 
  0x000002dfc7ccdeb4: 4044 8954 | 2428 448b | 5c24 4444 | 895c 242c | 4c8b 5424 | 684c 8954 | 2438 448b | 5424 5c44 
  0x000002dfc7ccded4: 8954 2440 | 4c8b 9424 | 8000 0000 | 4c89 5424 | 5044 8b5c | 2474 4489 | 5c24 4444 | 8b94 2488 
  0x000002dfc7ccdef4: 0000 0044 | 8954 2458 | 448b 9c24 | b000 0000 | 4489 5c24 | 7044 8b94 | 2498 0000 | 0044 8994 
  0x000002dfc7ccdf14: 2490 0000 | 0044 8b9c | 249c 0000 | 0044 899c | 2494 0000 | 0044 8b94 | 24a8 0000 | 0045 8bda 
  0x000002dfc7ccdf34: 4489 9c24 | 9c00 0000 | 4c8b 9424 | d000 0000 | 4c89 9424 | b800 0000 | 448b 9424 | ac00 0000 
  0x000002dfc7ccdf54: 4489 9424 | a800 0000 | 448b 9c24 | b400 0000 | 4489 9c24 | b000 0000 

  0x000002dfc7ccdf6c: ;   {runtime_call UncommonTrapBlob}
  0x000002dfc7ccdf6c: c5f8 77e8 

  0x000002dfc7ccdf70: ; ImmutableOopMap {rbp=Oop [32]=Oop [40]=NarrowOop [44]=NarrowOop [56]=Oop [64]=NarrowOop [80]=Oop [144]=NarrowOop [156]=NarrowOop [160]=Oop [168]=NarrowOop [176]=NarrowOop [180]=NarrowOop [184]=Oop [328]=Oop }
                      ;*invokevirtual seek {reexecute=0 rethrow=0 return_oop=0}
                      ; - java.util.zip.ZipFile$Source$RandomAccessFileAccessor::seek@5
                      ; - java.util.zip.ZipFile$Source::readFullyAt@14
                      ; - java.util.zip.ZipFile$ZipFileInputStream::initDataOffset@41
                      ; - java.util.zip.ZipFile$ZipFileInputStream::read@16
                      ; - java.util.zip.ZipFile$ZipFileInflaterInputStream::fill@32
                      ; - java.util.zip.InflaterInputStream::read@78
                      ; - jdk.internal.loader.Resource::getBytes@117
                      ; - java.net.URLClassLoader::defineClass@179
                      ; - java.net.URLClassLoader$1::run@43
  0x000002dfc7ccdf70: 8c66 57ff 

  0x000002dfc7ccdf74: ;   {other}
  0x000002dfc7ccdf74: 0f1f 8400 | 6480 00b0 | ba45 ffff | ff4c 8b54 | 2438 4c89 | 5424 2844 | 8b54 2440 | 4489 5424 
  0x000002dfc7ccdf94: 3844 8b5c | 2444 4489 | 5c24 3c4c | 8b54 2468 | 4c89 5424 | 4044 8b5c | 245c 4489 | 5c24 484c 
  0x000002dfc7ccdfb4: 8b94 2480 | 0000 004c | 8954 2458 | 448b 5424 | 7444 8954 | 244c 448b | 9c24 8800 | 0000 4489 
  0x000002dfc7ccdfd4: 5c24 6044 | 8b9c 24b0 | 0000 0044 | 895c 2478 | 4c8b 9424 | d000 0000 | 4c89 9424 | c000 0000 
  0x000002dfc7ccdff4: 4489 8424 | d400 0000 

  0x000002dfc7ccdffc: ;   {runtime_call UncommonTrapBlob}
  0x000002dfc7ccdffc: c5f8 77e8 

  0x000002dfc7cce000: ; ImmutableOopMap {rbp=Oop [32]=Oop [40]=Oop [56]=NarrowOop [60]=NarrowOop [64]=Oop [72]=NarrowOop [88]=Oop [152]=NarrowOop [160]=Oop [168]=NarrowOop [172]=NarrowOop [180]=NarrowOop [192]=Oop [212]=NarrowOop [328]=Oop }
                      ;*ifeq {reexecute=1 rethrow=0 return_oop=0}
                      ; - (reexecute) jdk.internal.misc.Blocker::begin@14
                      ; - java.io.RandomAccessFile::seek@16
                      ; - java.util.zip.ZipFile$Source$RandomAccessFileAccessor::seek@5
                      ; - java.util.zip.ZipFile$Source::readFullyAt@14
                      ; - java.util.zip.ZipFile$ZipFileInputStream::initDataOffset@41
                      ; - java.util.zip.ZipFile$ZipFileInputStream::read@16
                      ; - java.util.zip.ZipFile$ZipFileInflaterInputStream::fill@32
                      ; - java.util.zip.InflaterInputStream::read@78
                      ; - jdk.internal.loader.Resource::getBytes@117
                      ; - java.net.URLClassLoader::defineClass@179
                      ; - java.net.URLClassLoader$1::run@43
  0x000002dfc7cce000: fc65 57ff 

  0x000002dfc7cce004: ;   {other}
  0x000002dfc7cce004: 0f1f 8400 | f480 00b1 | baf6 ffff | ff48 8b6c | 2420 4c8b | 5424 384c | 8954 2420 | 448b 5424 
  0x000002dfc7cce024: 4044 8954 | 2428 448b | 5c24 4444 | 895c 242c | 4c8b 5424 | 684c 8954 | 2438 448b | 5424 5c44 
  0x000002dfc7cce044: 8954 2440 | 4c8b 9424 | 8000 0000 | 4c89 5424 | 5044 8b54 | 2474 4489 | 5424 4444 | 8b9c 2488 
  0x000002dfc7cce064: 0000 0044 | 895c 2458 | 448b 9c24 | b000 0000 | 4489 5c24 | 7044 8b9c | 2498 0000 | 0044 899c 
  0x000002dfc7cce084: 2490 0000 | 0044 8b94 | 249c 0000 | 0044 8994 | 2494 0000 | 0044 8b9c | 24a8 0000 | 0044 899c 
  0x000002dfc7cce0a4: 249c 0000 | 004c 8b94 | 24d0 0000 | 004c 8994 | 24b8 0000 | 0044 8b9c | 24ac 0000 | 0044 899c 
  0x000002dfc7cce0c4: 24a8 0000 | 0044 8b94 | 24b4 0000 | 0045 8bda | 4489 9c24 | b000 0000 

  0x000002dfc7cce0dc: ;   {runtime_call UncommonTrapBlob}
  0x000002dfc7cce0dc: c5f8 77e8 

  0x000002dfc7cce0e0: ; ImmutableOopMap {rbp=Oop [32]=Oop [40]=NarrowOop [44]=NarrowOop [56]=Oop [64]=NarrowOop [80]=Oop [144]=NarrowOop [156]=NarrowOop [160]=Oop [168]=NarrowOop [176]=NarrowOop [180]=NarrowOop [184]=Oop [328]=Oop }
                      ;*invokevirtual readFully {reexecute=0 rethrow=0 return_oop=0}
                      ; - java.util.zip.ZipFile$Source$RandomAccessFileAccessor::readFully@7
                      ; - java.util.zip.ZipFile$Source::readFullyAt@45
                      ; - java.util.zip.ZipFile$ZipFileInputStream::initDataOffset@41
                      ; - java.util.zip.ZipFile$ZipFileInputStream::read@16
                      ; - java.util.zip.ZipFile$ZipFileInflaterInputStream::fill@32
                      ; - java.util.zip.InflaterInputStream::read@78
                      ; - jdk.internal.loader.Resource::getBytes@117
                      ; - java.net.URLClassLoader::defineClass@179
                      ; - java.net.URLClassLoader$1::run@43
  0x000002dfc7cce0e0: 1c65 57ff 

  0x000002dfc7cce0e4: ;   {other}
  0x000002dfc7cce0e4: 0f1f 8400 | d481 00b2 | ba45 ffff | ff4c 8b54 | 2438 4c89 | 5424 2844 | 8b54 2440 | 4489 5424 
  0x000002dfc7cce104: 3844 8b5c | 2444 4489 | 5c24 3c4c | 8b54 2468 | 4c89 5424 | 4044 8b5c | 245c 4489 | 5c24 484c 
  0x000002dfc7cce124: 8b94 2480 | 0000 004c | 8954 2458 | 448b 5424 | 7444 8954 | 244c 448b | 9c24 8800 | 0000 4489 
  0x000002dfc7cce144: 5c24 6044 | 8b9c 24b0 | 0000 0044 | 895c 2478 | 4c8b 9424 | d000 0000 | 4c89 9424 | b800 0000 
  0x000002dfc7cce164: ;   {runtime_call UncommonTrapBlob}
  0x000002dfc7cce164: c5f8 77e8 

  0x000002dfc7cce168: ; ImmutableOopMap {rbp=Oop [32]=Oop [40]=Oop [56]=NarrowOop [60]=NarrowOop [64]=Oop [72]=NarrowOop [88]=Oop [152]=NarrowOop [160]=Oop [168]=NarrowOop [172]=NarrowOop [180]=NarrowOop [184]=Oop [200]=NarrowOop [328]=Oop }
                      ;*ifeq {reexecute=1 rethrow=0 return_oop=0}
                      ; - (reexecute) jdk.internal.misc.Blocker::begin@14
                      ; - java.io.RandomAccessFile::readBytes@0
                      ; - java.io.RandomAccessFile::read@4
                      ; - java.io.RandomAccessFile::readFully@13
                      ; - java.util.zip.ZipFile$Source$RandomAccessFileAccessor::readFully@7
                      ; - java.util.zip.ZipFile$Source::readFullyAt@45
                      ; - java.util.zip.ZipFile$ZipFileInputStream::initDataOffset@41
                      ; - java.util.zip.ZipFile$ZipFileInputStream::read@16
                      ; - java.util.zip.ZipFile$ZipFileInflaterInputStream::fill@32
                      ; - java.util.zip.InflaterInputStream::read@78
                      ; - jdk.internal.loader.Resource::getBytes@117
                      ; - java.net.URLClassLoader::defineClass@179
                      ; - java.net.URLClassLoader$1::run@43
  0x000002dfc7cce168: 9464 57ff 

  0x000002dfc7cce16c: ;   {other}
  0x000002dfc7cce16c: 0f1f 8400 | 5c82 00b3 | 498b d34c | 8d84 2458 | 0100 0090 

  0x000002dfc7cce180: ;   {runtime_call _complete_monitor_locking_Java}
  0x000002dfc7cce180: c5f8 77e8 

  0x000002dfc7cce184: ; ImmutableOopMap {[32]=Oop [40]=Oop [56]=Oop [64]=NarrowOop [68]=NarrowOop [72]=Oop [80]=Oop [92]=NarrowOop [104]=Oop [112]=NarrowOop [128]=Oop [144]=Oop [152]=NarrowOop [160]=Oop [168]=NarrowOop [172]=NarrowOop [180]=NarrowOop [184]=Oop [192]=Oop [208]=Oop [216]=Oop [224]=Oop [328]=Oop }
                      ;*monitorenter {reexecute=0 rethrow=0 return_oop=0}
                      ; - java.util.zip.ZipFile$Source::readFullyAt@7
                      ; - java.util.zip.ZipFile$ZipFileInputStream::initDataOffset@41
                      ; - java.util.zip.ZipFile$ZipFileInputStream::read@16
                      ; - java.util.zip.ZipFile$ZipFileInflaterInputStream::fill@32
                      ; - java.util.zip.InflaterInputStream::read@78
                      ; - jdk.internal.loader.Resource::getBytes@117
                      ; - java.net.URLClassLoader::defineClass@179
                      ; - java.net.URLClassLoader$1::run@43
  0x000002dfc7cce184: 7862 5aff 

  0x000002dfc7cce188: ;   {other}
  0x000002dfc7cce188: 0f1f 8400 | 7882 00b4 | e987 b7ff | ffba deff | ffff 4c8b | 5424 384c | 8954 2428 | 448b 5c24 
  0x000002dfc7cce1a8: 4044 895c | 2438 448b | 5424 4444 | 8954 243c | 4c8b 5424 | 684c 8954 | 2440 448b | 5c24 5c44 
  0x000002dfc7cce1c8: 895c 2448 | 4c8b 9424 | 8000 0000 | 4c89 5424 | 5844 8b54 | 2474 4489 | 5424 4c44 | 8b9c 2488 
  0x000002dfc7cce1e8: 0000 0044 | 895c 2460 | 448b 9c24 | b000 0000 | 4489 5c24 | 784c 8b94 | 24d0 0000 | 004c 8994 
  0x000002dfc7cce208: 24c0 0000 | 0066 6690 

  0x000002dfc7cce210: ;   {runtime_call UncommonTrapBlob}
  0x000002dfc7cce210: c5f8 77e8 

  0x000002dfc7cce214: ; ImmutableOopMap {rbp=NarrowOop [32]=Oop [40]=Oop [56]=NarrowOop [60]=NarrowOop [64]=Oop [72]=NarrowOop [88]=Oop [152]=NarrowOop [160]=Oop [168]=NarrowOop [172]=NarrowOop [180]=NarrowOop [192]=Oop [328]=Oop }
                      ;*invokeinterface seek {reexecute=0 rethrow=0 return_oop=0}
                      ; - java.util.zip.ZipFile$Source::readFullyAt@14
                      ; - java.util.zip.ZipFile$ZipFileInputStream::initDataOffset@41
                      ; - java.util.zip.ZipFile$ZipFileInputStream::read@16
                      ; - java.util.zip.ZipFile$ZipFileInflaterInputStream::fill@32
                      ; - java.util.zip.InflaterInputStream::read@78
                      ; - jdk.internal.loader.Resource::getBytes@117
                      ; - java.net.URLClassLoader::defineClass@179
                      ; - java.net.URLClassLoader$1::run@43
  0x000002dfc7cce214: e863 57ff 

  0x000002dfc7cce218: ;   {other}
  0x000002dfc7cce218: 0f1f 8400 | 0883 00b5 | bade ffff | ff4c 8b54 | 2438 4c89 | 5424 2844 | 8b5c 2440 | 4489 5c24 
  0x000002dfc7cce238: 3844 8b54 | 2444 4489 | 5424 3c4c | 8b54 2468 | 4c89 5424 | 4044 8b5c | 245c 4489 | 5c24 484c 
  0x000002dfc7cce258: 8b94 2480 | 0000 004c | 8954 2458 | 448b 5c24 | 7444 895c | 244c 448b | 9424 8800 | 0000 4489 
  0x000002dfc7cce278: 5424 6044 | 8b9c 24b0 | 0000 0044 | 895c 2478 | 4c8b 9424 | d000 0000 | 4c89 9424 | c000 0000 
  0x000002dfc7cce298: 4c89 9424 | c800 0000 

  0x000002dfc7cce2a0: ;   {runtime_call UncommonTrapBlob}
  0x000002dfc7cce2a0: c5f8 77e8 

  0x000002dfc7cce2a4: ; ImmutableOopMap {rbp=NarrowOop [32]=Oop [40]=Oop [56]=NarrowOop [60]=NarrowOop [64]=Oop [72]=NarrowOop [88]=Oop [152]=NarrowOop [160]=Oop [168]=NarrowOop [172]=NarrowOop [180]=NarrowOop [192]=Oop [200]=Oop [328]=Oop }
                      ;*invokeinterface readFully {reexecute=0 rethrow=0 return_oop=0}
                      ; - java.util.zip.ZipFile$Source::readFullyAt@45
                      ; - java.util.zip.ZipFile$ZipFileInputStream::initDataOffset@41
                      ; - java.util.zip.ZipFile$ZipFileInputStream::read@16
                      ; - java.util.zip.ZipFile$ZipFileInflaterInputStream::fill@32
                      ; - java.util.zip.InflaterInputStream::read@78
                      ; - jdk.internal.loader.Resource::getBytes@117
                      ; - java.net.URLClassLoader::defineClass@179
                      ; - java.net.URLClassLoader$1::run@43
  0x000002dfc7cce2a4: 5863 57ff 

  0x000002dfc7cce2a8: ;   {other}
  0x000002dfc7cce2a8: 0f1f 8400 | 9883 00b6 | 498b cb48 | 8d94 2458 | 0100 004d | 8bc7 c5f8 | 7749 ba10 | 5a80 37f9 
  0x000002dfc7cce2c8: 7f00 0041 

  0x000002dfc7cce2cc: ;   {other}
  0x000002dfc7cce2cc: ffd2 0f1f | 8400 0000 | 0000 e919 | b8ff ffba | c6ff ffff | 488b 6c24 | 2044 895c | 2420 448b 
  0x000002dfc7cce2ec: 5c24 4044 | 895c 2424 | 4489 6c24 | 3848 897c | 2440 4889 | 7c24 4890 

  0x000002dfc7cce304: ;   {runtime_call UncommonTrapBlob}
  0x000002dfc7cce304: c5f8 77e8 

  0x000002dfc7cce308: ; ImmutableOopMap {rbp=Oop [36]=NarrowOop [56]=NarrowOop [64]=Oop [72]=Oop }
                      ;*invokevirtual getCodeSourceURL {reexecute=0 rethrow=0 return_oop=0}
                      ; - java.net.URLClassLoader::defineClass@13
                      ; - java.net.URLClassLoader$1::run@43
  0x000002dfc7cce308: f462 57ff 

  0x000002dfc7cce30c: ;   {other}
  0x000002dfc7cce30c: 0f1f 8400 | fc83 00b7 | ba45 ffff | ff4c 8b54 | 2438 4c89 | 5424 2844 | 8b54 2440 | 4489 5424 
  0x000002dfc7cce32c: 3844 8b5c | 2444 4489 | 5c24 3c4c | 8b54 2468 | 4c89 5424 | 4044 8b54 | 245c 4489 | 5424 484c 
  0x000002dfc7cce34c: 8b94 2480 | 0000 004c | 8954 2458 

  0x000002dfc7cce358: ;   {runtime_call UncommonTrapBlob}
  0x000002dfc7cce358: c5f8 77e8 

  0x000002dfc7cce35c: ; ImmutableOopMap {[32]=Oop [40]=Oop [56]=NarrowOop [60]=NarrowOop [64]=Oop [72]=NarrowOop [88]=Oop [328]=Oop }
                      ;*ifeq {reexecute=1 rethrow=0 return_oop=0}
                      ; - (reexecute) java.util.zip.InflaterInputStream::read@47
                      ; - jdk.internal.loader.Resource::getBytes@117
                      ; - java.net.URLClassLoader::defineClass@179
                      ; - java.net.URLClassLoader$1::run@43
  0x000002dfc7cce35c: a062 57ff 

  0x000002dfc7cce360: ;   {other}
  0x000002dfc7cce360: 0f1f 8400 | 5084 00b8 | 488b ac24 | 4801 0000 | eb03 498b | eaba f6ff | ffff 4c8b | 5424 384c 
  0x000002dfc7cce380: 8954 2428 | 448b 5c24 | 4044 895c | 2438 448b | 5424 4444 | 8954 243c 

  0x000002dfc7cce398: ;   {runtime_call UncommonTrapBlob}
  0x000002dfc7cce398: c5f8 77e8 

  0x000002dfc7cce39c: ; ImmutableOopMap {rbp=Oop [32]=Oop [40]=Oop [56]=NarrowOop [60]=NarrowOop [92]=NarrowOop [104]=Oop }
                      ;*invokevirtual close {reexecute=0 rethrow=0 return_oop=0}
                      ; - jdk.internal.loader.Resource::getBytes@183
                      ; - java.net.URLClassLoader::defineClass@179
                      ; - java.net.URLClassLoader$1::run@43
  0x000002dfc7cce39c: 6062 57ff 

  0x000002dfc7cce3a0: ;   {other}
  0x000002dfc7cce3a0: 0f1f 8400 | 9084 00b9 | ba27 0000 | 0048 8b6c | 2420 4c8b | 5424 384c | 8954 2420 | 448b 5c24 
  0x000002dfc7cce3c0: 4044 895c | 2428 4c8b | 5424 6044 | 8b5c 245c | 4489 5c24 | 404c 8954 | 2448 4c89 | 5424 5090 
  0x000002dfc7cce3e0: ;   {runtime_call UncommonTrapBlob}
  0x000002dfc7cce3e0: c5f8 77e8 

  0x000002dfc7cce3e4: ; ImmutableOopMap {rbp=Oop [32]=Oop [40]=NarrowOop [64]=NarrowOop [68]=NarrowOop [72]=Oop [80]=Oop [104]=Oop }
                      ;*new {reexecute=0 rethrow=0 return_oop=0}
                      ; - java.io.FileInputStream::<init>@45
                      ; - jdk.internal.loader.URLClassPath$FileLoader$1::getInputStream@8
                      ; - jdk.internal.loader.Resource::cachedInputStream@9
                      ; - jdk.internal.loader.Resource::getBytes@1
                      ; - java.net.URLClassLoader::defineClass@179
                      ; - java.net.URLClassLoader$1::run@43
  0x000002dfc7cce3e4: 1862 57ff 

  0x000002dfc7cce3e8: ;   {other}
  0x000002dfc7cce3e8: 0f1f 8400 | d884 00ba | baf6 ffff | ff48 8b6c | 2420 4c8b | 5424 384c | 8954 2420 | 448b 5c24 
  0x000002dfc7cce408: 4044 895c | 2428 4c8b | 5424 604c | 8954 2448 | 4c89 5424 | 5066 6690 

  0x000002dfc7cce420: ;   {runtime_call UncommonTrapBlob}
  0x000002dfc7cce420: c5f8 77e8 

  0x000002dfc7cce424: ; ImmutableOopMap {rbp=Oop [32]=Oop [40]=NarrowOop [68]=NarrowOop [72]=Oop [80]=Oop [92]=NarrowOop }
                      ;*invokevirtual isInvalid {reexecute=0 rethrow=0 return_oop=0}
                      ; - java.io.FileInputStream::<init>@54
                      ; - jdk.internal.loader.URLClassPath$FileLoader$1::getInputStream@8
                      ; - jdk.internal.loader.Resource::cachedInputStream@9
                      ; - jdk.internal.loader.Resource::getBytes@1
                      ; - java.net.URLClassLoader::defineClass@179
                      ; - java.net.URLClassLoader$1::run@43
  0x000002dfc7cce424: d861 57ff 

  0x000002dfc7cce428: ;   {other}
  0x000002dfc7cce428: 0f1f 8400 | 1885 00bb | bac6 ffff | ff48 8b6c | 2420 448b | 5c24 4044 | 895c 2428 | 4489 6c24 
  0x000002dfc7cce448: 2c48 897c | 2438 4489 | 5424 4048 | 897c 2450 

  0x000002dfc7cce458: ;   {runtime_call UncommonTrapBlob}
  0x000002dfc7cce458: c5f8 77e8 

  0x000002dfc7cce45c: ; ImmutableOopMap {rbp=Oop [40]=NarrowOop [44]=NarrowOop [56]=Oop [64]=NarrowOop [80]=Oop [160]=Oop }
                      ;*invokevirtual getManifest {reexecute=0 rethrow=0 return_oop=0}
                      ; - java.net.URLClassLoader::defineClass@34
                      ; - java.net.URLClassLoader$1::run@43
  0x000002dfc7cce45c: a061 57ff 

  0x000002dfc7cce460: ;   {other}
  0x000002dfc7cce460: 0f1f 8400 | 5085 00bc | ba2e 0000 | 0048 8b6c | 2420 4c8b | 5424 384c | 8954 2420 | 448b 5c24 
  0x000002dfc7cce480: 4044 895c | 2428 4c8b | 5424 6044 | 8b5c 245c | 4489 5c24 | 404c 8954 | 2448 4c89 | 5424 5090 
  0x000002dfc7cce4a0: ;   {runtime_call UncommonTrapBlob}
  0x000002dfc7cce4a0: c5f8 77e8 

  0x000002dfc7cce4a4: ; ImmutableOopMap {rbp=Oop [32]=Oop [40]=NarrowOop [64]=NarrowOop [68]=NarrowOop [72]=Oop [80]=Oop [104]=Oop }
                      ;*new {reexecute=0 rethrow=0 return_oop=0}
                      ; - java.io.FileInputStream::<init>@60
                      ; - jdk.internal.loader.URLClassPath$FileLoader$1::getInputStream@8
                      ; - jdk.internal.loader.Resource::cachedInputStream@9
                      ; - jdk.internal.loader.Resource::getBytes@1
                      ; - java.net.URLClassLoader::defineClass@179
                      ; - java.net.URLClassLoader$1::run@43
  0x000002dfc7cce4a4: 5861 57ff 

  0x000002dfc7cce4a8: ;   {other}
  0x000002dfc7cce4a8: 0f1f 8400 | 9885 00bd | ba27 0000 | 0048 8b6c | 2420 448b | 5424 4044 | 8954 2428 | 448b 5424 
  0x000002dfc7cce4c8: 5c44 8954 | 2440 6690 

  0x000002dfc7cce4d0: ;   {runtime_call UncommonTrapBlob}
  0x000002dfc7cce4d0: c5f8 77e8 

  0x000002dfc7cce4d4: ; ImmutableOopMap {rbp=Oop [40]=NarrowOop [56]=Oop [64]=NarrowOop [68]=NarrowOop [104]=Oop [112]=Oop }
                      ;*new {reexecute=0 rethrow=0 return_oop=0}
                      ; - java.io.FileInputStream::<init>@45
                      ; - jdk.internal.loader.URLClassPath$FileLoader$1::getInputStream@8
                      ; - jdk.internal.loader.Resource::cachedInputStream@9
                      ; - jdk.internal.loader.Resource::getByteBuffer@1
                      ; - java.net.URLClassLoader::defineClass@132
                      ; - java.net.URLClassLoader$1::run@43
  0x000002dfc7cce4d4: 2861 57ff 

  0x000002dfc7cce4d8: ;   {other}
  0x000002dfc7cce4d8: 0f1f 8400 | c885 00be | baf6 ffff | ff48 8b6c | 2420 448b | 5424 4044 | 8954 2428 

  0x000002dfc7cce4f4: ;   {runtime_call UncommonTrapBlob}
  0x000002dfc7cce4f4: c5f8 77e8 

  0x000002dfc7cce4f8: ; ImmutableOopMap {rbp=Oop [40]=NarrowOop [56]=Oop [68]=NarrowOop [92]=NarrowOop [104]=Oop }
                      ;*invokevirtual isInvalid {reexecute=0 rethrow=0 return_oop=0}
                      ; - java.io.FileInputStream::<init>@54
                      ; - jdk.internal.loader.URLClassPath$FileLoader$1::getInputStream@8
                      ; - jdk.internal.loader.Resource::cachedInputStream@9
                      ; - jdk.internal.loader.Resource::getByteBuffer@1
                      ; - java.net.URLClassLoader::defineClass@132
                      ; - java.net.URLClassLoader$1::run@43
  0x000002dfc7cce4f8: 0461 57ff 

  0x000002dfc7cce4fc: ;   {other}
  0x000002dfc7cce4fc: 0f1f 8400 | ec85 00bf | bac6 ffff | ff48 8b6c | 2420 448b | 4424 4044 | 8944 2428 | 4489 6c24 
  0x000002dfc7cce51c: 2c48 897c | 2438 4489 | 5424 4048 | 897c 2448 

  0x000002dfc7cce52c: ;   {runtime_call UncommonTrapBlob}
  0x000002dfc7cce52c: c5f8 77e8 

  0x000002dfc7cce530: ; ImmutableOopMap {rbp=Oop [40]=NarrowOop [44]=NarrowOop [56]=Oop [64]=NarrowOop [72]=Oop }
                      ;*invokevirtual getInputStream {reexecute=0 rethrow=0 return_oop=0}
                      ; - jdk.internal.loader.Resource::cachedInputStream@9
                      ; - jdk.internal.loader.Resource::getByteBuffer@1
                      ; - java.net.URLClassLoader::defineClass@132
                      ; - java.net.URLClassLoader$1::run@43
  0x000002dfc7cce530: cc60 57ff 

  0x000002dfc7cce534: ;   {other}
  0x000002dfc7cce534: 0f1f 8400 | 2486 00c0 | ba2e 0000 | 0048 8b6c | 2420 448b | 5424 4044 | 8954 2428 | 448b 5424 
  0x000002dfc7cce554: 5c44 8954 | 2440 6690 

  0x000002dfc7cce55c: ;   {runtime_call UncommonTrapBlob}
  0x000002dfc7cce55c: c5f8 77e8 

  0x000002dfc7cce560: ; ImmutableOopMap {rbp=Oop [40]=NarrowOop [56]=Oop [64]=NarrowOop [68]=NarrowOop [104]=Oop [112]=Oop }
                      ;*new {reexecute=0 rethrow=0 return_oop=0}
                      ; - java.io.FileInputStream::<init>@60
                      ; - jdk.internal.loader.URLClassPath$FileLoader$1::getInputStream@8
                      ; - jdk.internal.loader.Resource::cachedInputStream@9
                      ; - jdk.internal.loader.Resource::getByteBuffer@1
                      ; - java.net.URLClassLoader::defineClass@132
                      ; - java.net.URLClassLoader$1::run@43
  0x000002dfc7cce560: 9c60 57ff 

  0x000002dfc7cce564: ;   {other}
  0x000002dfc7cce564: 0f1f 8400 | 5486 00c1 | ba45 ffff | ff4c 8b54 | 2438 4c89 | 5424 2844 | 8b5c 2440 | 4489 5c24 
  0x000002dfc7cce584: 3844 8b54 | 2444 4489 | 5424 3c4c | 8b54 2468 | 4c89 5424 | 4044 8b5c | 245c 4489 | 5c24 484c 
  0x000002dfc7cce5a4: 8b94 2480 | 0000 004c | 8954 2458 | 448b 5424 | 7444 8954 | 244c 6690 

  0x000002dfc7cce5bc: ;   {runtime_call UncommonTrapBlob}
  0x000002dfc7cce5bc: c5f8 77e8 

  0x000002dfc7cce5c0: ; ImmutableOopMap {[32]=Oop [40]=Oop [56]=NarrowOop [60]=NarrowOop [64]=Oop [72]=NarrowOop [88]=Oop [328]=Oop }
                      ;*ifne {reexecute=1 rethrow=0 return_oop=0}
                      ; - (reexecute) java.util.zip.InflaterInputStream::read@74
                      ; - jdk.internal.loader.Resource::getBytes@117
                      ; - java.net.URLClassLoader::defineClass@179
                      ; - java.net.URLClassLoader$1::run@43
  0x000002dfc7cce5c0: 3c60 57ff 

  0x000002dfc7cce5c4: ;   {other}
  0x000002dfc7cce5c4: 0f1f 8400 | b486 00c2 | ba45 ffff | ff4c 8b54 | 2438 4c89 | 5424 2844 | 8b5c 2440 | 4489 5c24 
  0x000002dfc7cce5e4: 3844 8b54 | 2444 4489 | 5424 3c4c | 8b54 2468 | 4c89 5424 | 4044 8b5c | 245c 4489 | 5c24 484c 
  0x000002dfc7cce604: 8b94 2480 | 0000 004c | 8954 2458 | 448b 5424 | 7444 8954 | 244c 448b | 9c24 8800 | 0000 4489 
  0x000002dfc7cce624: 5c24 6044 | 8b9c 24b0 | 0000 0044 | 895c 2478 | 4c8b 9424 | a000 0000 | 4c89 9424 | 9000 0000 
  0x000002dfc7cce644: 448b 9c24 | a800 0000 | 4489 9c24 | a400 0000 | 4489 8424 | b400 0000 

  0x000002dfc7cce65c: ;   {runtime_call UncommonTrapBlob}
  0x000002dfc7cce65c: c5f8 77e8 

  0x000002dfc7cce660: ; ImmutableOopMap {[32]=Oop [40]=Oop [56]=NarrowOop [60]=NarrowOop [64]=Oop [72]=NarrowOop [88]=Oop [144]=Oop [152]=NarrowOop [156]=NarrowOop [164]=NarrowOop [172]=NarrowOop [180]=NarrowOop [328]=Oop }
                      ;*if_icmplt {reexecute=1 rethrow=0 return_oop=0}
                      ; - (reexecute) jdk.internal.misc.VM::isBooted@4
                      ; - jdk.internal.misc.Blocker::begin@0
                      ; - java.io.RandomAccessFile::seek@16
                      ; - java.util.zip.ZipFile$Source$RandomAccessFileAccessor::seek@5
                      ; - java.util.zip.ZipFile$Source::readAt@14
                      ; - java.util.zip.ZipFile$ZipFileInputStream::read@76
                      ; - java.util.zip.ZipFile$ZipFileInflaterInputStream::fill@32
                      ; - java.util.zip.InflaterInputStream::read@78
                      ; - jdk.internal.loader.Resource::getBytes@117
                      ; - java.net.URLClassLoader::defineClass@179
                      ; - java.net.URLClassLoader$1::run@43
  0x000002dfc7cce660: 9c5f 57ff 

  0x000002dfc7cce664: ;   {other}
  0x000002dfc7cce664: 0f1f 8400 | 5487 00c3 | ba45 ffff | ff4c 8b54 | 2438 4c89 | 5424 2844 | 8b54 2440 | 4489 5424 
  0x000002dfc7cce684: 3844 8b5c | 2444 4489 | 5c24 3c4c | 8b54 2468 | 4c89 5424 | 4044 8b54 | 245c 4489 | 5424 484c 
  0x000002dfc7cce6a4: 8b94 2480 | 0000 004c | 8954 2458 | 448b 5c24 | 7444 895c | 244c 448b | 9424 8800 | 0000 4489 
  0x000002dfc7cce6c4: 5424 6044 | 8b9c 24b0 | 0000 0044 | 895c 2478 | 4c8b 9424 | a000 0000 | 4c89 9424 | 9000 0000 
  0x000002dfc7cce6e4: 448b 9424 | a800 0000 | 458b da44 | 899c 24a0 | 0000 0044 | 8b94 24ac | 0000 0044 | 8994 24a8 
  0x000002dfc7cce704: 0000 0044 | 898c 24ac | 0000 0090 

  0x000002dfc7cce710: ;   {runtime_call UncommonTrapBlob}
  0x000002dfc7cce710: c5f8 77e8 

  0x000002dfc7cce714: ; ImmutableOopMap {[32]=Oop [40]=Oop [56]=NarrowOop [60]=NarrowOop [64]=Oop [72]=NarrowOop [88]=Oop [144]=Oop [152]=NarrowOop [160]=NarrowOop [168]=NarrowOop [172]=NarrowOop [328]=Oop }
                      ;*if_icmplt {reexecute=1 rethrow=0 return_oop=0}
                      ; - (reexecute) jdk.internal.misc.VM::isBooted@4
                      ; - jdk.internal.misc.Blocker::begin@0
                      ; - java.io.RandomAccessFile::readBytes@0
                      ; - java.io.RandomAccessFile::read@4
                      ; - java.util.zip.ZipFile$Source$RandomAccessFileAccessor::read@7
                      ; - java.util.zip.ZipFile$Source::readAt@26
                      ; - java.util.zip.ZipFile$ZipFileInputStream::read@76
                      ; - java.util.zip.ZipFile$ZipFileInflaterInputStream::fill@32
                      ; - java.util.zip.InflaterInputStream::read@78
                      ; - jdk.internal.loader.Resource::getBytes@117
                      ; - java.net.URLClassLoader::defineClass@179
                      ; - java.net.URLClassLoader$1::run@43
  0x000002dfc7cce714: e85e 57ff 

  0x000002dfc7cce718: ;   {other}
  0x000002dfc7cce718: 0f1f 8400 | 0888 00c4 | ba45 ffff | ff48 8b6c | 2420 4c8b | 5424 384c | 8954 2420 | 448b 5c24 
  0x000002dfc7cce738: 4044 895c | 2428 448b | 5424 4444 | 8954 242c | 4c8b 5424 | 684c 8954 | 2438 448b | 5c24 5c44 
  0x000002dfc7cce758: 895c 2440 | 4c8b 9424 | 8000 0000 | 4c89 5424 | 5044 8b54 | 2474 4489 | 5424 4444 | 8b9c 2488 
  0x000002dfc7cce778: 0000 0044 | 895c 2458 | 448b 9424 | a800 0000 | 458b da44 | 899c 249c | 0000 0090 

  0x000002dfc7cce794: ;   {runtime_call UncommonTrapBlob}
  0x000002dfc7cce794: c5f8 77e8 

  0x000002dfc7cce798: ; ImmutableOopMap {rbp=Oop [32]=Oop [40]=NarrowOop [44]=NarrowOop [56]=Oop [64]=NarrowOop [80]=Oop [156]=NarrowOop [160]=Oop [168]=NarrowOop [328]=Oop }
                      ;*ifle {reexecute=1 rethrow=0 return_oop=0}
                      ; - (reexecute) java.util.zip.ZipFile$ZipFileInputStream::read@81
                      ; - java.util.zip.ZipFile$ZipFileInflaterInputStream::fill@32
                      ; - java.util.zip.InflaterInputStream::read@78
                      ; - jdk.internal.loader.Resource::getBytes@117
                      ; - java.net.URLClassLoader::defineClass@179
                      ; - java.net.URLClassLoader$1::run@43
  0x000002dfc7cce798: 645e 57ff 

  0x000002dfc7cce79c: ;   {other}
  0x000002dfc7cce79c: 0f1f 8400 | 8c88 00c5 | ba45 ffff | ff4c 8b54 | 2438 4c89 | 5424 2844 | 8b54 2440 | 4489 5424 
  0x000002dfc7cce7bc: 3844 8b5c | 2444 4489 | 5c24 3c4c | 8b54 2468 | 4c89 5424 | 4044 8b54 | 245c 4489 | 5424 484c 
  0x000002dfc7cce7dc: 8b94 2480 | 0000 004c | 8954 2458 | 448b 5c24 | 7444 895c | 244c 448b | 9424 8800 | 0000 4489 
  0x000002dfc7cce7fc: 5424 6044 | 8b94 2498 | 0000 0044 | 8994 248c | 0000 0044 | 8984 2490 | 0000 0090 

  0x000002dfc7cce818: ;   {runtime_call UncommonTrapBlob}
  0x000002dfc7cce818: c5f8 77e8 

  0x000002dfc7cce81c: ; ImmutableOopMap {[32]=Oop [40]=Oop [56]=NarrowOop [60]=NarrowOop [64]=Oop [72]=NarrowOop [88]=Oop [156]=NarrowOop [160]=NarrowOop [328]=Oop }
                      ;*iflt {reexecute=1 rethrow=0 return_oop=0}
                      ; - (reexecute) jdk.internal.util.Preconditions::checkFromIndexSize@5
                      ; - java.util.zip.Inflater::setInput@7
                      ; - java.util.zip.ZipFile$ZipFileInflaterInputStream::fill@76
                      ; - java.util.zip.InflaterInputStream::read@78
                      ; - jdk.internal.loader.Resource::getBytes@117
                      ; - java.net.URLClassLoader::defineClass@179
                      ; - java.net.URLClassLoader$1::run@43
  0x000002dfc7cce81c: e05d 57ff 

  0x000002dfc7cce820: ;   {other}
  0x000002dfc7cce820: 0f1f 8400 | 1089 00c6 | 498b d7c5 | f877 49ba | 70ed 3e37 | f97f 0000 

  0x000002dfc7cce838: ;   {other}
  0x000002dfc7cce838: 41ff d20f | 1f84 0000 | 0000 00e9 | 36a0 ffff | 498b d7c5 | f877 49ba | 70ed 3e37 | f97f 0000 
  0x000002dfc7cce858: ;   {other}
  0x000002dfc7cce858: 41ff d20f | 1f84 0000 | 0000 00e9 | 0ba0 ffff | baf6 ffff | ff48 8b6c | 2420 4c8b | 5424 384c 
  0x000002dfc7cce878: 8954 2420 | 448b 5c24 | 4044 895c | 2428 448b | 5424 4444 | 8954 242c | 4c8b 5424 | 684c 8954 
  0x000002dfc7cce898: 2438 448b | 5c24 5c44 | 895c 2440 | 4c8b 9424 | 8000 0000 | 4c89 5424 | 5044 8b54 | 2474 4489 
  0x000002dfc7cce8b8: 5424 4444 | 8b9c 2488 | 0000 0044 | 895c 2458 

  0x000002dfc7cce8c8: ;   {runtime_call UncommonTrapBlob}
  0x000002dfc7cce8c8: c5f8 77e8 

  0x000002dfc7cce8cc: ; ImmutableOopMap {rbp=Oop [32]=Oop [40]=NarrowOop [44]=NarrowOop [56]=Oop [64]=NarrowOop [80]=Oop [160]=Oop [328]=Oop }
                      ;*monitorenter {reexecute=0 rethrow=0 return_oop=0}
                      ; - java.util.zip.ZipFile$ZipFileInputStream::close@30
                      ; - java.util.zip.ZipFile$ZipFileInputStream::read@130
                      ; - java.util.zip.ZipFile$ZipFileInflaterInputStream::fill@32
                      ; - java.util.zip.InflaterInputStream::read@78
                      ; - jdk.internal.loader.Resource::getBytes@117
                      ; - java.net.URLClassLoader::defineClass@179
                      ; - java.net.URLClassLoader$1::run@43
  0x000002dfc7cce8cc: 305d 57ff 

  0x000002dfc7cce8d0: ;   {other}
  0x000002dfc7cce8d0: 0f1f 8400 | c089 00c7 | ba45 ffff | ff4c 8b54 | 2438 4c89 | 5424 2844 | 8b54 2440 | 4489 5424 
  0x000002dfc7cce8f0: 3844 8b5c | 2444 4489 | 5c24 3c4c | 8b54 2468 | 4c89 5424 | 4044 8b54 | 245c 4489 | 5424 484c 
  0x000002dfc7cce910: 8b94 2480 | 0000 004c | 8954 2458 | 448b 5424 | 7444 8954 | 244c 6690 

  0x000002dfc7cce928: ;   {runtime_call UncommonTrapBlob}
  0x000002dfc7cce928: c5f8 77e8 

  0x000002dfc7cce92c: ; ImmutableOopMap {[32]=Oop [40]=Oop [56]=NarrowOop [60]=NarrowOop [64]=Oop [72]=NarrowOop [88]=Oop [328]=Oop }
                      ;*ifeq {reexecute=1 rethrow=0 return_oop=0}
                      ; - (reexecute) java.util.zip.ZipFile$ZipFileInflaterInputStream::fill@4
                      ; - java.util.zip.InflaterInputStream::read@78
                      ; - jdk.internal.loader.Resource::getBytes@117
                      ; - java.net.URLClassLoader::defineClass@179
                      ; - java.net.URLClassLoader$1::run@43
  0x000002dfc7cce92c: d05c 57ff 

  0x000002dfc7cce930: ;   {other}
  0x000002dfc7cce930: 0f1f 8400 | 208a 00c8 | ba45 ffff | ff4c 8b54 | 2438 4c89 | 5424 2844 | 8b54 2440 | 4489 5424 
  0x000002dfc7cce950: 3844 8b5c | 2444 4489 | 5c24 3c4c | 8b54 2468 | 4c89 5424 | 4044 8b54 | 245c 4489 | 5424 484c 
  0x000002dfc7cce970: 8b94 2480 | 0000 004c | 8954 2458 | 448b 5424 | 7444 8954 | 244c 448b | 9c24 8800 | 0000 4489 
  0x000002dfc7cce990: 5c24 604c | 8b94 24a0 | 0000 004c | 8994 2490 | 0000 0044 | 8b9c 24a8 | 0000 0044 | 899c 24a4 
  0x000002dfc7cce9b0: 0000 0090 

  0x000002dfc7cce9b4: ;   {runtime_call UncommonTrapBlob}
  0x000002dfc7cce9b4: c5f8 77e8 

  0x000002dfc7cce9b8: ; ImmutableOopMap {[32]=Oop [40]=Oop [56]=NarrowOop [60]=NarrowOop [64]=Oop [72]=NarrowOop [88]=Oop [144]=Oop [152]=NarrowOop [164]=NarrowOop [168]=NarrowOop [328]=Oop }
                      ;*ifeq {reexecute=1 rethrow=0 return_oop=0}
                      ; - (reexecute) java.util.zip.ZipFile::ensureOpenOrZipException@4
                      ; - java.util.zip.ZipFile$ZipFileInputStream::read@12
                      ; - java.util.zip.ZipFile$ZipFileInflaterInputStream::fill@32
                      ; - java.util.zip.InflaterInputStream::read@78
                      ; - jdk.internal.loader.Resource::getBytes@117
                      ; - java.net.URLClassLoader::defineClass@179
                      ; - java.net.URLClassLoader$1::run@43
  0x000002dfc7cce9b8: 445c 57ff 

  0x000002dfc7cce9bc: ;   {other}
  0x000002dfc7cce9bc: 0f1f 8400 | ac8a 00c9 | ba45 ffff | ff48 8b6c | 2420 4c8b | 5424 384c | 8954 2420 | 448b 5c24 
  0x000002dfc7cce9dc: 4044 895c | 2428 448b | 5424 4444 | 8954 242c | 4c8b 5424 | 684c 8954 | 2438 448b | 5c24 5c44 
  0x000002dfc7cce9fc: 895c 2440 | 4c8b 9424 | 8000 0000 | 4c89 5424 | 5044 8b54 | 2474 4489 | 5424 4444 | 8b9c 2488 
  0x000002dfc7ccea1c: 0000 0044 | 895c 2458 | 448b 9c24 | a800 0000 | 4489 9c24 | 9000 0000 

  0x000002dfc7ccea34: ;   {runtime_call UncommonTrapBlob}
  0x000002dfc7ccea34: c5f8 77e8 

  0x000002dfc7ccea38: ; ImmutableOopMap {rbp=Oop [32]=Oop [40]=NarrowOop [44]=NarrowOop [56]=Oop [64]=NarrowOop [80]=Oop [144]=NarrowOop [168]=NarrowOop [328]=Oop }
                      ;*ifgt {reexecute=1 rethrow=0 return_oop=0}
                      ; - (reexecute) java.util.zip.ZipFile$ZipFileInputStream::read@51
                      ; - java.util.zip.ZipFile$ZipFileInflaterInputStream::fill@32
                      ; - java.util.zip.InflaterInputStream::read@78
                      ; - jdk.internal.loader.Resource::getBytes@117
                      ; - java.net.URLClassLoader::defineClass@179
                      ; - java.net.URLClassLoader$1::run@43
  0x000002dfc7ccea38: c45b 57ff 

  0x000002dfc7ccea3c: ;   {other}
  0x000002dfc7ccea3c: 0f1f 8400 | 2c8b 00ca | 4533 db4d | 3bd3 bdff | ffff ff7c | 0840 0f95 | c540 0fb6 | edba 45ff 
  0x000002dfc7ccea5c: ffff 4c8b | 5424 384c | 8954 2428 | 448b 5c24 | 4044 895c | 2438 448b | 5424 4444 | 8954 243c 
  0x000002dfc7ccea7c: 4c8b 5424 | 684c 8954 | 2440 448b | 5c24 5c44 | 895c 2448 | 4c8b 9424 | 8000 0000 | 4c89 5424 
  0x000002dfc7ccea9c: 5844 8b5c | 2474 4489 | 5c24 4c44 | 8b94 2488 | 0000 0044 | 8954 2460 | 448b 9c24 | b000 0000 
  0x000002dfc7cceabc: 4489 5c24 | 784c 8b94 | 24a0 0000 | 004c 8994 | 2490 0000 | 0044 8b94 | 24a8 0000 | 0045 8bda 
  0x000002dfc7cceadc: 4489 9c24 | a400 0000 

  0x000002dfc7cceae4: ;   {runtime_call UncommonTrapBlob}
  0x000002dfc7cceae4: c5f8 77e8 

  0x000002dfc7cceae8: ; ImmutableOopMap {[32]=Oop [40]=Oop [56]=NarrowOop [60]=NarrowOop [64]=Oop [72]=NarrowOop [88]=Oop [144]=Oop [152]=NarrowOop [156]=NarrowOop [164]=NarrowOop [172]=NarrowOop [328]=Oop }
                      ;*ifge {reexecute=1 rethrow=0 return_oop=0}
                      ; - (reexecute) java.io.RandomAccessFile::seek@3
                      ; - java.util.zip.ZipFile$Source$RandomAccessFileAccessor::seek@5
                      ; - java.util.zip.ZipFile$Source::readAt@14
                      ; - java.util.zip.ZipFile$ZipFileInputStream::read@76
                      ; - java.util.zip.ZipFile$ZipFileInflaterInputStream::fill@32
                      ; - java.util.zip.InflaterInputStream::read@78
                      ; - jdk.internal.loader.Resource::getBytes@117
                      ; - java.net.URLClassLoader::defineClass@179
                      ; - java.net.URLClassLoader$1::run@43
  0x000002dfc7cceae8: 145b 57ff 

  0x000002dfc7cceaec: ;   {other}
  0x000002dfc7cceaec: 0f1f 8400 | dc8b 00cb | 4489 4424 | 584c 8b84 | 2480 0000 | 00e9 53ce | ffff ba45 | ffff ff48 
  0x000002dfc7cceb0c: 8b6c 2420 | 4c8b 5424 | 384c 8954 | 2420 448b | 5c24 4044 | 895c 2428 | 448b 5424 | 4444 8954 
  0x000002dfc7cceb2c: 242c 4c8b | 5424 684c | 8954 2438 | 448b 5c24 | 5c44 895c | 2440 4c8b | 9424 8000 | 0000 4c89 
  0x000002dfc7cceb4c: 5424 5044 | 8b54 2474 | 4489 5424 | 4444 8b9c | 2488 0000 | 0044 895c | 2458 4489 | 8c24 8400 
  0x000002dfc7cceb6c: 0000 4489 | 8c24 8c00 | 0000 4489 | 8424 9000 | 0000 6690 

  0x000002dfc7cceb80: ;   {runtime_call UncommonTrapBlob}
  0x000002dfc7cceb80: c5f8 77e8 

  0x000002dfc7cceb84: ; ImmutableOopMap {rbp=Oop [32]=Oop [40]=NarrowOop [44]=NarrowOop [56]=Oop [64]=NarrowOop [80]=Oop [156]=NarrowOop [160]=NarrowOop [328]=Oop }
                      ;*if_icmple {reexecute=1 rethrow=0 return_oop=0}
                      ; - (reexecute) jdk.internal.util.Preconditions::checkFromIndexSize@12
                      ; - java.util.zip.Inflater::setInput@7
                      ; - java.util.zip.ZipFile$ZipFileInflaterInputStream::fill@76
                      ; - java.util.zip.InflaterInputStream::read@78
                      ; - jdk.internal.loader.Resource::getBytes@117
                      ; - java.net.URLClassLoader::defineClass@179
                      ; - java.net.URLClassLoader$1::run@43
  0x000002dfc7cceb84: 785a 57ff 

  0x000002dfc7cceb88: ;   {other}
  0x000002dfc7cceb88: 0f1f 8400 | 788c 00cc | 498b d34c | 8d84 2450 | 0100 0090 

  0x000002dfc7cceb9c: ;   {runtime_call _complete_monitor_locking_Java}
  0x000002dfc7cceb9c: c5f8 77e8 

  0x000002dfc7cceba0: ; ImmutableOopMap {[32]=Oop [40]=Oop [56]=Oop [64]=NarrowOop [68]=NarrowOop [72]=Oop [80]=Oop [92]=NarrowOop [104]=Oop [112]=NarrowOop [128]=Oop [144]=Oop [156]=NarrowOop [160]=Oop [168]=Oop [328]=Oop }
                      ;*monitorenter {reexecute=0 rethrow=0 return_oop=0}
                      ; - java.util.zip.ZipFile$ZipFileInputStream::close@30
                      ; - java.util.zip.ZipFile$ZipFileInputStream::read@130
                      ; - java.util.zip.ZipFile$ZipFileInflaterInputStream::fill@32
                      ; - java.util.zip.InflaterInputStream::read@78
                      ; - jdk.internal.loader.Resource::getBytes@117
                      ; - java.net.URLClassLoader::defineClass@179
                      ; - java.net.URLClassLoader$1::run@43
  0x000002dfc7cceba0: 5c58 5aff 

  0x000002dfc7cceba4: ;   {other}
  0x000002dfc7cceba4: 0f1f 8400 | 948c 00cd | e973 b4ff | ffba deff | ffff 4c8b | 5424 384c | 8954 2428 | 448b 5c24 
  0x000002dfc7ccebc4: 4044 895c | 2438 448b | 5424 4444 | 8954 243c | 4c8b 5424 | 684c 8954 | 2440 448b | 5c24 5c44 
  0x000002dfc7ccebe4: 895c 2448 | 4c8b 9424 | 8000 0000 | 4c89 5424 | 5844 8b5c | 2474 4489 | 5c24 4c44 | 8b94 2488 
  0x000002dfc7ccec04: 0000 0044 | 8954 2460 | 448b 9424 | 9800 0000 | 4489 9424 | 9000 0000 | 448b 9c24 | 9c00 0000 
  0x000002dfc7ccec24: 458b d344 | 8994 2498 | 0000 0090 

  0x000002dfc7ccec30: ;   {runtime_call UncommonTrapBlob}
  0x000002dfc7ccec30: c5f8 77e8 

  0x000002dfc7ccec34: ; ImmutableOopMap {rbp=NarrowOop [32]=Oop [40]=Oop [56]=NarrowOop [60]=NarrowOop [64]=Oop [72]=NarrowOop [88]=Oop [152]=NarrowOop [156]=NarrowOop [160]=Oop [328]=Oop }
                      ;*invokeinterface remove {reexecute=0 rethrow=0 return_oop=0}
                      ; - java.util.zip.ZipFile$ZipFileInputStream::close@42
                      ; - java.util.zip.ZipFile$ZipFileInputStream::read@130
                      ; - java.util.zip.ZipFile$ZipFileInflaterInputStream::fill@32
                      ; - java.util.zip.InflaterInputStream::read@78
                      ; - jdk.internal.loader.Resource::getBytes@117
                      ; - java.net.URLClassLoader::defineClass@179
                      ; - java.net.URLClassLoader$1::run@43
  0x000002dfc7ccec34: c859 57ff 

  0x000002dfc7ccec38: ;   {other}
  0x000002dfc7ccec38: 0f1f 8400 | 288d 00ce | 498b cb48 | 8d94 2450 | 0100 004d | 8bc7 c5f8 | 7749 ba10 | 5a80 37f9 
  0x000002dfc7ccec58: 7f00 0041 

  0x000002dfc7ccec5c: ;   {other}
  0x000002dfc7ccec5c: ffd2 0f1f | 8400 0000 | 0000 e9d7 | 9aff ffba | 45ff ffff | 4c8b 5424 | 384c 8954 | 2428 448b 
  0x000002dfc7ccec7c: 5c24 4044 | 895c 2438 | 448b 5424 | 4444 8954 | 243c 4c8b | 5424 684c | 8954 2440 | 448b 5424 
  0x000002dfc7ccec9c: 5c44 8954 | 2448 4c8b | 9424 8000 | 0000 4c89 | 5424 5844 | 8b5c 2474 | 4489 5c24 | 4c44 8b94 
  0x000002dfc7ccecbc: 2488 0000 | 0044 8954 | 2460 448b | 9c24 b000 | 0000 4489 | 5c24 784c | 8b94 24d0 | 0000 004c 
  0x000002dfc7ccecdc: 8994 24c0 | 0000 0044 | 8984 24d4 | 0000 0090 

  0x000002dfc7ccecec: ;   {runtime_call UncommonTrapBlob}
  0x000002dfc7ccecec: c5f8 77e8 

  0x000002dfc7ccecf0: ; ImmutableOopMap {[32]=Oop [40]=Oop [56]=NarrowOop [60]=NarrowOop [64]=Oop [72]=NarrowOop [88]=Oop [152]=NarrowOop [160]=Oop [168]=NarrowOop [172]=NarrowOop [180]=NarrowOop [192]=Oop [212]=NarrowOop [328]=Oop }
                      ;*if_icmplt {reexecute=1 rethrow=0 return_oop=0}
                      ; - (reexecute) jdk.internal.misc.VM::isBooted@4
                      ; - jdk.internal.misc.Blocker::begin@0
                      ; - java.io.RandomAccessFile::seek@16
                      ; - java.util.zip.ZipFile$Source$RandomAccessFileAccessor::seek@5
                      ; - java.util.zip.ZipFile$Source::readFullyAt@14
                      ; - java.util.zip.ZipFile$ZipFileInputStream::initDataOffset@41
                      ; - java.util.zip.ZipFile$ZipFileInputStream::read@16
                      ; - java.util.zip.ZipFile$ZipFileInflaterInputStream::fill@32
                      ; - java.util.zip.InflaterInputStream::read@78
                      ; - jdk.internal.loader.Resource::getBytes@117
                      ; - java.net.URLClassLoader::defineClass@179
                      ; - java.net.URLClassLoader$1::run@43
  0x000002dfc7ccecf0: 0c59 57ff 

  0x000002dfc7ccecf4: ;   {other}
  0x000002dfc7ccecf4: 0f1f 8400 | e48d 00cf | ba45 ffff | ff4c 8b54 | 2438 4c89 | 5424 2844 | 8b5c 2440 | 4489 5c24 
  0x000002dfc7cced14: 3844 8b54 | 2444 4489 | 5424 3c4c | 8b54 2468 | 4c89 5424 | 4044 8b5c | 245c 4489 | 5c24 484c 
  0x000002dfc7cced34: 8b94 2480 | 0000 004c | 8954 2458 | 448b 5c24 | 7444 895c | 244c 448b | 9424 8800 | 0000 4489 
  0x000002dfc7cced54: 5424 6044 | 8b9c 24b0 | 0000 0044 | 895c 2478 | 4c8b 9424 | d000 0000 | 4c89 9424 | b800 0000 
  0x000002dfc7cced74: ;   {runtime_call UncommonTrapBlob}
  0x000002dfc7cced74: c5f8 77e8 

  0x000002dfc7cced78: ; ImmutableOopMap {[32]=Oop [40]=Oop [56]=NarrowOop [60]=NarrowOop [64]=Oop [72]=NarrowOop [88]=Oop [152]=NarrowOop [160]=Oop [168]=NarrowOop [172]=NarrowOop [180]=NarrowOop [184]=Oop [200]=NarrowOop [328]=Oop }
                      ;*if_icmplt {reexecute=1 rethrow=0 return_oop=0}
                      ; - (reexecute) jdk.internal.misc.VM::isBooted@4
                      ; - jdk.internal.misc.Blocker::begin@0
                      ; - java.io.RandomAccessFile::readBytes@0
                      ; - java.io.RandomAccessFile::read@4
                      ; - java.io.RandomAccessFile::readFully@13
                      ; - java.util.zip.ZipFile$Source$RandomAccessFileAccessor::readFully@7
                      ; - java.util.zip.ZipFile$Source::readFullyAt@45
                      ; - java.util.zip.ZipFile$ZipFileInputStream::initDataOffset@41
                      ; - java.util.zip.ZipFile$ZipFileInputStream::read@16
                      ; - java.util.zip.ZipFile$ZipFileInflaterInputStream::fill@32
                      ; - java.util.zip.InflaterInputStream::read@78
                      ; - jdk.internal.loader.Resource::getBytes@117
                      ; - java.net.URLClassLoader::defineClass@179
                      ; - java.net.URLClassLoader$1::run@43
  0x000002dfc7cced78: 8458 57ff 

  0x000002dfc7cced7c: ;   {other}
  0x000002dfc7cced7c: 0f1f 8400 | 6c8e 00d0 | ba45 ffff | ff48 8b6c | 2420 4c8b | 5c24 384c | 895c 2420 | 448b 4424 
  0x000002dfc7cced9c: 4044 8944 | 2428 448b | 5c24 4444 | 895c 242c | 4c8b 5c24 | 684c 895c | 2438 448b | 4424 5c44 
  0x000002dfc7ccedbc: 8944 2440 | 4c8b 9c24 | 8000 0000 | 4c89 5c24 | 5044 8b44 | 2474 4489 | 4424 4444 | 8b9c 2488 
  0x000002dfc7cceddc: 0000 0044 | 895c 2458 | 448b 8424 | b000 0000 | 4489 4424 | 7044 8b9c | 2498 0000 | 0044 899c 
  0x000002dfc7ccedfc: 2490 0000 | 0044 8b84 | 249c 0000 | 0044 8984 | 2494 0000 | 0044 8b9c | 24a8 0000 | 0044 899c 
  0x000002dfc7ccee1c: 249c 0000 | 004c 8b9c | 24d0 0000 | 004c 899c | 24b8 0000 | 0044 8b9c | 24ac 0000 | 0044 899c 
  0x000002dfc7ccee3c: 24a8 0000 | 0044 8b84 | 24b4 0000 | 0045 8bd8 | 4489 9c24 | b000 0000 | 448b 8424 | c800 0000 
  0x000002dfc7ccee5c: 4489 8424 | b400 0000 | 8984 24d4 | 0000 0090 

  0x000002dfc7ccee6c: ;   {runtime_call UncommonTrapBlob}
  0x000002dfc7ccee6c: c5f8 77e8 

  0x000002dfc7ccee70: ; ImmutableOopMap {rbp=Oop [32]=Oop [40]=NarrowOop [44]=NarrowOop [56]=Oop [64]=NarrowOop [80]=Oop [144]=NarrowOop [156]=NarrowOop [160]=Oop [168]=NarrowOop [176]=NarrowOop [180]=NarrowOop [184]=Oop [328]=Oop }
                      ;*if_icmplt {reexecute=1 rethrow=0 return_oop=0}
                      ; - (reexecute) java.io.RandomAccessFile::readFully@41
                      ; - java.util.zip.ZipFile$Source$RandomAccessFileAccessor::readFully@7
                      ; - java.util.zip.ZipFile$Source::readFullyAt@45
                      ; - java.util.zip.ZipFile$ZipFileInputStream::initDataOffset@41
                      ; - java.util.zip.ZipFile$ZipFileInputStream::read@16
                      ; - java.util.zip.ZipFile$ZipFileInflaterInputStream::fill@32
                      ; - java.util.zip.InflaterInputStream::read@78
                      ; - jdk.internal.loader.Resource::getBytes@117
                      ; - java.net.URLClassLoader::defineClass@179
                      ; - java.net.URLClassLoader$1::run@43
  0x000002dfc7ccee70: 8c57 57ff 

  0x000002dfc7ccee74: ;   {other}
  0x000002dfc7ccee74: 0f1f 8400 | 648f 00d1 | bade ffff | ff48 8b6c | 2420 4c8b | 5c24 384c | 895c 2420 | 448b 4424 
  0x000002dfc7ccee94: 4044 8944 | 2428 448b | 5c24 4444 | 895c 242c | 4c8b 5c24 | 684c 895c | 2438 448b | 4424 5c44 
  0x000002dfc7cceeb4: 8944 2440 | 4c8b 9c24 | 8000 0000 | 4c89 5c24 | 5044 8b44 | 2474 4489 | 4424 4444 | 8b9c 2488 
  0x000002dfc7cceed4: 0000 0044 | 895c 2458 | 448b 8424 | b000 0000 | 4489 4424 | 7044 8b9c | 2498 0000 | 0044 899c 
  0x000002dfc7cceef4: 2488 0000 | 0044 8b84 | 249c 0000 | 0044 8984 | 2490 0000 | 004c 8b9c | 24b8 0000 | 0044 8b84 
  0x000002dfc7ccef14: 24b4 0000 | 0044 8984 | 2494 0000 | 004c 899c | 24a8 0000 | 004c 899c | 24b0 0000 | 0044 8994 
  0x000002dfc7ccef34: 24b8 0000 | 0066 6690 

  0x000002dfc7ccef3c: ;   {runtime_call UncommonTrapBlob}
  0x000002dfc7ccef3c: c5f8 77e8 

  0x000002dfc7ccef40: ; ImmutableOopMap {rbp=Oop [32]=Oop [40]=NarrowOop [44]=NarrowOop [56]=Oop [64]=NarrowOop [80]=Oop [144]=NarrowOop [160]=Oop [168]=Oop [176]=Oop [184]=NarrowOop [328]=Oop }
                      ;*invokevirtual poll {reexecute=0 rethrow=0 return_oop=0}
                      ; - java.util.WeakHashMap::expungeStaleEntries@4
                      ; - java.util.WeakHashMap::getTable@1
                      ; - java.util.WeakHashMap::remove@12
                      ; - java.util.Collections$SetFromMap::remove@5
                      ; - java.util.zip.ZipFile$ZipFileInputStream::close@42
                      ; - java.util.zip.ZipFile$ZipFileInputStream::read@130
                      ; - java.util.zip.ZipFile$ZipFileInflaterInputStream::fill@32
                      ; - java.util.zip.InflaterInputStream::read@78
                      ; - jdk.internal.loader.Resource::getBytes@117
                      ; - java.net.URLClassLoader::defineClass@179
                      ; - java.net.URLClassLoader$1::run@43
  0x000002dfc7ccef40: bc56 57ff 

  0x000002dfc7ccef44: ;   {other}
  0x000002dfc7ccef44: 0f1f 8400 | 3490 00d2 | bae4 ffff | ff48 8b6c | 2420 4c8b | 5424 384c | 8954 2420 | 448b 5424 
  0x000002dfc7ccef64: 4044 8954 | 2428 448b | 5c24 4444 | 895c 242c | 4c8b 5424 | 684c 8954 | 2438 448b | 5424 5c44 
  0x000002dfc7ccef84: 8954 2440 | 4c8b 9424 | 8000 0000 | 4c89 5424 | 5044 8b5c | 2474 4489 | 5c24 4444 | 8b94 2488 
  0x000002dfc7ccefa4: 0000 0044 | 8954 2458 | 448b 9c24 | b000 0000 | 4489 5c24 | 7044 8b94 | 2498 0000 | 0044 8994 
  0x000002dfc7ccefc4: 2488 0000 | 0044 8b9c | 249c 0000 | 0045 8bd3 | 4489 9424 | 9000 0000 | 448b 9c24 | b400 0000 
  0x000002dfc7ccefe4: 4489 9c24 | 9400 0000 | 899c 24b0 | 0000 0044 | 89ac 24b4 | 0000 0090 

  0x000002dfc7cceffc: ;   {runtime_call UncommonTrapBlob}
  0x000002dfc7cceffc: c5f8 77e8 

  0x000002dfc7ccf000: ; ImmutableOopMap {rbp=Oop [32]=Oop [40]=NarrowOop [44]=NarrowOop [56]=Oop [64]=NarrowOop [80]=Oop [144]=NarrowOop [160]=Oop [176]=NarrowOop [184]=Oop [328]=Oop }
                      ;*aaload {reexecute=0 rethrow=0 return_oop=0}
                      ; - java.util.WeakHashMap::remove@30
                      ; - java.util.Collections$SetFromMap::remove@5
                      ; - java.util.zip.ZipFile$ZipFileInputStream::close@42
                      ; - java.util.zip.ZipFile$ZipFileInputStream::read@130
                      ; - java.util.zip.ZipFile$ZipFileInflaterInputStream::fill@32
                      ; - java.util.zip.InflaterInputStream::read@78
                      ; - jdk.internal.loader.Resource::getBytes@117
                      ; - java.net.URLClassLoader::defineClass@179
                      ; - java.net.URLClassLoader$1::run@43
  0x000002dfc7ccf000: fc55 57ff 

  0x000002dfc7ccf004: ;   {other}
  0x000002dfc7ccf004: 0f1f 8400 | f490 00d3 | ba45 ffff | ff4c 8b54 | 2438 4c89 | 5424 2844 | 8b54 2440 | 4489 5424 
  0x000002dfc7ccf024: 3844 8b4c | 2444 4489 | 4c24 3c44 | 8b54 245c | 4489 5424 | 484c 895c | 2450 895c | 244c 4c89 
  0x000002dfc7ccf044: 4424 5890 

  0x000002dfc7ccf048: ;   {runtime_call UncommonTrapBlob}
  0x000002dfc7ccf048: c5f8 77e8 

  0x000002dfc7ccf04c: ; ImmutableOopMap {[32]=Oop [40]=Oop [56]=NarrowOop [60]=NarrowOop [72]=NarrowOop [76]=NarrowOop [80]=Oop [88]=Oop }
                      ;*ifeq {reexecute=1 rethrow=0 return_oop=0}
                      ; - (reexecute) java.lang.Thread::getAndClearInterrupt@6
                      ; - java.lang.Thread::interrupted@3
                      ; - jdk.internal.loader.Resource::getBytes@5
                      ; - java.net.URLClassLoader::defineClass@179
                      ; - java.net.URLClassLoader$1::run@43
  0x000002dfc7ccf04c: b055 57ff 

  0x000002dfc7ccf050: ;   {other}
  0x000002dfc7ccf050: 0f1f 8400 | 4091 00d4 | ba45 ffff | ff48 8b6c | 2420 4c8b | 4424 384c | 8944 2420 | 448b 4c24 
  0x000002dfc7ccf070: 4044 894c | 2428 448b | 4424 4444 | 8944 242c | 4c89 5424 | 4844 895c | 2454 6690 

  0x000002dfc7ccf08c: ;   {runtime_call UncommonTrapBlob}
  0x000002dfc7ccf08c: c5f8 77e8 

  0x000002dfc7ccf090: ; ImmutableOopMap {rbp=Oop [32]=Oop [40]=NarrowOop [44]=NarrowOop [72]=Oop [92]=NarrowOop [104]=Oop [112]=NarrowOop }
                      ;*if_icmpne {reexecute=1 rethrow=0 return_oop=0}
                      ; - (reexecute) jdk.internal.loader.Resource::getBytes@36
                      ; - java.net.URLClassLoader::defineClass@179
                      ; - java.net.URLClassLoader$1::run@43
  0x000002dfc7ccf090: 6c55 57ff 

  0x000002dfc7ccf094: ;   {other}
  0x000002dfc7ccf094: 0f1f 8400 | 8491 00d5 | 41bb 0100 | 0000 ba45 | ffff ff4c | 8b54 2438 | 4c89 5424 | 2844 8b44 
  0x000002dfc7ccf0b4: 2440 4489 | 4424 3844 | 8b54 2444 | 4489 5424 | 3c44 895c | 244c 6690 

  0x000002dfc7ccf0cc: ;   {runtime_call UncommonTrapBlob}
  0x000002dfc7ccf0cc: c5f8 77e8 

  0x000002dfc7ccf0d0: ; ImmutableOopMap {rbp=Oop [32]=Oop [40]=Oop [56]=NarrowOop [60]=NarrowOop [92]=NarrowOop [104]=Oop }
                      ;*ifeq {reexecute=1 rethrow=0 return_oop=0}
                      ; - (reexecute) jdk.internal.loader.Resource::getBytes@199
                      ; - java.net.URLClassLoader::defineClass@179
                      ; - java.net.URLClassLoader$1::run@43
  0x000002dfc7ccf0d0: 2c55 57ff 

  0x000002dfc7ccf0d4: ;   {other}
  0x000002dfc7ccf0d4: 0f1f 8400 | c491 00d6 | 4533 db4d | 3bd3 bdff | ffff ff7c | 0840 0f95 | c540 0fb6 | edba 45ff 
  0x000002dfc7ccf0f4: ffff 4c8b | 5424 384c | 8954 2428 | 448b 5c24 | 4044 895c | 2438 448b | 5424 4444 | 8954 243c 
  0x000002dfc7ccf114: 4c8b 5424 | 684c 8954 | 2440 448b | 5c24 5c44 | 895c 2448 | 4c8b 9424 | 8000 0000 | 4c89 5424 
  0x000002dfc7ccf134: 5844 8b5c | 2474 4489 | 5c24 4c44 | 8b94 2488 | 0000 0044 | 8954 2460 | 448b 9c24 | b000 0000 
  0x000002dfc7ccf154: 4489 5c24 | 784c 8b94 | 24d0 0000 | 004c 8994 | 24c0 0000 | 0066 6690 

  0x000002dfc7ccf16c: ;   {runtime_call UncommonTrapBlob}
  0x000002dfc7ccf16c: c5f8 77e8 

  0x000002dfc7ccf170: ; ImmutableOopMap {[32]=Oop [40]=Oop [56]=NarrowOop [60]=NarrowOop [64]=Oop [72]=NarrowOop [88]=Oop [152]=NarrowOop [160]=Oop [168]=NarrowOop [172]=NarrowOop [180]=NarrowOop [192]=Oop [208]=Oop [328]=Oop }
                      ;*ifge {reexecute=1 rethrow=0 return_oop=0}
                      ; - (reexecute) java.io.RandomAccessFile::seek@3
                      ; - java.util.zip.ZipFile$Source$RandomAccessFileAccessor::seek@5
                      ; - java.util.zip.ZipFile$Source::readFullyAt@14
                      ; - java.util.zip.ZipFile$ZipFileInputStream::initDataOffset@41
                      ; - java.util.zip.ZipFile$ZipFileInputStream::read@16
                      ; - java.util.zip.ZipFile$ZipFileInflaterInputStream::fill@32
                      ; - java.util.zip.InflaterInputStream::read@78
                      ; - jdk.internal.loader.Resource::getBytes@117
                      ; - java.net.URLClassLoader::defineClass@179
                      ; - java.net.URLClassLoader$1::run@43
  0x000002dfc7ccf170: 8c54 57ff 

  0x000002dfc7ccf174: ;   {other}
  0x000002dfc7ccf174: 0f1f 8400 | 6492 00d7 | ba45 ffff | ff48 8b6c | 2420 4c8b | 5c24 384c | 895c 2420 | 448b 5c24 
  0x000002dfc7ccf194: 4044 895c | 2428 448b | 4424 4444 | 8944 242c | 4c8b 5c24 | 684c 895c | 2438 448b | 5c24 5c44 
  0x000002dfc7ccf1b4: 895c 2440 | 4c8b 9c24 | 8000 0000 | 4c89 5c24 | 5044 8b5c | 2474 4489 | 5c24 4444 | 8b84 2488 
  0x000002dfc7ccf1d4: 0000 0044 | 8944 2458 | 448b 8424 | b000 0000 | 4489 4424 | 7044 8b84 | 2498 0000 | 0044 8984 
  0x000002dfc7ccf1f4: 2490 0000 | 0044 8b9c | 249c 0000 | 0044 899c | 2494 0000 | 0044 8b84 | 24a8 0000 | 0045 8bd8 
  0x000002dfc7ccf214: 4489 9c24 | 9c00 0000 | 4c8b 9c24 | d000 0000 | 448b 8424 | ac00 0000 | 4489 8424 | a800 0000 
  0x000002dfc7ccf234: 4c89 9c24 | c000 0000 | 448b 9c24 | b400 0000 | 4489 9c24 | b000 0000 | 8984 24b4 | 0000 0090 
  0x000002dfc7ccf254: ;   {runtime_call UncommonTrapBlob}
  0x000002dfc7ccf254: c5f8 77e8 

  0x000002dfc7ccf258: ; ImmutableOopMap {rbp=Oop [32]=Oop [40]=NarrowOop [44]=NarrowOop [56]=Oop [64]=NarrowOop [80]=Oop [144]=NarrowOop [156]=NarrowOop [160]=Oop [168]=NarrowOop [176]=NarrowOop [192]=Oop [208]=Oop [328]=Oop }
                      ;*ifge {reexecute=1 rethrow=0 return_oop=0}
                      ; - (reexecute) java.io.RandomAccessFile::readFully@20
                      ; - java.util.zip.ZipFile$Source$RandomAccessFileAccessor::readFully@7
                      ; - java.util.zip.ZipFile$Source::readFullyAt@45
                      ; - java.util.zip.ZipFile$ZipFileInputStream::initDataOffset@41
                      ; - java.util.zip.ZipFile$ZipFileInputStream::read@16
                      ; - java.util.zip.ZipFile$ZipFileInflaterInputStream::fill@32
                      ; - java.util.zip.InflaterInputStream::read@78
                      ; - jdk.internal.loader.Resource::getBytes@117
                      ; - java.net.URLClassLoader::defineClass@179
                      ; - java.net.URLClassLoader$1::run@43
  0x000002dfc7ccf258: a453 57ff 

  0x000002dfc7ccf25c: ;   {other}
  0x000002dfc7ccf25c: 0f1f 8400 | 4c93 00d8 | ba45 ffff | ff41 bb50 | 4b03 044d | 3bd3 bdff | ffff ff7c | 0840 0f95 
  0x000002dfc7ccf27c: c540 0fb6 | ed4c 8b54 | 2438 4c89 | 5424 2844 | 8b54 2440 | 4489 5424 | 3844 8b5c | 2444 4489 
  0x000002dfc7ccf29c: 5c24 3c4c | 8b54 2468 | 4c89 5424 | 4044 8b54 | 245c 4489 | 5424 484c | 8b94 2480 | 0000 004c 
  0x000002dfc7ccf2bc: 8954 2458 | 448b 5424 | 7444 8954 | 244c 448b | 9c24 8800 | 0000 4489 | 5c24 604c | 8b94 24a0 
  0x000002dfc7ccf2dc: 0000 004c | 8994 2490 | 0000 0044 | 8b9c 24a8 | 0000 0044 | 899c 24a4 | 0000 0090 

  0x000002dfc7ccf2f8: ;   {runtime_call UncommonTrapBlob}
  0x000002dfc7ccf2f8: c5f8 77e8 

  0x000002dfc7ccf2fc: ; ImmutableOopMap {[32]=Oop [40]=Oop [56]=NarrowOop [60]=NarrowOop [64]=Oop [72]=NarrowOop [88]=Oop [144]=Oop [152]=NarrowOop [164]=NarrowOop [168]=NarrowOop [328]=Oop }
                      ;*ifeq {reexecute=1 rethrow=0 return_oop=0}
                      ; - (reexecute) java.util.zip.ZipFile$ZipFileInputStream::initDataOffset@69
                      ; - java.util.zip.ZipFile$ZipFileInputStream::read@16
                      ; - java.util.zip.ZipFile$ZipFileInflaterInputStream::fill@32
                      ; - java.util.zip.InflaterInputStream::read@78
                      ; - jdk.internal.loader.Resource::getBytes@117
                      ; - java.net.URLClassLoader::defineClass@179
                      ; - java.net.URLClassLoader$1::run@43
  0x000002dfc7ccf2fc: 0053 57ff 

  0x000002dfc7ccf300: ;   {other}
  0x000002dfc7ccf300: 0f1f 8400 | f093 00d9 | 488b fb49 | 8bda 498b | d7c5 f877 | 49ba 70ed | 3e37 f97f | 0000 41ff 
  0x000002dfc7ccf320: ;   {other}
  0x000002dfc7ccf320: d20f 1f84 | 0000 0000 | 004c 8bd3 | 488b dfe9 | 7b99 ffff | 498b d849 | 8bd7 c5f8 | 7749 ba70 
  0x000002dfc7ccf340: ed3e 37f9 | 7f00 0041 

  0x000002dfc7ccf348: ;   {other}
  0x000002dfc7ccf348: ffd2 0f1f | 8400 0000 | 0000 4c8b | c3e9 b699 | ffff 498b | db49 8bd7 | c5f8 7749 | ba70 ed3e 
  0x000002dfc7ccf368: 37f9 7f00 | 0041 ffd2 

  0x000002dfc7ccf370: ;   {other}
  0x000002dfc7ccf370: 0f1f 8400 | 0000 0000 | 4c8b dbe9 | 409a ffff | 498b d7c5 | f877 49ba | 70ed 3e37 | f97f 0000 
  0x000002dfc7ccf390: ;   {other}
  0x000002dfc7ccf390: 41ff d20f | 1f84 0000 | 0000 00e9 | c5ca ffff | 498b d949 | 8bd7 c5f8 | 7749 ba70 | ed3e 37f9 
  0x000002dfc7ccf3b0: 7f00 0041 

  0x000002dfc7ccf3b4: ;   {other}
  0x000002dfc7ccf3b4: ffd2 0f1f | 8400 0000 | 0000 e9e6 | caff ffba | 45ff ffff | 488b 6c24 | 204c 8b54 | 2438 4c89 
  0x000002dfc7ccf3d4: 5424 2044 | 8b54 2440 | 4489 5424 | 2844 8b5c | 2444 4489 | 5c24 2c4c | 8b54 2468 | 4c89 5424 
  0x000002dfc7ccf3f4: 3844 8b5c | 245c 4489 | 5c24 404c | 8b94 2480 | 0000 004c | 8954 2450 | 448b 5424 | 7444 8954 
  0x000002dfc7ccf414: 2444 448b | 9c24 8800 | 0000 4489 | 5c24 5844 | 8b9c 24b0 | 0000 0044 | 895c 2470 | 448b 9c24 
  0x000002dfc7ccf434: 9800 0000 | 4489 9c24 | 8800 0000 | 448b 9424 | 9c00 0000 | 4489 9424 | 9000 0000 | 4c89 b424 
  0x000002dfc7ccf454: b000 0000 

  0x000002dfc7ccf458: ;   {runtime_call UncommonTrapBlob}
  0x000002dfc7ccf458: c5f8 77e8 

  0x000002dfc7ccf45c: ; ImmutableOopMap {rbp=Oop [32]=Oop [40]=NarrowOop [44]=NarrowOop [56]=Oop [64]=NarrowOop [80]=Oop [144]=NarrowOop [176]=Oop [192]=NarrowOop [200]=Oop [328]=Oop }
                      ;*if_acmpne {reexecute=1 rethrow=0 return_oop=0}
                      ; - (reexecute) java.util.WeakHashMap::remove@92
                      ; - java.util.Collections$SetFromMap::remove@5
                      ; - java.util.zip.ZipFile$ZipFileInputStream::close@42
                      ; - java.util.zip.ZipFile$ZipFileInputStream::read@130
                      ; - java.util.zip.ZipFile$ZipFileInflaterInputStream::fill@32
                      ; - java.util.zip.InflaterInputStream::read@78
                      ; - jdk.internal.loader.Resource::getBytes@117
                      ; - java.net.URLClassLoader::defineClass@179
                      ; - java.net.URLClassLoader$1::run@43
  0x000002dfc7ccf45c: a051 57ff 

  0x000002dfc7ccf460: ;   {other}
  0x000002dfc7ccf460: 0f1f 8400 | 5095 00da | 498b d7c5 | f877 49ba | 70ed 3e37 | f97f 0000 

  0x000002dfc7ccf478: ;   {other}
  0x000002dfc7ccf478: 41ff d20f | 1f84 0000 | 0000 00e9 | d391 ffff | 4489 8424 | b000 0000 

  0x000002dfc7ccf490: ;   {metadata({type array byte})}
  0x000002dfc7ccf490: 48ba 280a | 0400 0100 | 0000 458b | c166 6690 

  0x000002dfc7ccf4a0: ;   {runtime_call _new_array_nozero_Java}
  0x000002dfc7ccf4a0: c5f8 77e8 

  0x000002dfc7ccf4a4: ; ImmutableOopMap {[32]=Oop [40]=Oop [56]=Oop [64]=NarrowOop [68]=NarrowOop [72]=Oop [80]=Oop [92]=NarrowOop [104]=Oop [112]=NarrowOop [128]=Oop [152]=Derived_oop_[128] [144]=Oop }
                      ;*invokevirtual clone {reexecute=1 rethrow=0 return_oop=1}
                      ; - (reexecute) java.util.Arrays::copyOf@7
                      ; - jdk.internal.loader.Resource::getBytes@94
                      ; - java.net.URLClassLoader::defineClass@179
                      ; - java.net.URLClassLoader$1::run@43
  0x000002dfc7ccf4a4: 58e6 59ff 

  0x000002dfc7ccf4a8: ;   {other}
  0x000002dfc7ccf4a8: 0f1f 8400 | 9895 00db | 488b c8e9 | 56c6 ffff | bae4 ffff | ff48 8b6c | 2420 4c8b | 5c24 384c 
  0x000002dfc7ccf4c8: 895c 2420 | 4c8b 5c24 | 584c 895c | 2438 8b4c | 2444 894c | 2440 4889 | 5c24 5044 | 8974 2444 
  0x000002dfc7ccf4e8: 4c89 4c24 | 6844 8944 | 2464 4489 | 5424 7090 

  0x000002dfc7ccf4f8: ;   {runtime_call UncommonTrapBlob}
  0x000002dfc7ccf4f8: c5f8 77e8 

  0x000002dfc7ccf4fc: ; ImmutableOopMap {rbp=Oop [32]=Oop [48]=NarrowOop [56]=Oop [64]=NarrowOop [68]=NarrowOop [80]=Oop [100]=NarrowOop [104]=Oop [152]=Oop }
                      ;*aaload {reexecute=0 rethrow=0 return_oop=0}
                      ; - java.security.CodeSource::getCertificates@50
                      ; - java.lang.ClassLoader::checkCerts@34
                      ; - java.lang.ClassLoader::preDefineClass@113
                      ; - java.lang.ClassLoader::defineClass@4
                      ; - java.security.SecureClassLoader::defineClass@12
                      ; - java.net.URLClassLoader::defineClass@220
                      ; - java.net.URLClassLoader$1::run@43
  0x000002dfc7ccf4fc: 0051 57ff 

  0x000002dfc7ccf500: ;   {other}
  0x000002dfc7ccf500: 0f1f 8400 | f095 00dc | 498b d7c5 | f877 49ba | 70ed 3e37 | f97f 0000 

  0x000002dfc7ccf518: ;   {other}
  0x000002dfc7ccf518: 41ff d20f | 1f84 0000 | 0000 004c | 8b44 2460 | e976 b9ff | ffba 66ff | ffff 488b | 6c24 204c 
  0x000002dfc7ccf538: 8b54 2438 | 4c89 5424 | 2044 8b5c | 2440 4489 | 5c24 2844 | 8b54 2444 | 4489 5424 | 2c4c 8b54 
  0x000002dfc7ccf558: 2460 4c89 | 5424 3844 | 8b5c 245c | 4489 5c24 | 4044 8b5c | 2468 4489 | 5c24 5844 | 895c 245c 
  0x000002dfc7ccf578: ;   {runtime_call UncommonTrapBlob}
  0x000002dfc7ccf578: c5f8 77e8 

  0x000002dfc7ccf57c: ; ImmutableOopMap {rbp=Oop [32]=Oop [40]=NarrowOop [44]=NarrowOop [56]=Oop [64]=NarrowOop [88]=NarrowOop [92]=NarrowOop [160]=Oop }
                      ;*invokevirtual getManifest {reexecute=0 rethrow=0 return_oop=0}
                      ; - java.util.jar.JarFile::maybeInstantiateVerifier@31
                      ; - java.util.jar.JarFile::ensureInitialization@1
                      ; - java.util.jar.JavaUtilJarAccessImpl::ensureInitialization@1
                      ; - jdk.internal.loader.URLClassPath$JarLoader$2::getManifest@10
                      ; - java.net.URLClassLoader::defineClass@34
                      ; - java.net.URLClassLoader$1::run@43
  0x000002dfc7ccf57c: 8050 57ff 

  0x000002dfc7ccf580: ;   {other}
  0x000002dfc7ccf580: 0f1f 8400 | 7096 00dd | bade ffff | ff44 8b5c | 2440 4489 | 5c24 3890 

  0x000002dfc7ccf598: ;   {runtime_call UncommonTrapBlob}
  0x000002dfc7ccf598: c5f8 77e8 

  0x000002dfc7ccf59c: ; ImmutableOopMap {rbp=NarrowOop [32]=Oop [40]=Oop [56]=NarrowOop [68]=NarrowOop [92]=NarrowOop [96]=Oop [128]=Oop }
                      ;*invokevirtual getManifest {reexecute=0 rethrow=0 return_oop=0}
                      ; - java.util.jar.JarFile::maybeInstantiateVerifier@31
                      ; - java.util.jar.JarFile$JarFileEntry::getCodeSigners@4
                      ; - jdk.internal.loader.URLClassPath$JarLoader$2::getCodeSigners@4
                      ; - java.net.URLClassLoader::defineClass@185
                      ; - java.net.URLClassLoader$1::run@43
  0x000002dfc7ccf59c: 6050 57ff 

  0x000002dfc7ccf5a0: ;   {other}
  0x000002dfc7ccf5a0: 0f1f 8400 | 9096 00de | 498b f849 | 8bd7 c5f8 | 7749 ba70 | ed3e 37f9 | 7f00 0041 

  0x000002dfc7ccf5bc: ;   {other}
  0x000002dfc7ccf5bc: ffd2 0f1f | 8400 0000 | 0000 4c8b | c7e9 89ba | ffff 498b | d7c5 f877 | 49ba 70ed | 3e37 f97f 
  0x000002dfc7ccf5dc: 0000 41ff 

  0x000002dfc7ccf5e0: ;   {other}
  0x000002dfc7ccf5e0: d20f 1f84 | 0000 0000 | 00e9 f5b6 | ffff ba45 | ffff ff48 | 8b6c 2420 | 4c8b 5424 | 384c 8954 
  0x000002dfc7ccf600: 2420 448b | 5424 4044 | 8954 2428 | 448b 5c24 | 4444 895c | 242c 4c8b | 5424 684c | 8954 2438 
  0x000002dfc7ccf620: 448b 5c24 | 5c44 895c | 2440 4c8b | 9424 8000 | 0000 4c89 | 5424 5044 | 8b54 2474 | 4489 5424 
  0x000002dfc7ccf640: 4444 8b9c | 2488 0000 | 0044 895c | 2458 448b | 9c24 b000 | 0000 4489 | 5c24 7044 | 8b9c 2498 
  0x000002dfc7ccf660: 0000 0044 | 899c 2488 | 0000 0044 | 8b94 249c | 0000 0044 | 8994 2490 | 0000 004c | 8b94 24b8 
  0x000002dfc7ccf680: 0000 004c | 8994 2498 | 0000 0044 | 8b94 24b4 | 0000 0044 | 8994 2494 | 0000 0089 | 9c24 a800 
  0x000002dfc7ccf6a0: 0000 4489 | ac24 ac00 | 0000 4c89 | b424 b000 | 0000 6690 

  0x000002dfc7ccf6b4: ;   {runtime_call UncommonTrapBlob}
  0x000002dfc7ccf6b4: c5f8 77e8 

  0x000002dfc7ccf6b8: ; ImmutableOopMap {rbp=Oop [32]=Oop [40]=NarrowOop [44]=NarrowOop [56]=Oop [64]=NarrowOop [80]=Oop [144]=NarrowOop [152]=Oop [160]=Oop [168]=NarrowOop [176]=Oop [192]=NarrowOop [328]=Oop }
                      ;*ifeq {reexecute=1 rethrow=0 return_oop=0}
                      ; - (reexecute) java.util.WeakHashMap::remove@65
                      ; - java.util.Collections$SetFromMap::remove@5
                      ; - java.util.zip.ZipFile$ZipFileInputStream::close@42
                      ; - java.util.zip.ZipFile$ZipFileInputStream::read@130
                      ; - java.util.zip.ZipFile$ZipFileInflaterInputStream::fill@32
                      ; - java.util.zip.InflaterInputStream::read@78
                      ; - jdk.internal.loader.Resource::getBytes@117
                      ; - java.net.URLClassLoader::defineClass@179
                      ; - java.net.URLClassLoader$1::run@43
  0x000002dfc7ccf6b8: 444f 57ff 

  0x000002dfc7ccf6bc: ;   {other}
  0x000002dfc7ccf6bc: 0f1f 8400 | ac97 00df | ba45 ffff | ff4c 8b54 | 2438 4c89 | 5424 2844 | 8b54 2440 | 4489 5424 
  0x000002dfc7ccf6dc: 3844 8b54 | 2444 4489 | 5424 3c4c | 8b54 2468 | 4c89 5424 | 4044 8b5c | 245c 4489 | 5c24 484c 
  0x000002dfc7ccf6fc: 8b94 2480 | 0000 004c | 8954 2458 | 448b 5424 | 7444 8954 | 244c 448b | 9c24 8800 | 0000 4489 
  0x000002dfc7ccf71c: 5c24 6044 | 8b9c 24b0 | 0000 0044 | 895c 2478 | 448b 9c24 | 9800 0000 | 4489 9c24 | 9000 0000 
  0x000002dfc7ccf73c: 448b 9424 | 9c00 0000 | 4489 9424 | 9800 0000 | 4c8b 9424 | b800 0000 | 4c89 9424 | a800 0000 
  0x000002dfc7ccf75c: 448b 9424 | b400 0000 | 4489 9424 | 9c00 0000 | 899c 24b0 | 0000 0044 | 89ac 24b4 | 0000 004c 
  0x000002dfc7ccf77c: 8b94 24c8 | 0000 004c | 8994 24b8 | 0000 004c | 89b4 24c8 | 0000 0090 

  0x000002dfc7ccf794: ;   {runtime_call UncommonTrapBlob}
  0x000002dfc7ccf794: c5f8 77e8 

  0x000002dfc7ccf798: ; ImmutableOopMap {rbp=NarrowOop [32]=Oop [40]=Oop [56]=NarrowOop [60]=NarrowOop [64]=Oop [72]=NarrowOop [88]=Oop [152]=NarrowOop [160]=Oop [168]=Oop [176]=NarrowOop [184]=Oop [192]=NarrowOop [200]=Oop [328]=Oop }
                      ;*ifnull {reexecute=1 rethrow=0 return_oop=0}
                      ; - (reexecute) java.util.WeakHashMap::matchesKey@16
                      ; - java.util.WeakHashMap::remove@62
                      ; - java.util.Collections$SetFromMap::remove@5
                      ; - java.util.zip.ZipFile$ZipFileInputStream::close@42
                      ; - java.util.zip.ZipFile$ZipFileInputStream::read@130
                      ; - java.util.zip.ZipFile$ZipFileInflaterInputStream::fill@32
                      ; - java.util.zip.InflaterInputStream::read@78
                      ; - jdk.internal.loader.Resource::getBytes@117
                      ; - java.net.URLClassLoader::defineClass@179
                      ; - java.net.URLClassLoader$1::run@43
  0x000002dfc7ccf798: 644e 57ff 

  0x000002dfc7ccf79c: ;   {other}
  0x000002dfc7ccf79c: 0f1f 8400 | 8c98 00e0 | baf6 ffff | ff48 8b6c | 2420 4c8b | 5424 384c | 8954 2420 | 448b 5c24 
  0x000002dfc7ccf7bc: 4044 895c | 2428 448b | 5424 4444 | 8954 242c | 4c8b 5424 | 684c 8954 | 2438 448b | 5424 5c44 
  0x000002dfc7ccf7dc: 8954 2440 | 4c8b 9424 | 8000 0000 | 4c89 5424 | 5044 8b5c | 2474 4489 | 5c24 4444 | 8b94 2488 
  0x000002dfc7ccf7fc: 0000 0044 | 8954 2458 | 448b 9c24 | b000 0000 | 4489 5c24 | 7044 8b94 | 2498 0000 | 0044 8994 
  0x000002dfc7ccf81c: 2488 0000 | 0044 8b9c | 249c 0000 | 0045 8bd3 | 4489 9424 | 9000 0000 | 4c8b 9424 | b800 0000 
  0x000002dfc7ccf83c: 448b 9c24 | b400 0000 | 4489 9c24 | 9400 0000 | 4c89 9424 | a800 0000 | 4c89 9424 | b000 0000 
  0x000002dfc7ccf85c: ;   {runtime_call UncommonTrapBlob}
  0x000002dfc7ccf85c: c5f8 77e8 

  0x000002dfc7ccf860: ; ImmutableOopMap {rbp=Oop [32]=Oop [40]=NarrowOop [44]=NarrowOop [56]=Oop [64]=NarrowOop [80]=Oop [144]=NarrowOop [160]=Oop [168]=Oop [176]=Oop [192]=Oop [328]=Oop }
                      ;*invokevirtual lock {reexecute=0 rethrow=0 return_oop=0}
                      ; - java.lang.ref.ReferenceQueue::poll@13
                      ; - java.util.WeakHashMap::expungeStaleEntries@4
                      ; - java.util.WeakHashMap::getTable@1
                      ; - java.util.WeakHashMap::remove@12
                      ; - java.util.Collections$SetFromMap::remove@5
                      ; - java.util.zip.ZipFile$ZipFileInputStream::close@42
                      ; - java.util.zip.ZipFile$ZipFileInputStream::read@130
                      ; - java.util.zip.ZipFile$ZipFileInflaterInputStream::fill@32
                      ; - java.util.zip.InflaterInputStream::read@78
                      ; - jdk.internal.loader.Resource::getBytes@117
                      ; - java.net.URLClassLoader::defineClass@179
                      ; - java.net.URLClassLoader$1::run@43
  0x000002dfc7ccf860: 9c4d 57ff 

  0x000002dfc7ccf864: ;   {other}
  0x000002dfc7ccf864: 0f1f 8400 | 5499 00e1 | baf6 ffff | ff48 8b6c | 2420 4c8b | 5424 384c | 8954 2420 | 448b 5c24 
  0x000002dfc7ccf884: 4044 895c | 2428 448b | 5424 4444 | 8954 242c | 4c8b 5424 | 684c 8954 | 2438 448b | 5424 5c44 
  0x000002dfc7ccf8a4: 8954 2440 | 4c8b 9424 | 8000 0000 | 4c89 5424 | 5044 8b5c | 2474 4489 | 5c24 4444 | 8b94 2488 
  0x000002dfc7ccf8c4: 0000 0044 | 8954 2458 | 448b 9c24 | b000 0000 | 4489 5c24 | 7044 8b94 | 2498 0000 | 0044 8994 
  0x000002dfc7ccf8e4: 2488 0000 | 0044 8b9c | 249c 0000 | 0045 8bd3 | 4489 9424 | 9000 0000 | 4c8b 9424 | b800 0000 
  0x000002dfc7ccf904: 448b 9c24 | b400 0000 | 4489 9c24 | 9400 0000 | 4c89 9424 | a800 0000 | 4c89 9424 | b000 0000 
  0x000002dfc7ccf924: ;   {runtime_call UncommonTrapBlob}
  0x000002dfc7ccf924: c5f8 77e8 

  0x000002dfc7ccf928: ; ImmutableOopMap {rbp=Oop [32]=Oop [40]=NarrowOop [44]=NarrowOop [56]=Oop [64]=NarrowOop [80]=Oop [144]=NarrowOop [160]=Oop [168]=Oop [176]=Oop [200]=Oop [328]=Oop }
                      ;*invokevirtual unlock {reexecute=0 rethrow=0 return_oop=0}
                      ; - java.lang.ref.ReferenceQueue::poll@25
                      ; - java.util.WeakHashMap::expungeStaleEntries@4
                      ; - java.util.WeakHashMap::getTable@1
                      ; - java.util.WeakHashMap::remove@12
                      ; - java.util.Collections$SetFromMap::remove@5
                      ; - java.util.zip.ZipFile$ZipFileInputStream::close@42
                      ; - java.util.zip.ZipFile$ZipFileInputStream::read@130
                      ; - java.util.zip.ZipFile$ZipFileInflaterInputStream::fill@32
                      ; - java.util.zip.InflaterInputStream::read@78
                      ; - jdk.internal.loader.Resource::getBytes@117
                      ; - java.net.URLClassLoader::defineClass@179
                      ; - java.net.URLClassLoader$1::run@43
  0x000002dfc7ccf928: d44c 57ff 

  0x000002dfc7ccf92c: ;   {other}
  0x000002dfc7ccf92c: 0f1f 8400 | 1c9a 00e2 | baf6 ffff | ff48 8b6c | 2420 4c8b | 5424 384c | 8954 2420 | 448b 5c24 
  0x000002dfc7ccf94c: 4044 895c | 2428 448b | 5424 4444 | 8954 242c | 4c8b 5424 | 684c 8954 | 2438 448b | 5c24 5c44 
  0x000002dfc7ccf96c: 895c 2440 | 4c8b 9424 | 8000 0000 | 4c89 5424 | 5044 8b54 | 2474 4489 | 5424 4490 

  0x000002dfc7ccf988: ;   {runtime_call UncommonTrapBlob}
  0x000002dfc7ccf988: c5f8 77e8 

  0x000002dfc7ccf98c: ; ImmutableOopMap {rbp=Oop [32]=Oop [40]=NarrowOop [44]=NarrowOop [56]=Oop [64]=NarrowOop [80]=Oop [152]=NarrowOop [328]=Oop }
                      ;*monitorenter {reexecute=0 rethrow=0 return_oop=0}
                      ; - java.util.zip.Inflater::finished@6
                      ; - java.util.zip.InflaterInputStream::read@34
                      ; - jdk.internal.loader.Resource::getBytes@117
                      ; - java.net.URLClassLoader::defineClass@179
                      ; - java.net.URLClassLoader$1::run@43
  0x000002dfc7ccf98c: 704c 57ff 

  0x000002dfc7ccf990: ;   {other}
  0x000002dfc7ccf990: 0f1f 8400 | 809a 00e3 | 498b cb48 | 8d94 2450 | 0100 004d | 8bc7 c5f8 | 7749 ba10 | 5a80 37f9 
  0x000002dfc7ccf9b0: 7f00 0041 

  0x000002dfc7ccf9b4: ;   {other}
  0x000002dfc7ccf9b4: ffd2 0f1f | 8400 0000 | 0000 e9cd | acff ff44 | 8b9c 2498 | 0000 0049 | 8beb 488b | 9424 a000 
  0x000002dfc7ccf9d4: 0000 4c8d | 8424 5001 | 0000 6690 

  0x000002dfc7ccf9e0: ;   {runtime_call _complete_monitor_locking_Java}
  0x000002dfc7ccf9e0: c5f8 77e8 

  0x000002dfc7ccf9e4: ; ImmutableOopMap {rbp=Oop [32]=Oop [40]=Oop [56]=Oop [64]=NarrowOop [68]=NarrowOop [72]=Oop [80]=Oop [92]=NarrowOop [104]=Oop [112]=NarrowOop [128]=Oop [144]=Oop [152]=NarrowOop [160]=Oop [328]=Oop }
                      ;*monitorenter {reexecute=0 rethrow=0 return_oop=0}
                      ; - java.util.zip.Inflater::finished@6
                      ; - java.util.zip.InflaterInputStream::read@34
                      ; - jdk.internal.loader.Resource::getBytes@117
                      ; - java.net.URLClassLoader::defineClass@179
                      ; - java.net.URLClassLoader$1::run@43
  0x000002dfc7ccf9e4: 184a 5aff 

  0x000002dfc7ccf9e8: ;   {other}
  0x000002dfc7ccf9e8: 0f1f 8400 | d89a 00e4 | e9eb abff | ff4d 8bd3 | 498b ca48 | 8d94 2450 | 0100 004d | 8bc7 c5f8 
  0x000002dfc7ccfa08: 7749 ba10 | 5a80 37f9 | 7f00 0041 

  0x000002dfc7ccfa14: ;   {other}
  0x000002dfc7ccfa14: ffd2 0f1f | 8400 0000 | 0000 e926 | bfff ffba | c6ff ffff | 488b 6c24 | 204c 8b5c | 2438 4c89 
  0x000002dfc7ccfa34: 5c24 2044 | 8b44 2440 | 4489 4424 | 2844 8b5c | 2444 4489 | 5c24 2c4c | 8b5c 2468 | 4c89 5c24 
  0x000002dfc7ccfa54: 3844 8b44 | 245c 4489 | 4424 404c | 8b9c 2480 | 0000 004c | 895c 2450 | 448b 5c24 | 7444 895c 
  0x000002dfc7ccfa74: 2444 448b | 8424 8800 | 0000 4489 | 4424 5844 | 8b84 2498 | 0000 0044 | 8984 2488 | 0000 0044 
  0x000002dfc7ccfa94: 8b9c 249c | 0000 0044 | 899c 2490 | 0000 0044 | 8994 2494 | 0000 0090 

  0x000002dfc7ccfaac: ;   {runtime_call UncommonTrapBlob}
  0x000002dfc7ccfaac: c5f8 77e8 

  0x000002dfc7ccfab0: ; ImmutableOopMap {rbp=Oop [32]=Oop [40]=NarrowOop [44]=NarrowOop [56]=Oop [64]=NarrowOop [80]=Oop [144]=NarrowOop [148]=NarrowOop [160]=Oop [328]=Oop }
                      ;*invokeinterface remove {reexecute=0 rethrow=0 return_oop=0}
                      ; - java.util.Collections$SetFromMap::remove@5
                      ; - java.util.zip.ZipFile$ZipFileInputStream::close@42
                      ; - java.util.zip.ZipFile$ZipFileInputStream::read@130
                      ; - java.util.zip.ZipFile$ZipFileInflaterInputStream::fill@32
                      ; - java.util.zip.InflaterInputStream::read@78
                      ; - jdk.internal.loader.Resource::getBytes@117
                      ; - java.net.URLClassLoader::defineClass@179
                      ; - java.net.URLClassLoader$1::run@43
  0x000002dfc7ccfab0: 4c4b 57ff 

  0x000002dfc7ccfab4: ;   {other}
  0x000002dfc7ccfab4: 0f1f 8400 | a49b 00e5 | baf6 ffff | ff48 8b6c | 2420 4c8b | 5c24 384c | 895c 2420 | 448b 4424 
  0x000002dfc7ccfad4: 4044 8944 | 2428 4c8b | 5c24 604c | 895c 2438 | 448b 5c24 | 5c44 895c | 2440 4c89 | 5424 5890 
  0x000002dfc7ccfaf4: ;   {runtime_call UncommonTrapBlob}
  0x000002dfc7ccfaf4: c5f8 77e8 

  0x000002dfc7ccfaf8: ; ImmutableOopMap {rbp=Oop [32]=Oop [40]=NarrowOop [56]=Oop [64]=NarrowOop [68]=NarrowOop [88]=Oop }
                      ;*invokevirtual attach {reexecute=0 rethrow=0 return_oop=0}
                      ; - java.io.FileInputStream::<init>@86
                      ; - jdk.internal.loader.URLClassPath$FileLoader$1::getInputStream@8
                      ; - jdk.internal.loader.Resource::cachedInputStream@9
                      ; - jdk.internal.loader.Resource::getBytes@1
                      ; - java.net.URLClassLoader::defineClass@179
                      ; - java.net.URLClassLoader$1::run@43
  0x000002dfc7ccfaf8: 044b 57ff 

  0x000002dfc7ccfafc: ;   {other}
  0x000002dfc7ccfafc: 0f1f 8400 | ec9b 00e6 | baf6 ffff | ff48 8b6c | 2420 448b | 5c24 4044 | 895c 2428 | 4c89 4424 
  0x000002dfc7ccfb1c: 5066 6690 

  0x000002dfc7ccfb20: ;   {runtime_call UncommonTrapBlob}
  0x000002dfc7ccfb20: c5f8 77e8 

  0x000002dfc7ccfb24: ; ImmutableOopMap {rbp=Oop [40]=NarrowOop [56]=Oop [68]=NarrowOop [80]=Oop [92]=NarrowOop [104]=Oop }
                      ;*invokevirtual attach {reexecute=0 rethrow=0 return_oop=0}
                      ; - java.io.FileInputStream::<init>@86
                      ; - jdk.internal.loader.URLClassPath$FileLoader$1::getInputStream@8
                      ; - jdk.internal.loader.Resource::cachedInputStream@9
                      ; - jdk.internal.loader.Resource::getByteBuffer@1
                      ; - java.net.URLClassLoader::defineClass@132
                      ; - java.net.URLClassLoader$1::run@43
  0x000002dfc7ccfb24: d84a 57ff 

  0x000002dfc7ccfb28: ;   {other}
  0x000002dfc7ccfb28: 0f1f 8400 | 189c 00e7 | baf6 ffff | ff48 8b6c | 2420 6690 

  0x000002dfc7ccfb3c: ;   {runtime_call UncommonTrapBlob}
  0x000002dfc7ccfb3c: c5f8 77e8 

  0x000002dfc7ccfb40: ; ImmutableOopMap {rbp=Oop [56]=Oop }
                      ;*invokevirtual clone {reexecute=1 rethrow=0 return_oop=0}
                      ; - (reexecute) java.security.CodeSource::getCertificates@86
                      ; - java.lang.ClassLoader::checkCerts@34
                      ; - java.lang.ClassLoader::preDefineClass@113
                      ; - java.lang.ClassLoader::defineClass@4
                      ; - java.security.SecureClassLoader::defineClass@12
                      ; - java.net.URLClassLoader::defineClass@220
                      ; - java.net.URLClassLoader$1::run@43
  0x000002dfc7ccfb40: bc4a 57ff 

  0x000002dfc7ccfb44: ;   {other}
  0x000002dfc7ccfb44: 0f1f 8400 | 349c 00e8 | bade ffff | ff48 8b6c | 2420 4c8b | 5424 384c | 8954 2420 | 448b 5c24 
  0x000002dfc7ccfb64: 3044 895c | 2428 448b | 5424 4444 | 8954 242c | 4889 4424 | 4066 6690 

  0x000002dfc7ccfb7c: ;   {runtime_call UncommonTrapBlob}
  0x000002dfc7ccfb7c: c5f8 77e8 

  0x000002dfc7ccfb80: ; ImmutableOopMap {rbp=Oop [32]=Oop [40]=NarrowOop [44]=NarrowOop [64]=Oop [88]=Oop }
                      ;*checkcast {reexecute=0 rethrow=0 return_oop=0}
                      ; - java.security.SecureClassLoader::getProtectionDomain@33
                      ; - java.security.SecureClassLoader::defineClass@9
                      ; - java.net.URLClassLoader::defineClass@220
                      ; - java.net.URLClassLoader$1::run@43
  0x000002dfc7ccfb80: 7c4a 57ff 

  0x000002dfc7ccfb84: ;   {other}
  0x000002dfc7ccfb84: 0f1f 8400 | 749c 00e9 | bade ffff | ff48 8b6c | 2420 4c8b | 5424 384c | 8954 2420 | 4c8b 5424 
  0x000002dfc7ccfba4: 584c 8954 | 2438 4c8b | 5424 604c | 8954 2448 | 4889 4424 | 6066 6690 

  0x000002dfc7ccfbbc: ;   {runtime_call UncommonTrapBlob}
  0x000002dfc7ccfbbc: c5f8 77e8 

  0x000002dfc7ccfbc0: ; ImmutableOopMap {rbp=Oop [32]=Oop [48]=NarrowOop [56]=Oop [64]=NarrowOop [72]=Oop [96]=Oop [104]=NarrowOop [112]=Oop }
                      ;*checkcast {reexecute=0 rethrow=0 return_oop=0}
                      ; - java.security.CodeSource::getCertificates@76
                      ; - java.lang.ClassLoader::checkCerts@34
                      ; - java.lang.ClassLoader::preDefineClass@113
                      ; - java.lang.ClassLoader::defineClass@4
                      ; - java.security.SecureClassLoader::defineClass@12
                      ; - java.net.URLClassLoader::defineClass@220
                      ; - java.net.URLClassLoader$1::run@43
  0x000002dfc7ccfbc0: 3c4a 57ff 

  0x000002dfc7ccfbc4: ;   {other}
  0x000002dfc7ccfbc4: 0f1f 8400 | b49c 00ea | bade ffff | ff48 8b6c | 2420 4c8b | 5424 384c | 8954 2420 | 4c8b 5424 
  0x000002dfc7ccfbe4: 584c 8954 | 2438 448b | 5c24 3444 | 895c 2430 | 4889 4424 | 5866 6690 

  0x000002dfc7ccfbfc: ;   {runtime_call UncommonTrapBlob}
  0x000002dfc7ccfbfc: c5f8 77e8 

  0x000002dfc7ccfc00: ; ImmutableOopMap {rbp=Oop [32]=Oop [40]=NarrowOop [56]=Oop [68]=NarrowOop [88]=Oop [96]=Oop [152]=Oop }
                      ;*checkcast {reexecute=0 rethrow=0 return_oop=0}
                      ; - java.lang.ClassLoader::checkCerts@65
                      ; - java.lang.ClassLoader::preDefineClass@113
                      ; - java.lang.ClassLoader::defineClass@4
                      ; - java.security.SecureClassLoader::defineClass@12
                      ; - java.net.URLClassLoader::defineClass@220
                      ; - java.net.URLClassLoader$1::run@43
  0x000002dfc7ccfc00: fc49 57ff 

  0x000002dfc7ccfc04: ;   {other}
  0x000002dfc7ccfc04: 0f1f 8400 | f49c 00eb | baf6 ffff | ff49 8bed 

  0x000002dfc7ccfc14: ;   {runtime_call UncommonTrapBlob}
  0x000002dfc7ccfc14: c5f8 77e8 

  0x000002dfc7ccfc18: ; ImmutableOopMap {rbp=Oop }
                      ;*invokevirtual replace {reexecute=0 rethrow=0 return_oop=0}
                      ; - java.net.URLClassLoader$1::run@8
  0x000002dfc7ccfc18: e449 57ff 

  0x000002dfc7ccfc1c: ;   {other}
  0x000002dfc7ccfc1c: 0f1f 8400 | 0c9d 00ec | baf6 ffff | ff49 8bed 

  0x000002dfc7ccfc2c: ;   {runtime_call UncommonTrapBlob}
  0x000002dfc7ccfc2c: c5f8 77e8 

  0x000002dfc7ccfc30: ; ImmutableOopMap {rbp=Oop }
                      ;*arraylength {reexecute=0 rethrow=0 return_oop=0}
                      ; - java.lang.StringLatin1::replace@8
                      ; - java.lang.String::replace@18
                      ; - java.net.URLClassLoader$1::run@8
  0x000002dfc7ccfc30: cc49 57ff 

  0x000002dfc7ccfc34: ;   {other}
  0x000002dfc7ccfc34: 0f1f 8400 | 249d 00ed | baf6 ffff | ff49 8bed | 4889 4424 | 2066 6690 

  0x000002dfc7ccfc4c: ;   {runtime_call UncommonTrapBlob}
  0x000002dfc7ccfc4c: c5f8 77e8 

  0x000002dfc7ccfc50: ; ImmutableOopMap {rbp=Oop [32]=Oop }
                      ;*getfield ucp {reexecute=1 rethrow=0 return_oop=0}
                      ; - (reexecute) java.net.URLClassLoader$1::run@21
  0x000002dfc7ccfc50: ac49 57ff 

  0x000002dfc7ccfc54: ;   {other}
  0x000002dfc7ccfc54: 0f1f 8400 | 449d 00ee | baf6 ffff | ff48 8b6c | 2420 4889 | 7c24 3890 

  0x000002dfc7ccfc6c: ;   {runtime_call UncommonTrapBlob}
  0x000002dfc7ccfc6c: c5f8 77e8 

  0x000002dfc7ccfc70: ; ImmutableOopMap {rbp=Oop [56]=Oop [64]=NarrowOop }
                      ;*invokevirtual lastIndexOf {reexecute=0 rethrow=0 return_oop=0}
                      ; - java.net.URLClassLoader::defineClass@7
                      ; - java.net.URLClassLoader$1::run@43
  0x000002dfc7ccfc70: 8c49 57ff 

  0x000002dfc7ccfc74: ;   {other}
  0x000002dfc7ccfc74: 0f1f 8400 | 649d 00ef | baf6 ffff | ff48 8b6c | 2420 4489 | 6c24 2c48 | 897c 2438 

  0x000002dfc7ccfc90: ;   {runtime_call UncommonTrapBlob}
  0x000002dfc7ccfc90: c5f8 77e8 

  0x000002dfc7ccfc94: ; ImmutableOopMap {rbp=Oop [44]=NarrowOop [56]=Oop [64]=NarrowOop }
                      ;*arraylength {reexecute=0 rethrow=0 return_oop=0}
                      ; - java.lang.String::length@4
                      ; - java.lang.String::lastIndexOf@3
                      ; - java.net.URLClassLoader::defineClass@7
                      ; - java.net.URLClassLoader$1::run@43
  0x000002dfc7ccfc94: 6849 57ff 

  0x000002dfc7ccfc98: ;   {other}
  0x000002dfc7ccfc98: 0f1f 8400 | 889d 00f0 | baf4 ffff | ff48 8b6c | 2420 448b | 4424 4044 | 8944 2428 | 4489 6c24 
  0x000002dfc7ccfcb8: 2c48 897c | 2438 4489 | 5424 4090 

  0x000002dfc7ccfcc4: ;   {runtime_call UncommonTrapBlob}
  0x000002dfc7ccfcc4: c5f8 77e8 

  0x000002dfc7ccfcc8: ; ImmutableOopMap {rbp=Oop [40]=NarrowOop [44]=NarrowOop [56]=Oop [64]=NarrowOop }
                      ;*instanceof {reexecute=0 rethrow=0 return_oop=0}
                      ; - jdk.internal.loader.Resource::getByteBuffer@6
                      ; - java.net.URLClassLoader::defineClass@132
                      ; - java.net.URLClassLoader$1::run@43
  0x000002dfc7ccfcc8: 3449 57ff 

  0x000002dfc7ccfccc: ;   {other}
  0x000002dfc7ccfccc: 0f1f 8400 | bc9d 00f1 | baf6 ffff | ff48 8b6c | 2420 4c8b | 5424 384c | 8954 2420 

  0x000002dfc7ccfce8: ;   {runtime_call UncommonTrapBlob}
  0x000002dfc7ccfce8: c5f8 77e8 

  0x000002dfc7ccfcec: ; ImmutableOopMap {rbp=Oop [32]=Oop [64]=NarrowOop [68]=NarrowOop [104]=Oop [128]=Oop }
                      ;*invokevirtual get {reexecute=0 rethrow=0 return_oop=0}
                      ; - jdk.internal.perf.PerfCounter::get@5
                      ; - jdk.internal.perf.PerfCounter::add@1
                      ; - jdk.internal.perf.PerfCounter::addElapsedTimeFrom@6
                      ; - java.net.URLClassLoader::defineClass@207
                      ; - java.net.URLClassLoader$1::run@43
  0x000002dfc7ccfcec: 1049 57ff 

  0x000002dfc7ccfcf0: ;   {other}
  0x000002dfc7ccfcf0: 0f1f 8400 | e09d 00f2 | baf6 ffff | ff48 8b6c | 2420 6690 

  0x000002dfc7ccfd04: ;   {runtime_call UncommonTrapBlob}
  0x000002dfc7ccfd04: c5f8 77e8 

  0x000002dfc7ccfd08: ; ImmutableOopMap {rbp=Oop [56]=Oop [64]=NarrowOop [68]=NarrowOop [104]=Oop }
                      ;*arraylength {reexecute=0 rethrow=0 return_oop=0}
                      ; - java.net.URLClassLoader::defineClass@217
                      ; - java.net.URLClassLoader$1::run@43
  0x000002dfc7ccfd08: f448 57ff 

  0x000002dfc7ccfd0c: ;   {other}
  0x000002dfc7ccfd0c: 0f1f 8400 | fc9d 00f3 | baf6 ffff | ff48 8b6c | 2420 4889 | 4c24 2848 | 895c 2430 

  0x000002dfc7ccfd28: ;   {runtime_call UncommonTrapBlob}
  0x000002dfc7ccfd28: c5f8 77e8 

  0x000002dfc7ccfd2c: ; ImmutableOopMap {rbp=Oop [40]=Oop [48]=Oop [56]=Oop }
                      ;*invokeinterface computeIfAbsent {reexecute=0 rethrow=0 return_oop=0}
                      ; - java.security.SecureClassLoader::getProtectionDomain@28
                      ; - java.security.SecureClassLoader::defineClass@9
                      ; - java.net.URLClassLoader::defineClass@220
                      ; - java.net.URLClassLoader$1::run@43
  0x000002dfc7ccfd2c: d048 57ff 

  0x000002dfc7ccfd30: ;   {other}
  0x000002dfc7ccfd30: 0f1f 8400 | 209e 00f4 | baf4 ffff | ff48 8b6c | 2420 4c8b | 5424 384c | 8954 2420 | 448b 5c24 
  0x000002dfc7ccfd50: 3044 895c | 2428 6690 

  0x000002dfc7ccfd58: ;   {runtime_call UncommonTrapBlob}
  0x000002dfc7ccfd58: c5f8 77e8 

  0x000002dfc7ccfd5c: ; ImmutableOopMap {rbp=Oop [32]=Oop [40]=NarrowOop [68]=NarrowOop [88]=Oop }
                      ;*checkcast {reexecute=0 rethrow=0 return_oop=0}
                      ; - java.security.SecureClassLoader::getProtectionDomain@33
                      ; - java.security.SecureClassLoader::defineClass@9
                      ; - java.net.URLClassLoader::defineClass@220
                      ; - java.net.URLClassLoader$1::run@43
  0x000002dfc7ccfd5c: a048 57ff 

  0x000002dfc7ccfd60: ;   {other}
  0x000002dfc7ccfd60: 0f1f 8400 | 509e 00f5 | baf6 ffff | ff48 8b6c | 2420 6690 

  0x000002dfc7ccfd74: ;   {runtime_call UncommonTrapBlob}
  0x000002dfc7ccfd74: c5f8 77e8 

  0x000002dfc7ccfd78: ; ImmutableOopMap {rbp=Oop [56]=Oop }
                      ;*arraylength {reexecute=0 rethrow=0 return_oop=0}
                      ; - java.lang.String::isEmpty@4
                      ; - java.lang.ClassLoader::checkName@5
                      ; - java.lang.ClassLoader::preDefineClass@1
                      ; - java.lang.ClassLoader::defineClass@4
                      ; - java.security.SecureClassLoader::defineClass@12
                      ; - java.net.URLClassLoader::defineClass@220
                      ; - java.net.URLClassLoader$1::run@43
  0x000002dfc7ccfd78: 8448 57ff 

  0x000002dfc7ccfd7c: ;   {other}
  0x000002dfc7ccfd7c: 0f1f 8400 | 6c9e 00f6 | baf6 ffff | ff44 895c | 2428 4889 | 7c24 3844 | 8b5c 2440 | 4489 5c24 
  0x000002dfc7ccfd9c: 2c44 896c | 2440 6690 

  0x000002dfc7ccfda4: ;   {runtime_call UncommonTrapBlob}
  0x000002dfc7ccfda4: c5f8 77e8 

  0x000002dfc7ccfda8: ; ImmutableOopMap {rbp=Oop [32]=Oop [44]=NarrowOop [56]=Oop [64]=NarrowOop }
                      ;*getfield csu {reexecute=1 rethrow=0 return_oop=0}
                      ; - (reexecute) jdk.internal.loader.URLClassPath$JarLoader$2::getCodeSourceURL@4
                      ; - java.net.URLClassLoader::defineClass@13
                      ; - java.net.URLClassLoader$1::run@43
  0x000002dfc7ccfda8: 5448 57ff 

  0x000002dfc7ccfdac: ;   {other}
  0x000002dfc7ccfdac: 0f1f 8400 | 9c9e 00f7 | baf6 ffff | ff48 8b6c | 2420 4889 | 7c24 2044 | 8b5c 2440 | 4489 5c24 
  0x000002dfc7ccfdcc: 2844 896c | 242c 4889 | 4424 3844 | 8954 2440 

  0x000002dfc7ccfddc: ;   {runtime_call UncommonTrapBlob}
  0x000002dfc7ccfddc: c5f8 77e8 

  0x000002dfc7ccfde0: ; ImmutableOopMap {rbp=Oop [32]=Oop [40]=NarrowOop [44]=NarrowOop [56]=Oop [64]=NarrowOop [160]=Oop }
                      ;*getfield jar {reexecute=1 rethrow=0 return_oop=0}
                      ; - (reexecute) jdk.internal.loader.URLClassPath$JarLoader$2::getManifest@7
                      ; - java.net.URLClassLoader::defineClass@34
                      ; - java.net.URLClassLoader$1::run@43
  0x000002dfc7ccfde0: 1c48 57ff 

  0x000002dfc7ccfde4: ;   {other}
  0x000002dfc7ccfde4: 0f1f 8400 | d49e 00f8 | baf6 ffff | ff48 8b6c | 2420 4889 | 7c24 2044 | 8b5c 2440 | 4489 5c24 
  0x000002dfc7ccfe04: 2844 896c | 242c 4889 | 4424 3844 | 8954 2440 

  0x000002dfc7ccfe14: ;   {runtime_call UncommonTrapBlob}
  0x000002dfc7ccfe14: c5f8 77e8 

  0x000002dfc7ccfe18: ; ImmutableOopMap {rbp=Oop [32]=Oop [40]=NarrowOop [44]=NarrowOop [56]=Oop [64]=NarrowOop [160]=Oop }
                      ;*invokevirtual ensureInitialization {reexecute=0 rethrow=0 return_oop=0}
                      ; - java.util.jar.JavaUtilJarAccessImpl::ensureInitialization@1
                      ; - jdk.internal.loader.URLClassPath$JarLoader$2::getManifest@10
                      ; - java.net.URLClassLoader::defineClass@34
                      ; - java.net.URLClassLoader$1::run@43
  0x000002dfc7ccfe18: e447 57ff 

  0x000002dfc7ccfe1c: ;   {other}
  0x000002dfc7ccfe1c: 0f1f 8400 | 0c9f 00f9 | baf6 ffff | ff48 8b6c | 2420 4c8b | 5424 384c | 8954 2420 | 448b 5424 
  0x000002dfc7ccfe3c: 4044 8954 | 2428 6690 

  0x000002dfc7ccfe44: ;   {runtime_call UncommonTrapBlob}
  0x000002dfc7ccfe44: c5f8 77e8 

  0x000002dfc7ccfe48: ; ImmutableOopMap {rbp=Oop [32]=Oop [40]=NarrowOop [68]=NarrowOop [92]=NarrowOop [96]=Oop [160]=Oop }
                      ;*getfield jar {reexecute=1 rethrow=0 return_oop=0}
                      ; - (reexecute) jdk.internal.loader.URLClassPath$JarLoader$2::getManifest@19
                      ; - java.net.URLClassLoader::defineClass@34
                      ; - java.net.URLClassLoader$1::run@43
  0x000002dfc7ccfe48: b447 57ff 

  0x000002dfc7ccfe4c: ;   {other}
  0x000002dfc7ccfe4c: 0f1f 8400 | 3c9f 00fa | baf6 ffff | ff48 8b6c | 2420 4c8b | 5424 384c | 8954 2420 | 448b 5424 
  0x000002dfc7ccfe6c: 4044 8954 | 2428 6690 

  0x000002dfc7ccfe74: ;   {runtime_call UncommonTrapBlob}
  0x000002dfc7ccfe74: c5f8 77e8 

  0x000002dfc7ccfe78: ; ImmutableOopMap {rbp=Oop [32]=Oop [40]=NarrowOop [68]=NarrowOop [92]=NarrowOop [96]=Oop [160]=Oop }
                      ;*invokevirtual getManifest {reexecute=0 rethrow=0 return_oop=0}
                      ; - jdk.internal.loader.URLClassPath$JarLoader$2::getManifest@22
                      ; - java.net.URLClassLoader::defineClass@34
                      ; - java.net.URLClassLoader$1::run@43
  0x000002dfc7ccfe78: 8447 57ff 

  0x000002dfc7ccfe7c: ;   {other}
  0x000002dfc7ccfe7c: 0f1f 8400 | 6c9f 00fb | baf6 ffff | ff48 8b6c | 2420 4c89 | 4424 2044 | 8b54 2440 | 4489 5424 
  0x000002dfc7ccfe9c: 2844 8b5c | 2444 4489 | 5c24 2c90 

  0x000002dfc7ccfea8: ;   {runtime_call UncommonTrapBlob}
  0x000002dfc7ccfea8: c5f8 77e8 

  0x000002dfc7ccfeac: ; ImmutableOopMap {rbp=Oop [32]=Oop [40]=NarrowOop [44]=NarrowOop [92]=NarrowOop [128]=Oop }
                      ;*invokevirtual getCodeSigners {reexecute=0 rethrow=0 return_oop=0}
                      ; - jdk.internal.loader.URLClassPath$JarLoader$2::getCodeSigners@4
                      ; - java.net.URLClassLoader::defineClass@185
                      ; - java.net.URLClassLoader$1::run@43
  0x000002dfc7ccfeac: 5047 57ff 

  0x000002dfc7ccfeb0: ;   {other}
  0x000002dfc7ccfeb0: 0f1f 8400 | a09f 00fc | baf6 ffff | ff48 8b6c | 2420 4c89 | 4424 2044 | 8b54 2440 | 4489 5424 
  0x000002dfc7ccfed0: 2844 8b5c | 2444 4489 | 5c24 2c48 | 894c 2448 

  0x000002dfc7ccfee0: ;   {runtime_call UncommonTrapBlob}
  0x000002dfc7ccfee0: c5f8 77e8 

  0x000002dfc7ccfee4: ; ImmutableOopMap {rbp=Oop [32]=Oop [40]=NarrowOop [44]=NarrowOop [72]=Oop [92]=NarrowOop [128]=Oop }
                      ;*invokevirtual maybeInstantiateVerifier {reexecute=0 rethrow=0 return_oop=0}
                      ; - java.util.jar.JarFile$JarFileEntry::getCodeSigners@4
                      ; - jdk.internal.loader.URLClassPath$JarLoader$2::getCodeSigners@4
                      ; - java.net.URLClassLoader::defineClass@185
                      ; - java.net.URLClassLoader$1::run@43
  0x000002dfc7ccfee4: 1847 57ff 

  0x000002dfc7ccfee8: ;   {other}
  0x000002dfc7ccfee8: 0f1f 8400 | d89f 00fd | baf6 ffff | ff48 8b6c | 2420 4c89 | 4424 2044 | 8b54 2440 | 4489 5424 
  0x000002dfc7ccff08: 2844 8b5c | 2444 4489 | 5c24 2c48 | 894c 2448 

  0x000002dfc7ccff18: ;   {runtime_call UncommonTrapBlob}
  0x000002dfc7ccff18: c5f8 77e8 

  0x000002dfc7ccff1c: ; ImmutableOopMap {rbp=Oop [32]=Oop [40]=NarrowOop [44]=NarrowOop [72]=Oop [92]=NarrowOop [128]=Oop }
                      ;*getfield jv {reexecute=1 rethrow=0 return_oop=0}
                      ; - (reexecute) java.util.jar.JarFile$JarFileEntry::getCodeSigners@31
                      ; - jdk.internal.loader.URLClassPath$JarLoader$2::getCodeSigners@4
                      ; - java.net.URLClassLoader::defineClass@185
                      ; - java.net.URLClassLoader$1::run@43
  0x000002dfc7ccff1c: e046 57ff 

  0x000002dfc7ccff20: ;   {other}
  0x000002dfc7ccff20: 0f1f 8400 | 10a0 00fe | baf6 ffff | ff48 8b6c | 2420 448b | 5c24 4044 | 895c 2428 

  0x000002dfc7ccff3c: ;   {runtime_call UncommonTrapBlob}
  0x000002dfc7ccff3c: c5f8 77e8 

  0x000002dfc7ccff40: ; ImmutableOopMap {rbp=Oop [40]=NarrowOop [56]=Oop [68]=NarrowOop [92]=NarrowOop [96]=Oop [160]=Oop }
                      ;*invokevirtual isNamed {reexecute=0 rethrow=0 return_oop=0}
                      ; - java.lang.Package::isSealed@4
                      ; - java.net.URLClassLoader::getAndVerifyPackage@14
                      ; - java.net.URLClassLoader::defineClass@46
                      ; - java.net.URLClassLoader$1::run@43
  0x000002dfc7ccff40: bc46 57ff 

  0x000002dfc7ccff44: ;   {other}
  0x000002dfc7ccff44: 0f1f 8400 | 34a0 00ff | baf6 ffff | ff48 8b6c | 2420 448b | 5c24 4044 | 895c 2428 

  0x000002dfc7ccff60: ;   {runtime_call UncommonTrapBlob}
  0x000002dfc7ccff60: c5f8 77e8 

  0x000002dfc7ccff64: ; ImmutableOopMap {rbp=Oop [40]=NarrowOop [56]=Oop [68]=NarrowOop [92]=NarrowOop [96]=Oop [160]=Oop }
                      ;*getfield sealBase {reexecute=1 rethrow=0 return_oop=0}
                      ; - (reexecute) java.lang.Package::isSealed@14
                      ; - java.net.URLClassLoader::getAndVerifyPackage@14
                      ; - java.net.URLClassLoader::defineClass@46
                      ; - java.net.URLClassLoader$1::run@43
  0x000002dfc7ccff64: 9846 57ff 

  0x000002dfc7ccff68: ;   {other}
  0x000002dfc7ccff68: 0f1f 8400 | 0000 0000 | ba45 ffff | ff48 8b6c | 2420 4c8b | 5424 384c | 8954 2420 | 4c8b 5424 
  0x000002dfc7ccff88: 584c 8954 | 2438 448b | 5424 4444 | 8954 2440 | 4889 5c24 | 5044 8974 | 2458 6690 

  0x000002dfc7ccffa4: ;   {runtime_call UncommonTrapBlob}
  0x000002dfc7ccffa4: c5f8 77e8 

  0x000002dfc7ccffa8: ; ImmutableOopMap {rbp=Oop [32]=Oop [48]=NarrowOop [56]=Oop [64]=NarrowOop [80]=Oop [88]=NarrowOop [152]=Oop }
                      ;*ifnull {reexecute=1 rethrow=0 return_oop=0}
                      ; - (reexecute) java.lang.ClassLoader::checkCerts@30
                      ; - java.lang.ClassLoader::preDefineClass@113
                      ; - java.lang.ClassLoader::defineClass@4
                      ; - java.security.SecureClassLoader::defineClass@12
                      ; - java.net.URLClassLoader::defineClass@220
                      ; - java.net.URLClassLoader$1::run@43
  0x000002dfc7ccffa8: 5446 57ff 

  0x000002dfc7ccffac: ;   {other}
  0x000002dfc7ccffac: 0f1f 8400 | 0000 0000 | ba45 ffff | ff48 897c | 2428 448b | 4424 4044 | 8944 2438 | 4489 6c24 
  0x000002dfc7ccffcc: 3c44 8954 | 2448 4889 | 4424 5890 

  0x000002dfc7ccffd8: ;   {runtime_call UncommonTrapBlob}
  0x000002dfc7ccffd8: c5f8 77e8 

  0x000002dfc7ccffdc: ; ImmutableOopMap {rbp=NarrowOop [32]=Oop [40]=Oop [56]=NarrowOop [60]=NarrowOop [72]=NarrowOop [88]=Oop [160]=Oop }
                      ;*ifnonnull {reexecute=1 rethrow=0 return_oop=0}
                      ; - (reexecute) jdk.internal.access.SharedSecrets::javaUtilJarAccess@5
                      ; - jdk.internal.loader.URLClassPath$JarLoader$2::getManifest@0
                      ; - java.net.URLClassLoader::defineClass@34
                      ; - java.net.URLClassLoader$1::run@43
  0x000002dfc7ccffdc: 2046 57ff 

  0x000002dfc7ccffe0: ;   {other}
  0x000002dfc7ccffe0: 0f1f 8400 | 0000 0000 | 488b d090 

  0x000002dfc7ccffec: ;   {runtime_call _rethrow_Java}
  0x000002dfc7ccffec: c5f8 77e8 

  0x000002dfc7ccfff0: ; ImmutableOopMap {[32]=Oop [40]=Oop [56]=Oop [64]=NarrowOop [68]=NarrowOop [72]=Oop [80]=Oop [92]=NarrowOop [104]=Oop [112]=NarrowOop [128]=Oop [144]=Oop [328]=Oop }
                      ;*invokevirtual inflate {reexecute=0 rethrow=0 return_oop=1}
                      ; - java.util.zip.InflaterInputStream::read@88
                      ; - jdk.internal.loader.Resource::getBytes@117
                      ; - java.net.URLClassLoader::defineClass@179
                      ; - java.net.URLClassLoader$1::run@43
  0x000002dfc7ccfff0: 8cfe 59ff 

  0x000002dfc7ccfff4: ;   {other}
  0x000002dfc7ccfff4: 0f1f 8400 | 0000 0000 | baf6 ffff | ff48 8b6c | 2420 4c8b | 5424 384c | 8954 2420 | 448b 5c24 
  0x000002dfc7cd0014: 4044 895c | 2428 448b | 5424 4444 | 8954 242c | 448b 5c24 | 5c44 895c | 2440 6690 

  0x000002dfc7cd0030: ;   {runtime_call UncommonTrapBlob}
  0x000002dfc7cd0030: c5f8 77e8 

  0x000002dfc7cd0034: ; ImmutableOopMap {rbp=Oop [32]=Oop [40]=NarrowOop [44]=NarrowOop [64]=NarrowOop [104]=Oop [328]=Oop }
                      ;*invokevirtual read {reexecute=0 rethrow=0 return_oop=0}
                      ; - jdk.internal.loader.Resource::getBytes@117
                      ; - java.net.URLClassLoader::defineClass@179
                      ; - java.net.URLClassLoader$1::run@43
  0x000002dfc7cd0034: c845 57ff 

  0x000002dfc7cd0038: ;   {other}
  0x000002dfc7cd0038: 0f1f 8400 | 0000 0000 | baf6 ffff | ff48 8b6c | 2420 4c8b | 5424 384c | 8954 2420 | 448b 5424 
  0x000002dfc7cd0058: 4044 8954 | 2428 448b | 5c24 4444 | 895c 242c | 4c8b 5424 | 684c 8954 | 2438 448b | 5424 5c44 
  0x000002dfc7cd0078: 8954 2440 | 4c8b 9424 | 8000 0000 | 4c89 5424 | 5044 8b5c | 2474 4489 | 5c24 4490 

  0x000002dfc7cd0094: ;   {runtime_call UncommonTrapBlob}
  0x000002dfc7cd0094: c5f8 77e8 

  0x000002dfc7cd0098: ; ImmutableOopMap {rbp=Oop [32]=Oop [40]=NarrowOop [44]=NarrowOop [56]=Oop [64]=NarrowOop [80]=Oop [328]=Oop }
                      ;*invokevirtual finished {reexecute=0 rethrow=0 return_oop=0}
                      ; - java.util.zip.InflaterInputStream::read@34
                      ; - jdk.internal.loader.Resource::getBytes@117
                      ; - java.net.URLClassLoader::defineClass@179
                      ; - java.net.URLClassLoader$1::run@43
  0x000002dfc7cd0098: 6445 57ff 

  0x000002dfc7cd009c: ;   {other}
  0x000002dfc7cd009c: 0f1f 8400 | 0000 0000 | baf6 ffff | ff48 8b6c | 2420 4c8b | 5424 384c | 8954 2420 | 448b 5424 
  0x000002dfc7cd00bc: 4044 8954 | 2428 448b | 5c24 4444 | 895c 242c | 4c8b 5424 | 684c 8954 | 2438 448b | 5424 5c44 
  0x000002dfc7cd00dc: 8954 2440 | 4c8b 9424 | 8000 0000 | 4c89 5424 | 5044 8b5c | 2474 4489 | 5c24 4490 

  0x000002dfc7cd00f8: ;   {runtime_call UncommonTrapBlob}
  0x000002dfc7cd00f8: c5f8 77e8 

  0x000002dfc7cd00fc: ; ImmutableOopMap {rbp=Oop [32]=Oop [40]=NarrowOop [44]=NarrowOop [56]=Oop [64]=NarrowOop [80]=Oop [328]=Oop }
                      ;*invokevirtual needsDictionary {reexecute=0 rethrow=0 return_oop=0}
                      ; - java.util.zip.InflaterInputStream::read@44
                      ; - jdk.internal.loader.Resource::getBytes@117
                      ; - java.net.URLClassLoader::defineClass@179
                      ; - java.net.URLClassLoader$1::run@43
  0x000002dfc7cd00fc: 0045 57ff 

  0x000002dfc7cd0100: ;   {other}
  0x000002dfc7cd0100: 0f1f 8400 | 0000 0000 | baf6 ffff | ff48 8b6c | 2420 4c8b | 5424 384c | 8954 2420 | 448b 5c24 
  0x000002dfc7cd0120: 4044 895c | 2428 448b | 5424 4444 | 8954 242c | 4c8b 5424 | 684c 8954 | 2438 448b | 5c24 5c44 
  0x000002dfc7cd0140: 895c 2440 | 4c8b 9424 | 8000 0000 | 4c89 5424 | 5044 8b5c | 2474 4489 | 5c24 4490 

  0x000002dfc7cd015c: ;   {runtime_call UncommonTrapBlob}
  0x000002dfc7cd015c: c5f8 77e8 

  0x000002dfc7cd0160: ; ImmutableOopMap {rbp=Oop [32]=Oop [40]=NarrowOop [44]=NarrowOop [56]=Oop [64]=NarrowOop [80]=Oop [328]=Oop }
                      ;*invokevirtual needsInput {reexecute=0 rethrow=0 return_oop=0}
                      ; - java.util.zip.InflaterInputStream::read@61
                      ; - jdk.internal.loader.Resource::getBytes@117
                      ; - java.net.URLClassLoader::defineClass@179
                      ; - java.net.URLClassLoader$1::run@43
  0x000002dfc7cd0160: 9c44 57ff 

  0x000002dfc7cd0164: ;   {other}
  0x000002dfc7cd0164: 0f1f 8400 | 0000 0000 | baf6 ffff | ff48 8b6c | 2420 4c8b | 5424 384c | 8954 2420 | 448b 5424 
  0x000002dfc7cd0184: 4044 8954 | 2428 448b | 5c24 4444 | 895c 242c | 4c8b 5424 | 684c 8954 | 2438 448b | 5424 5c44 
  0x000002dfc7cd01a4: 8954 2440 | 4c8b 9424 | 8000 0000 | 4c89 5424 | 5044 8b5c | 2474 4489 | 5c24 4490 

  0x000002dfc7cd01c0: ;   {runtime_call UncommonTrapBlob}
  0x000002dfc7cd01c0: c5f8 77e8 

  0x000002dfc7cd01c4: ; ImmutableOopMap {rbp=Oop [32]=Oop [40]=NarrowOop [44]=NarrowOop [56]=Oop [64]=NarrowOop [80]=Oop [328]=Oop }
                      ;*invokevirtual hasPendingOutput {reexecute=0 rethrow=0 return_oop=0}
                      ; - java.util.zip.InflaterInputStream::read@71
                      ; - jdk.internal.loader.Resource::getBytes@117
                      ; - java.net.URLClassLoader::defineClass@179
                      ; - java.net.URLClassLoader$1::run@43
  0x000002dfc7cd01c4: 3844 57ff 

  0x000002dfc7cd01c8: ;   {other}
  0x000002dfc7cd01c8: 0f1f 8400 | 0000 0000 | baf6 ffff | ff48 8b6c | 2420 4c8b | 5424 384c | 8954 2420 | 448b 5c24 
  0x000002dfc7cd01e8: 4044 895c | 2428 448b | 5424 4444 | 8954 242c | 4c8b 5424 | 684c 8954 | 2438 448b | 5c24 5c44 
  0x000002dfc7cd0208: 895c 2440 | 4c8b 9424 | 8000 0000 | 4c89 5424 | 5044 8b5c | 2474 4489 | 5c24 4490 

  0x000002dfc7cd0224: ;   {runtime_call UncommonTrapBlob}
  0x000002dfc7cd0224: c5f8 77e8 

  0x000002dfc7cd0228: ; ImmutableOopMap {rbp=Oop [32]=Oop [40]=NarrowOop [44]=NarrowOop [56]=Oop [64]=NarrowOop [80]=Oop [328]=Oop }
                      ;*arraylength {reexecute=0 rethrow=0 return_oop=0}
                      ; - java.util.zip.ZipFile$ZipFileInflaterInputStream::fill@31
                      ; - java.util.zip.InflaterInputStream::read@78
                      ; - jdk.internal.loader.Resource::getBytes@117
                      ; - java.net.URLClassLoader::defineClass@179
                      ; - java.net.URLClassLoader$1::run@43
  0x000002dfc7cd0228: d443 57ff 

  0x000002dfc7cd022c: ;   {other}
  0x000002dfc7cd022c: 0f1f 8400 | 0000 0000 | baf6 ffff | ff48 8b6c | 2420 4c8b | 5424 384c | 8954 2420 | 448b 5424 
  0x000002dfc7cd024c: 4044 8954 | 2428 448b | 5c24 4444 | 895c 242c | 4c8b 5424 | 684c 8954 | 2438 448b | 5424 5c44 
  0x000002dfc7cd026c: 8954 2440 | 4c8b 9424 | 8000 0000 | 4c89 5424 | 5044 8b5c | 2474 4489 | 5c24 4490 

  0x000002dfc7cd0288: ;   {runtime_call UncommonTrapBlob}
  0x000002dfc7cd0288: c5f8 77e8 

  0x000002dfc7cd028c: ; ImmutableOopMap {rbp=Oop [32]=Oop [40]=NarrowOop [44]=NarrowOop [56]=Oop [64]=NarrowOop [80]=Oop [152]=NarrowOop [328]=Oop }
                      ;*invokevirtual read {reexecute=0 rethrow=0 return_oop=0}
                      ; - java.util.zip.ZipFile$ZipFileInflaterInputStream::fill@32
                      ; - java.util.zip.InflaterInputStream::read@78
                      ; - jdk.internal.loader.Resource::getBytes@117
                      ; - java.net.URLClassLoader::defineClass@179
                      ; - java.net.URLClassLoader$1::run@43
  0x000002dfc7cd028c: 7043 57ff 

  0x000002dfc7cd0290: ;   {other}
  0x000002dfc7cd0290: 0f1f 8400 | 0000 0000 | baf6 ffff | ff48 8b6c | 2420 4c8b | 5424 384c | 8954 2420 | 448b 5c24 
  0x000002dfc7cd02b0: 4044 895c | 2428 448b | 5424 4444 | 8954 242c | 4c8b 5424 | 684c 8954 | 2438 448b | 5c24 5c44 
  0x000002dfc7cd02d0: 895c 2440 | 4c8b 9424 | 8000 0000 | 4c89 5424 | 5044 8b5c | 2474 4489 | 5c24 4444 | 8b94 2488 
  0x000002dfc7cd02f0: 0000 0044 | 8954 2458 | 448b 9424 | 9800 0000 | 4489 9424 | 9000 0000 | 448b 9c24 | 9c00 0000 
  0x000002dfc7cd0310: 4489 9c24 | 9400 0000 | 448b 9424 | a800 0000 | 458b da44 | 899c 249c | 0000 0090 

  0x000002dfc7cd032c: ;   {runtime_call UncommonTrapBlob}
  0x000002dfc7cd032c: c5f8 77e8 

  0x000002dfc7cd0330: ; ImmutableOopMap {rbp=Oop [32]=Oop [40]=NarrowOop [44]=NarrowOop [56]=Oop [64]=NarrowOop [80]=Oop [144]=NarrowOop [156]=NarrowOop [160]=Oop [168]=NarrowOop [328]=Oop }
                      ;*invokevirtual ensureOpenOrZipException {reexecute=0 rethrow=0 return_oop=0}
                      ; - java.util.zip.ZipFile$ZipFileInputStream::read@12
                      ; - java.util.zip.ZipFile$ZipFileInflaterInputStream::fill@32
                      ; - java.util.zip.InflaterInputStream::read@78
                      ; - jdk.internal.loader.Resource::getBytes@117
                      ; - java.net.URLClassLoader::defineClass@179
                      ; - java.net.URLClassLoader$1::run@43
  0x000002dfc7cd0330: cc42 57ff 

  0x000002dfc7cd0334: ;   {other}
  0x000002dfc7cd0334: 0f1f 8400 | 0000 0000 | baf6 ffff | ff48 8b6c | 2420 4c8b | 5424 384c | 8954 2420 | 448b 5424 
  0x000002dfc7cd0354: 4044 8954 | 2428 448b | 5c24 4444 | 895c 242c | 4c8b 5424 | 684c 8954 | 2438 448b | 5424 5c44 
  0x000002dfc7cd0374: 8954 2440 | 4c8b 9424 | 8000 0000 | 4c89 5424 | 5044 8b54 | 2474 4489 | 5424 4444 | 8b9c 2488 
  0x000002dfc7cd0394: 0000 0044 | 895c 2458 | 448b 9c24 | 9800 0000 | 4489 9c24 | 9000 0000 | 448b 9c24 | a800 0000 
  0x000002dfc7cd03b4: 4489 9c24 | 9c00 0000 

  0x000002dfc7cd03bc: ;   {runtime_call UncommonTrapBlob}
  0x000002dfc7cd03bc: c5f8 77e8 

  0x000002dfc7cd03c0: ; ImmutableOopMap {rbp=Oop [32]=Oop [40]=NarrowOop [44]=NarrowOop [56]=Oop [64]=NarrowOop [80]=Oop [144]=NarrowOop [156]=NarrowOop [160]=Oop [168]=NarrowOop [328]=Oop }
                      ;*getfield res {reexecute=1 rethrow=0 return_oop=0}
                      ; - (reexecute) java.util.zip.ZipFile$ZipFileInputStream::read@63
                      ; - java.util.zip.ZipFile$ZipFileInflaterInputStream::fill@32
                      ; - java.util.zip.InflaterInputStream::read@78
                      ; - jdk.internal.loader.Resource::getBytes@117
                      ; - java.net.URLClassLoader::defineClass@179
                      ; - java.net.URLClassLoader$1::run@43
  0x000002dfc7cd03c0: 3c42 57ff 

  0x000002dfc7cd03c4: ;   {other}
  0x000002dfc7cd03c4: 0f1f 8400 | 0000 0000 | baf6 ffff | ff48 8b6c | 2420 4c8b | 5424 384c | 8954 2420 | 448b 5c24 
  0x000002dfc7cd03e4: 4044 895c | 2428 448b | 5424 4444 | 8954 242c | 4c8b 5424 | 684c 8954 | 2438 448b | 5c24 5c44 
  0x000002dfc7cd0404: 895c 2440 | 4c8b 9424 | 8000 0000 | 4c89 5424 | 5044 8b54 | 2474 4489 | 5424 4444 | 8b9c 2488 
  0x000002dfc7cd0424: 0000 0044 | 895c 2458 | 448b 9c24 | 9800 0000 | 4489 9c24 | 9000 0000 | 448b 9c24 | a800 0000 
  0x000002dfc7cd0444: 4489 9c24 | 9c00 0000 

  0x000002dfc7cd044c: ;   {runtime_call UncommonTrapBlob}
  0x000002dfc7cd044c: c5f8 77e8 

  0x000002dfc7cd0450: ; ImmutableOopMap {rbp=Oop [32]=Oop [40]=NarrowOop [44]=NarrowOop [56]=Oop [64]=NarrowOop [80]=Oop [144]=NarrowOop [156]=NarrowOop [160]=Oop [168]=NarrowOop [328]=Oop }
                      ;*getfield zsrc {reexecute=1 rethrow=0 return_oop=0}
                      ; - (reexecute) java.util.zip.ZipFile$ZipFileInputStream::read@66
                      ; - java.util.zip.ZipFile$ZipFileInflaterInputStream::fill@32
                      ; - java.util.zip.InflaterInputStream::read@78
                      ; - jdk.internal.loader.Resource::getBytes@117
                      ; - java.net.URLClassLoader::defineClass@179
                      ; - java.net.URLClassLoader$1::run@43
  0x000002dfc7cd0450: ac41 57ff 

  0x000002dfc7cd0454: ;   {other}
  0x000002dfc7cd0454: 0f1f 8400 | 0000 0000 | baf6 ffff | ff48 8b6c | 2420 4c8b | 5424 384c | 8954 2420 | 448b 5424 
  0x000002dfc7cd0474: 4044 8954 | 2428 448b | 5c24 4444 | 895c 242c | 4c8b 5424 | 684c 8954 | 2438 448b | 5424 5c44 
  0x000002dfc7cd0494: 8954 2440 | 4c8b 9424 | 8000 0000 | 4c89 5424 | 5044 8b54 | 2474 4489 | 5424 4444 | 8b9c 2488 
  0x000002dfc7cd04b4: 0000 0044 | 895c 2458 | 4c8b 9424 | a000 0000 | 4c89 9424 | 8800 0000 | 448b 9c24 | a800 0000 
  0x000002dfc7cd04d4: 4489 9c24 | 9000 0000 | 448b 9424 | 9800 0000 | 4489 9424 | 9400 0000 

  0x000002dfc7cd04ec: ;   {runtime_call UncommonTrapBlob}
  0x000002dfc7cd04ec: c5f8 77e8 

  0x000002dfc7cd04f0: ; ImmutableOopMap {rbp=Oop [32]=Oop [40]=NarrowOop [44]=NarrowOop [56]=Oop [64]=NarrowOop [80]=Oop [136]=Oop [144]=NarrowOop [148]=NarrowOop [328]=Oop }
                      ;*invokevirtual readAt {reexecute=0 rethrow=0 return_oop=0}
                      ; - java.util.zip.ZipFile$ZipFileInputStream::read@76
                      ; - java.util.zip.ZipFile$ZipFileInflaterInputStream::fill@32
                      ; - java.util.zip.InflaterInputStream::read@78
                      ; - jdk.internal.loader.Resource::getBytes@117
                      ; - java.net.URLClassLoader::defineClass@179
                      ; - java.net.URLClassLoader$1::run@43
  0x000002dfc7cd04f0: 0c41 57ff 

  0x000002dfc7cd04f4: ;   {other}
  0x000002dfc7cd04f4: 0f1f 8400 | 0000 0000 | baf6 ffff | ff48 8b6c | 2420 4c8b | 5424 384c | 8954 2420 | 448b 5424 
  0x000002dfc7cd0514: 4044 8954 | 2428 448b | 5c24 4444 | 895c 242c | 4c8b 5424 | 684c 8954 | 2438 448b | 5424 5c44 
  0x000002dfc7cd0534: 8954 2440 | 4c8b 9424 | 8000 0000 | 4c89 5424 | 5044 8b54 | 2474 4489 | 5424 4444 | 8b9c 2488 
  0x000002dfc7cd0554: 0000 0044 | 895c 2458 | 448b 9c24 | b000 0000 | 4489 5c24 | 704c 8b94 | 24a0 0000 | 004c 8994 
  0x000002dfc7cd0574: 2488 0000 | 0044 8b9c | 24a8 0000 | 0044 899c | 2494 0000 | 0044 8b94 | 24ac 0000 | 0044 8994 
  0x000002dfc7cd0594: 24a4 0000 | 0066 6690 

  0x000002dfc7cd059c: ;   {runtime_call UncommonTrapBlob}
  0x000002dfc7cd059c: c5f8 77e8 

  0x000002dfc7cd05a0: ; ImmutableOopMap {rbp=Oop [32]=Oop [40]=NarrowOop [44]=NarrowOop [56]=Oop [64]=NarrowOop [80]=Oop [136]=Oop [148]=NarrowOop [152]=NarrowOop [156]=NarrowOop [164]=NarrowOop [328]=Oop }
                      ;*invokeinterface seek {reexecute=0 rethrow=0 return_oop=0}
                      ; - java.util.zip.ZipFile$Source::readAt@14
                      ; - java.util.zip.ZipFile$ZipFileInputStream::read@76
                      ; - java.util.zip.ZipFile$ZipFileInflaterInputStream::fill@32
                      ; - java.util.zip.InflaterInputStream::read@78
                      ; - jdk.internal.loader.Resource::getBytes@117
                      ; - java.net.URLClassLoader::defineClass@179
                      ; - java.net.URLClassLoader$1::run@43
  0x000002dfc7cd05a0: 5c40 57ff 

  0x000002dfc7cd05a4: ;   {other}
  0x000002dfc7cd05a4: 0f1f 8400 | 0000 0000 | baf6 ffff | ff48 8b6c | 2420 4c8b | 5424 384c | 8954 2420 | 448b 5424 
  0x000002dfc7cd05c4: 4044 8954 | 2428 448b | 5c24 4444 | 895c 242c | 4c8b 5424 | 684c 8954 | 2438 448b | 5424 5c44 
  0x000002dfc7cd05e4: 8954 2440 | 4c8b 9424 | 8000 0000 | 4c89 5424 | 5044 8b5c | 2474 4489 | 5c24 4444 | 8b94 2488 
  0x000002dfc7cd0604: 0000 0044 | 8954 2458 | 4c8b 9424 | a000 0000 | 4c89 9424 | 8800 0000 | 448b 9424 | a800 0000 
  0x000002dfc7cd0624: 458b da44 | 899c 2494 | 0000 0044 | 8b94 24ac | 0000 0044 | 8994 24a4 | 0000 0090 

  0x000002dfc7cd0640: ;   {runtime_call UncommonTrapBlob}
  0x000002dfc7cd0640: c5f8 77e8 

  0x000002dfc7cd0644: ; ImmutableOopMap {rbp=Oop [32]=Oop [40]=NarrowOop [44]=NarrowOop [56]=Oop [64]=NarrowOop [80]=Oop [136]=Oop [148]=NarrowOop [152]=NarrowOop [164]=NarrowOop [168]=NarrowOop [172]=NarrowOop [328]=Oop }
                      ;*invokeinterface read {reexecute=0 rethrow=0 return_oop=0}
                      ; - java.util.zip.ZipFile$Source::readAt@26
                      ; - java.util.zip.ZipFile$ZipFileInputStream::read@76
                      ; - java.util.zip.ZipFile$ZipFileInflaterInputStream::fill@32
                      ; - java.util.zip.InflaterInputStream::read@78
                      ; - jdk.internal.loader.Resource::getBytes@117
                      ; - java.net.URLClassLoader::defineClass@179
                      ; - java.net.URLClassLoader$1::run@43
  0x000002dfc7cd0644: b83f 57ff 

  0x000002dfc7cd0648: ;   {other}
  0x000002dfc7cd0648: 0f1f 8400 | 0000 0000 | baf6 ffff | ff48 8b6c | 2420 4c8b | 5424 384c | 8954 2420 | 448b 5c24 
  0x000002dfc7cd0668: 4044 895c | 2428 448b | 5424 4444 | 8954 242c | 4c8b 5424 | 684c 8954 | 2438 448b | 5c24 5c44 
  0x000002dfc7cd0688: 895c 2440 | 4c8b 9424 | 8000 0000 | 4c89 5424 | 5044 8b54 | 2474 4489 | 5424 4490 

  0x000002dfc7cd06a4: ;   {runtime_call UncommonTrapBlob}
  0x000002dfc7cd06a4: c5f8 77e8 

  0x000002dfc7cd06a8: ; ImmutableOopMap {rbp=Oop [32]=Oop [40]=NarrowOop [44]=NarrowOop [56]=Oop [64]=NarrowOop [80]=Oop [160]=NarrowOop [328]=Oop }
                      ;*invokevirtual setInput {reexecute=0 rethrow=0 return_oop=0}
                      ; - java.util.zip.ZipFile$ZipFileInflaterInputStream::fill@76
                      ; - java.util.zip.InflaterInputStream::read@78
                      ; - jdk.internal.loader.Resource::getBytes@117
                      ; - java.net.URLClassLoader::defineClass@179
                      ; - java.net.URLClassLoader$1::run@43
  0x000002dfc7cd06a8: 543f 57ff 

  0x000002dfc7cd06ac: ;   {other}
  0x000002dfc7cd06ac: 0f1f 8400 | 0000 0000 | baf6 ffff | ff48 8b6c | 2420 4c8b | 5424 384c | 8954 2420 | 448b 5424 
  0x000002dfc7cd06cc: 4044 8954 | 2428 448b | 5c24 4444 | 895c 242c | 4c8b 5424 | 684c 8954 | 2438 448b | 5424 5c44 
  0x000002dfc7cd06ec: 8954 2440 | 4c8b 9424 | 8000 0000 | 4c89 5424 | 5044 8b54 | 2474 4489 | 5424 4444 | 8984 2480 
  0x000002dfc7cd070c: 0000 0090 

  0x000002dfc7cd0710: ;   {runtime_call UncommonTrapBlob}
  0x000002dfc7cd0710: c5f8 77e8 

  0x000002dfc7cd0714: ; ImmutableOopMap {rbp=Oop [32]=Oop [40]=NarrowOop [44]=NarrowOop [56]=Oop [64]=NarrowOop [80]=Oop [156]=NarrowOop [328]=Oop }
                      ;*arraylength {reexecute=0 rethrow=0 return_oop=0}
                      ; - java.util.zip.Inflater::setInput@3
                      ; - java.util.zip.ZipFile$ZipFileInflaterInputStream::fill@76
                      ; - java.util.zip.InflaterInputStream::read@78
                      ; - jdk.internal.loader.Resource::getBytes@117
                      ; - java.net.URLClassLoader::defineClass@179
                      ; - java.net.URLClassLoader$1::run@43
  0x000002dfc7cd0714: e83e 57ff 

  0x000002dfc7cd0718: ;   {other}
  0x000002dfc7cd0718: 0f1f 8400 | 0000 0000 | baf6 ffff | ff48 8b6c | 2420 4c8b | 5424 384c | 8954 2420 | 448b 5424 
  0x000002dfc7cd0738: 4044 8954 | 2428 448b | 5c24 4444 | 895c 242c | 4c8b 5424 | 684c 8954 | 2438 448b | 5424 5c44 
  0x000002dfc7cd0758: 8954 2440 | 4c8b 9424 | 8000 0000 | 4c89 5424 | 5044 8b54 | 2474 4489 | 5424 4444 | 8b9c 2488 
  0x000002dfc7cd0778: 0000 0044 | 895c 2458 | 448b 9c24 | 9800 0000 | 4489 9c24 | 9000 0000 | 448b 9424 | 9c00 0000 
  0x000002dfc7cd0798: 4489 9424 | 9400 0000 | 448b 9c24 | a800 0000 | 4489 9c24 | 9c00 0000 

  0x000002dfc7cd07b0: ;   {runtime_call UncommonTrapBlob}
  0x000002dfc7cd07b0: c5f8 77e8 

  0x000002dfc7cd07b4: ; ImmutableOopMap {rbp=Oop [32]=Oop [40]=NarrowOop [44]=NarrowOop [56]=Oop [64]=NarrowOop [80]=Oop [144]=NarrowOop [156]=NarrowOop [160]=Oop [168]=NarrowOop [328]=Oop }
                      ;*getfield res {reexecute=1 rethrow=0 return_oop=0}
                      ; - (reexecute) java.util.zip.ZipFile$ZipFileInputStream::initDataOffset@27
                      ; - java.util.zip.ZipFile$ZipFileInputStream::read@16
                      ; - java.util.zip.ZipFile$ZipFileInflaterInputStream::fill@32
                      ; - java.util.zip.InflaterInputStream::read@78
                      ; - jdk.internal.loader.Resource::getBytes@117
                      ; - java.net.URLClassLoader::defineClass@179
                      ; - java.net.URLClassLoader$1::run@43
  0x000002dfc7cd07b4: 483e 57ff 

  0x000002dfc7cd07b8: ;   {other}
  0x000002dfc7cd07b8: 0f1f 8400 | 0000 0000 | baf6 ffff | ff48 8b6c | 2420 4c8b | 5424 384c | 8954 2420 | 448b 5c24 
  0x000002dfc7cd07d8: 4044 895c | 2428 448b | 5424 4444 | 8954 242c | 4c8b 5424 | 684c 8954 | 2438 448b | 5c24 5c44 
  0x000002dfc7cd07f8: 895c 2440 | 4c8b 9424 | 8000 0000 | 4c89 5424 | 5044 8b54 | 2474 4489 | 5424 4444 | 8b9c 2488 
  0x000002dfc7cd0818: 0000 0044 | 895c 2458 | 448b 9c24 | 9800 0000 | 4489 9c24 | 9000 0000 | 448b 9424 | 9c00 0000 
  0x000002dfc7cd0838: 4489 9424 | 9400 0000 | 448b 9c24 | a800 0000 | 4489 9c24 | 9c00 0000 

  0x000002dfc7cd0850: ;   {runtime_call UncommonTrapBlob}
  0x000002dfc7cd0850: c5f8 77e8 

  0x000002dfc7cd0854: ; ImmutableOopMap {rbp=Oop [32]=Oop [40]=NarrowOop [44]=NarrowOop [56]=Oop [64]=NarrowOop [80]=Oop [144]=NarrowOop [156]=NarrowOop [160]=Oop [168]=NarrowOop [328]=Oop }
                      ;*getfield zsrc {reexecute=1 rethrow=0 return_oop=0}
                      ; - (reexecute) java.util.zip.ZipFile$ZipFileInputStream::initDataOffset@30
                      ; - java.util.zip.ZipFile$ZipFileInputStream::read@16
                      ; - java.util.zip.ZipFile$ZipFileInflaterInputStream::fill@32
                      ; - java.util.zip.InflaterInputStream::read@78
                      ; - jdk.internal.loader.Resource::getBytes@117
                      ; - java.net.URLClassLoader::defineClass@179
                      ; - java.net.URLClassLoader$1::run@43
  0x000002dfc7cd0854: a83d 57ff 

  0x000002dfc7cd0858: ;   {other}
  0x000002dfc7cd0858: 0f1f 8400 | 0000 0000 | baf6 ffff | ff48 8b6c | 2420 4c8b | 5424 384c | 8954 2420 | 448b 5424 
  0x000002dfc7cd0878: 4044 8954 | 2428 448b | 5c24 4444 | 895c 242c | 4c8b 5424 | 684c 8954 | 2438 448b | 5424 5c44 
  0x000002dfc7cd0898: 8954 2440 | 4c8b 9424 | 8000 0000 | 4c89 5424 | 5044 8b54 | 2474 4489 | 5424 4444 | 8b9c 2488 
  0x000002dfc7cd08b8: 0000 0044 | 895c 2458 | 4c8b 9424 | a000 0000 | 4c89 9424 | 8800 0000 | 448b 9c24 | 9800 0000 
  0x000002dfc7cd08d8: 4489 9c24 | 9000 0000 | 448b 9424 | 9c00 0000 | 4489 9424 | 9400 0000 | 448b 9c24 | a800 0000 
  0x000002dfc7cd08f8: 4489 9c24 | 9c00 0000 

  0x000002dfc7cd0900: ;   {runtime_call UncommonTrapBlob}
  0x000002dfc7cd0900: c5f8 77e8 

  0x000002dfc7cd0904: ; ImmutableOopMap {rbp=Oop [32]=Oop [40]=NarrowOop [44]=NarrowOop [56]=Oop [64]=NarrowOop [80]=Oop [136]=Oop [144]=NarrowOop [156]=NarrowOop [208]=Oop [328]=Oop }
                      ;*invokevirtual readFullyAt {reexecute=0 rethrow=0 return_oop=0}
                      ; - java.util.zip.ZipFile$ZipFileInputStream::initDataOffset@41
                      ; - java.util.zip.ZipFile$ZipFileInputStream::read@16
                      ; - java.util.zip.ZipFile$ZipFileInflaterInputStream::fill@32
                      ; - java.util.zip.InflaterInputStream::read@78
                      ; - jdk.internal.loader.Resource::getBytes@117
                      ; - java.net.URLClassLoader::defineClass@179
                      ; - java.net.URLClassLoader$1::run@43
  0x000002dfc7cd0904: f83c 57ff 

  0x000002dfc7cd0908: ;   {other}
  0x000002dfc7cd0908: 0f1f 8400 | 0000 0000 | baf6 ffff | ff48 8b6c | 2420 4c8b | 5424 384c | 8954 2420 | 448b 5424 
  0x000002dfc7cd0928: 4044 8954 | 2428 448b | 5c24 4444 | 895c 242c | 4c8b 5424 | 684c 8954 | 2438 448b | 5424 5c44 
  0x000002dfc7cd0948: 8954 2440 | 4c8b 9424 | 8000 0000 | 4c89 5424 | 5044 8b54 | 2474 4489 | 5424 4444 | 8b9c 2488 
  0x000002dfc7cd0968: 0000 0044 | 895c 2458 | 448b 9c24 | b000 0000 | 4489 5c24 | 7044 8b9c | 2498 0000 | 0044 899c 
  0x000002dfc7cd0988: 2490 0000 | 0044 8b94 | 249c 0000 | 0044 8994 | 2494 0000 | 0044 8b9c | 24a8 0000 | 0044 899c 
  0x000002dfc7cd09a8: 249c 0000 | 004c 8b94 | 24d0 0000 | 0044 8b9c | 24ac 0000 | 0044 899c | 24a8 0000 | 004c 8994 
  0x000002dfc7cd09c8: 24c0 0000 | 0044 8b94 | 24b4 0000 | 0045 8bda | 4489 9c24 | b000 0000 

  0x000002dfc7cd09e0: ;   {runtime_call UncommonTrapBlob}
  0x000002dfc7cd09e0: c5f8 77e8 

  0x000002dfc7cd09e4: ; ImmutableOopMap {rbp=Oop [32]=Oop [40]=NarrowOop [44]=NarrowOop [56]=Oop [64]=NarrowOop [80]=Oop [144]=NarrowOop [156]=NarrowOop [160]=Oop [168]=NarrowOop [176]=NarrowOop [180]=NarrowOop [192]=Oop [208]=Oop [328]=Oop }
                      ;*invokeinterface seek {reexecute=0 rethrow=0 return_oop=0}
                      ; - java.util.zip.ZipFile$Source::readFullyAt@14
                      ; - java.util.zip.ZipFile$ZipFileInputStream::initDataOffset@41
                      ; - java.util.zip.ZipFile$ZipFileInputStream::read@16
                      ; - java.util.zip.ZipFile$ZipFileInflaterInputStream::fill@32
                      ; - java.util.zip.InflaterInputStream::read@78
                      ; - jdk.internal.loader.Resource::getBytes@117
                      ; - java.net.URLClassLoader::defineClass@179
                      ; - java.net.URLClassLoader$1::run@43
  0x000002dfc7cd09e4: 183c 57ff 

  0x000002dfc7cd09e8: ;   {other}
  0x000002dfc7cd09e8: 0f1f 8400 | 0000 0000 | baf6 ffff | ff48 8b6c | 2420 4c8b | 5424 384c | 8954 2420 | 448b 5424 
  0x000002dfc7cd0a08: 4044 8954 | 2428 448b | 5c24 4444 | 895c 242c | 4c8b 5424 | 684c 8954 | 2438 448b | 5424 5c44 
  0x000002dfc7cd0a28: 8954 2440 | 4c8b 9424 | 8000 0000 | 4c89 5424 | 5044 8b5c | 2474 4489 | 5c24 4444 | 8b94 2488 
  0x000002dfc7cd0a48: 0000 0044 | 8954 2458 | 448b 9c24 | b000 0000 | 4489 5c24 | 7044 8b94 | 2498 0000 | 0044 8994 
  0x000002dfc7cd0a68: 2490 0000 | 0044 8b9c | 249c 0000 | 0044 899c | 2494 0000 | 0044 8b94 | 24a8 0000 | 0045 8bda 
  0x000002dfc7cd0a88: 4489 9c24 | 9c00 0000 | 4c8b 9424 | d000 0000 | 4c89 9424 | b800 0000 | 448b 9424 | ac00 0000 
  0x000002dfc7cd0aa8: 4489 9424 | a800 0000 | 448b 9c24 | b400 0000 | 4489 9c24 | b000 0000 

  0x000002dfc7cd0ac0: ;   {runtime_call UncommonTrapBlob}
  0x000002dfc7cd0ac0: c5f8 77e8 

  0x000002dfc7cd0ac4: ; ImmutableOopMap {rbp=Oop [32]=Oop [40]=NarrowOop [44]=NarrowOop [56]=Oop [64]=NarrowOop [80]=Oop [144]=NarrowOop [156]=NarrowOop [160]=Oop [168]=NarrowOop [176]=NarrowOop [180]=NarrowOop [184]=Oop [328]=Oop }
                      ;*invokeinterface readFully {reexecute=0 rethrow=0 return_oop=0}
                      ; - java.util.zip.ZipFile$Source::readFullyAt@45
                      ; - java.util.zip.ZipFile$ZipFileInputStream::initDataOffset@41
                      ; - java.util.zip.ZipFile$ZipFileInputStream::read@16
                      ; - java.util.zip.ZipFile$ZipFileInflaterInputStream::fill@32
                      ; - java.util.zip.InflaterInputStream::read@78
                      ; - jdk.internal.loader.Resource::getBytes@117
                      ; - java.net.URLClassLoader::defineClass@179
                      ; - java.net.URLClassLoader$1::run@43
  0x000002dfc7cd0ac4: 383b 57ff 

  0x000002dfc7cd0ac8: ;   {other}
  0x000002dfc7cd0ac8: 0f1f 8400 | 0000 0000 | baf6 ffff | ff44 895c | 2428 4889 | 7c24 3844 | 8b54 2440 | 4489 5424 
  0x000002dfc7cd0ae8: 2c44 896c | 2440 6690 

  0x000002dfc7cd0af0: ;   {runtime_call UncommonTrapBlob}
  0x000002dfc7cd0af0: c5f8 77e8 

  0x000002dfc7cd0af4: ; ImmutableOopMap {rbp=Oop [32]=Oop [44]=NarrowOop [56]=Oop [64]=NarrowOop }
                      ;*invokevirtual getBaseURL {reexecute=0 rethrow=0 return_oop=0}
                      ; - jdk.internal.loader.URLClassPath$FileLoader$1::getCodeSourceURL@4
                      ; - java.net.URLClassLoader::defineClass@13
                      ; - java.net.URLClassLoader$1::run@43
  0x000002dfc7cd0af4: 083b 57ff 

  0x000002dfc7cd0af8: ;   {other}
  0x000002dfc7cd0af8: 0f1f 8400 | 0000 0000 | baf6 ffff | ff48 8b6c | 2420 4c8b | 5424 384c | 8954 2420 | 448b 5c24 
  0x000002dfc7cd0b18: 4044 895c | 2428 448b | 5424 4444 | 8954 242c | 4c8b 5424 | 684c 8954 | 2438 448b | 5c24 5c44 
  0x000002dfc7cd0b38: 895c 2440 | 4c8b 9424 | 8000 0000 | 4c89 5424 | 5044 8b54 | 2474 4489 | 5424 4444 | 8b9c 2488 
  0x000002dfc7cd0b58: 0000 0044 | 895c 2458 

  0x000002dfc7cd0b60: ;   {runtime_call UncommonTrapBlob}
  0x000002dfc7cd0b60: c5f8 77e8 

  0x000002dfc7cd0b64: ; ImmutableOopMap {rbp=Oop [32]=Oop [40]=NarrowOop [44]=NarrowOop [56]=Oop [64]=NarrowOop [80]=Oop [160]=Oop [328]=Oop }
                      ;*getfield res {reexecute=1 rethrow=0 return_oop=0}
                      ; - (reexecute) java.util.zip.ZipFile$ZipFileInputStream::close@22
                      ; - java.util.zip.ZipFile$ZipFileInputStream::read@130
                      ; - java.util.zip.ZipFile$ZipFileInflaterInputStream::fill@32
                      ; - java.util.zip.InflaterInputStream::read@78
                      ; - jdk.internal.loader.Resource::getBytes@117
                      ; - java.net.URLClassLoader::defineClass@179
                      ; - java.net.URLClassLoader$1::run@43
  0x000002dfc7cd0b64: 983a 57ff 

  0x000002dfc7cd0b68: ;   {other}
  0x000002dfc7cd0b68: 0f1f 8400 | 0000 0000 | baf6 ffff | ff48 8b6c | 2420 4c8b | 5424 384c | 8954 2420 | 448b 5424 
  0x000002dfc7cd0b88: 4044 8954 | 2428 448b | 5c24 4444 | 895c 242c | 4c8b 5424 | 684c 8954 | 2438 448b | 5424 5c44 
  0x000002dfc7cd0ba8: 8954 2440 | 4c8b 9424 | 8000 0000 | 4c89 5424 | 5044 8b54 | 2474 4489 | 5424 4444 | 8b9c 2488 
  0x000002dfc7cd0bc8: 0000 0044 | 895c 2458 

  0x000002dfc7cd0bd0: ;   {runtime_call UncommonTrapBlob}
  0x000002dfc7cd0bd0: c5f8 77e8 

  0x000002dfc7cd0bd4: ; ImmutableOopMap {rbp=Oop [32]=Oop [40]=NarrowOop [44]=NarrowOop [56]=Oop [64]=NarrowOop [80]=Oop [160]=Oop [328]=Oop }
                      ;*getfield istreams {reexecute=1 rethrow=0 return_oop=0}
                      ; - (reexecute) java.util.zip.ZipFile$ZipFileInputStream::close@25
                      ; - java.util.zip.ZipFile$ZipFileInputStream::read@130
                      ; - java.util.zip.ZipFile$ZipFileInflaterInputStream::fill@32
                      ; - java.util.zip.InflaterInputStream::read@78
                      ; - jdk.internal.loader.Resource::getBytes@117
                      ; - java.net.URLClassLoader::defineClass@179
                      ; - java.net.URLClassLoader$1::run@43
  0x000002dfc7cd0bd4: 283a 57ff 

  0x000002dfc7cd0bd8: ;   {other}
  0x000002dfc7cd0bd8: 0f1f 8400 | 0000 0000 | baf6 ffff | ff48 8b6c | 2420 4c8b | 5424 384c | 8954 2420 | 448b 5424 
  0x000002dfc7cd0bf8: 4044 8954 | 2428 448b | 5c24 4444 | 895c 242c | 4c8b 5424 | 684c 8954 | 2438 448b | 5424 5c44 
  0x000002dfc7cd0c18: 8954 2440 | 4c8b 9424 | 8000 0000 | 4c89 5424 | 5044 8b54 | 2474 4489 | 5424 4444 | 8b9c 2488 
  0x000002dfc7cd0c38: 0000 0044 | 895c 2458 | 448b 9c24 | 9800 0000 | 4489 9c24 | 8800 0000 | 448b 9424 | 9c00 0000 
  0x000002dfc7cd0c58: 4489 9424 | 9800 0000 

  0x000002dfc7cd0c60: ;   {runtime_call UncommonTrapBlob}
  0x000002dfc7cd0c60: c5f8 77e8 

  0x000002dfc7cd0c64: ; ImmutableOopMap {rbp=Oop [32]=Oop [40]=NarrowOop [44]=NarrowOop [56]=Oop [64]=NarrowOop [80]=Oop [152]=NarrowOop [156]=NarrowOop [160]=Oop [328]=Oop }
                      ;*getfield res {reexecute=1 rethrow=0 return_oop=0}
                      ; - (reexecute) java.util.zip.ZipFile$ZipFileInputStream::close@35
                      ; - java.util.zip.ZipFile$ZipFileInputStream::read@130
                      ; - java.util.zip.ZipFile$ZipFileInflaterInputStream::fill@32
                      ; - java.util.zip.InflaterInputStream::read@78
                      ; - jdk.internal.loader.Resource::getBytes@117
                      ; - java.net.URLClassLoader::defineClass@179
                      ; - java.net.URLClassLoader$1::run@43
  0x000002dfc7cd0c64: 9839 57ff 

  0x000002dfc7cd0c68: ;   {other}
  0x000002dfc7cd0c68: 0f1f 8400 | 0000 0000 | baf6 ffff | ff48 8b6c | 2420 4c8b | 5424 384c | 8954 2420 | 448b 5c24 
  0x000002dfc7cd0c88: 4044 895c | 2428 448b | 5424 4444 | 8954 242c | 4c8b 5424 | 684c 8954 | 2438 448b | 5c24 5c44 
  0x000002dfc7cd0ca8: 895c 2440 | 4c8b 9424 | 8000 0000 | 4c89 5424 | 5044 8b54 | 2474 4489 | 5424 4444 | 8b9c 2488 
  0x000002dfc7cd0cc8: 0000 0044 | 895c 2458 | 448b 9c24 | 9800 0000 | 4489 9c24 | 8800 0000 | 448b 9424 | 9c00 0000 
  0x000002dfc7cd0ce8: 4489 9424 | 9800 0000 

  0x000002dfc7cd0cf0: ;   {runtime_call UncommonTrapBlob}
  0x000002dfc7cd0cf0: c5f8 77e8 

  0x000002dfc7cd0cf4: ; ImmutableOopMap {rbp=Oop [32]=Oop [40]=NarrowOop [44]=NarrowOop [56]=Oop [64]=NarrowOop [80]=Oop [152]=NarrowOop [156]=NarrowOop [160]=Oop [328]=Oop }
                      ;*getfield istreams {reexecute=1 rethrow=0 return_oop=0}
                      ; - (reexecute) java.util.zip.ZipFile$ZipFileInputStream::close@38
                      ; - java.util.zip.ZipFile$ZipFileInputStream::read@130
                      ; - java.util.zip.ZipFile$ZipFileInflaterInputStream::fill@32
                      ; - java.util.zip.InflaterInputStream::read@78
                      ; - jdk.internal.loader.Resource::getBytes@117
                      ; - java.net.URLClassLoader::defineClass@179
                      ; - java.net.URLClassLoader$1::run@43
  0x000002dfc7cd0cf4: 0839 57ff 

  0x000002dfc7cd0cf8: ;   {other}
  0x000002dfc7cd0cf8: 0f1f 8400 | 0000 0000 | baf6 ffff | ff48 8b6c | 2420 4c8b | 5424 384c | 8954 2420 | 448b 5424 
  0x000002dfc7cd0d18: 4044 8954 | 2428 448b | 5c24 4444 | 895c 242c | 4c8b 5424 | 684c 8954 | 2438 448b | 5424 5c44 
  0x000002dfc7cd0d38: 8954 2440 | 4c8b 9424 | 8000 0000 | 4c89 5424 | 5044 8b54 | 2474 4489 | 5424 4444 | 8b9c 2488 
  0x000002dfc7cd0d58: 0000 0044 | 895c 2458 | 448b 9c24 | 9800 0000 | 4489 9c24 | 8800 0000 | 448b 9424 | 9c00 0000 
  0x000002dfc7cd0d78: 4489 9424 | 8c00 0000 

  0x000002dfc7cd0d80: ;   {runtime_call UncommonTrapBlob}
  0x000002dfc7cd0d80: c5f8 77e8 

  0x000002dfc7cd0d84: ; ImmutableOopMap {rbp=Oop [32]=Oop [40]=NarrowOop [44]=NarrowOop [56]=Oop [64]=NarrowOop [80]=Oop [140]=NarrowOop [160]=Oop [328]=Oop }
                      ;*invokeinterface remove {reexecute=0 rethrow=0 return_oop=0}
                      ; - java.util.zip.ZipFile$ZipFileInputStream::close@42
                      ; - java.util.zip.ZipFile$ZipFileInputStream::read@130
                      ; - java.util.zip.ZipFile$ZipFileInflaterInputStream::fill@32
                      ; - java.util.zip.InflaterInputStream::read@78
                      ; - jdk.internal.loader.Resource::getBytes@117
                      ; - java.net.URLClassLoader::defineClass@179
                      ; - java.net.URLClassLoader$1::run@43
  0x000002dfc7cd0d84: 7838 57ff 

  0x000002dfc7cd0d88: ;   {other}
  0x000002dfc7cd0d88: 0f1f 8400 | 0000 0000 | baf6 ffff | ff48 8b6c | 2420 4c8b | 5424 384c | 8954 2420 | 448b 5424 
  0x000002dfc7cd0da8: 4044 8954 | 2428 448b | 5c24 4444 | 895c 242c | 4c8b 5424 | 684c 8954 | 2438 448b | 5424 5c44 
  0x000002dfc7cd0dc8: 8954 2440 | 4c8b 9424 | 8000 0000 | 4c89 5424 | 5044 8b54 | 2474 4489 | 5424 4444 | 8b9c 2488 
  0x000002dfc7cd0de8: 0000 0044 | 895c 2458 | 448b 9c24 | 9800 0000 | 4489 9c24 | 8800 0000 | 448b 9424 | 9c00 0000 
  0x000002dfc7cd0e08: 4489 9424 | 9000 0000 

  0x000002dfc7cd0e10: ;   {runtime_call UncommonTrapBlob}
  0x000002dfc7cd0e10: c5f8 77e8 

  0x000002dfc7cd0e14: ; ImmutableOopMap {rbp=Oop [32]=Oop [40]=NarrowOop [44]=NarrowOop [56]=Oop [64]=NarrowOop [80]=Oop [144]=NarrowOop [160]=Oop [328]=Oop }
                      ;*invokeinterface remove {reexecute=0 rethrow=0 return_oop=0}
                      ; - java.util.Collections$SetFromMap::remove@5
                      ; - java.util.zip.ZipFile$ZipFileInputStream::close@42
                      ; - java.util.zip.ZipFile$ZipFileInputStream::read@130
                      ; - java.util.zip.ZipFile$ZipFileInflaterInputStream::fill@32
                      ; - java.util.zip.InflaterInputStream::read@78
                      ; - jdk.internal.loader.Resource::getBytes@117
                      ; - java.net.URLClassLoader::defineClass@179
                      ; - java.net.URLClassLoader$1::run@43
  0x000002dfc7cd0e14: e837 57ff 

  0x000002dfc7cd0e18: ;   {other}
  0x000002dfc7cd0e18: 0f1f 8400 | 0000 0000 | baf6 ffff | ff48 8b6c | 2420 4c8b | 5424 384c | 8954 2420 | 448b 5424 
  0x000002dfc7cd0e38: 4044 8954 | 2428 448b | 5c24 4444 | 895c 242c | 4c8b 5424 | 684c 8954 | 2438 448b | 5424 5c44 
  0x000002dfc7cd0e58: 8954 2440 | 4c8b 9424 | 8000 0000 | 4c89 5424 | 5044 8b5c | 2474 4489 | 5c24 4444 | 8b94 2488 
  0x000002dfc7cd0e78: 0000 0044 | 8954 2458 | 448b 9c24 | b000 0000 | 4489 5c24 | 7044 8b94 | 2498 0000 | 0044 8994 
  0x000002dfc7cd0e98: 2488 0000 | 0044 8b9c | 249c 0000 | 0045 8bd3 | 4489 9424 | 9000 0000 | 4c8b 9424 | b800 0000 
  0x000002dfc7cd0eb8: 448b 9c24 | b400 0000 | 4489 9c24 | 9400 0000 | 4c89 9424 | a800 0000 | 4c89 9424 | b000 0000 
  0x000002dfc7cd0ed8: ;   {runtime_call UncommonTrapBlob}
  0x000002dfc7cd0ed8: c5f8 77e8 

  0x000002dfc7cd0edc: ; ImmutableOopMap {rbp=Oop [32]=Oop [40]=NarrowOop [44]=NarrowOop [56]=Oop [64]=NarrowOop [80]=Oop [144]=NarrowOop [160]=Oop [168]=Oop [176]=Oop [328]=Oop }
                      ;*invokevirtual poll {reexecute=0 rethrow=0 return_oop=0}
                      ; - java.util.WeakHashMap::expungeStaleEntries@4
                      ; - java.util.WeakHashMap::getTable@1
                      ; - java.util.WeakHashMap::remove@12
                      ; - java.util.Collections$SetFromMap::remove@5
                      ; - java.util.zip.ZipFile$ZipFileInputStream::close@42
                      ; - java.util.zip.ZipFile$ZipFileInputStream::read@130
                      ; - java.util.zip.ZipFile$ZipFileInflaterInputStream::fill@32
                      ; - java.util.zip.InflaterInputStream::read@78
                      ; - jdk.internal.loader.Resource::getBytes@117
                      ; - java.net.URLClassLoader::defineClass@179
                      ; - java.net.URLClassLoader$1::run@43
  0x000002dfc7cd0edc: 2037 57ff 

  0x000002dfc7cd0ee0: ;   {other}
  0x000002dfc7cd0ee0: 0f1f 8400 | 0000 0000 | baf6 ffff | ff48 8b6c | 2420 4c8b | 5424 384c | 8954 2420 | 448b 5424 
  0x000002dfc7cd0f00: 4044 8954 | 2428 448b | 5c24 4444 | 895c 242c | 4c8b 5424 | 684c 8954 | 2438 448b | 5424 5c44 
  0x000002dfc7cd0f20: 8954 2440 | 4c8b 9424 | 8000 0000 | 4c89 5424 | 5044 8b5c | 2474 4489 | 5c24 4444 | 8b94 2488 
  0x000002dfc7cd0f40: 0000 0044 | 8954 2458 | 448b 9c24 | 9c00 0000 | 458b d344 | 8994 2490 | 0000 0090 

  0x000002dfc7cd0f5c: ;   {runtime_call UncommonTrapBlob}
  0x000002dfc7cd0f5c: c5f8 77e8 

  0x000002dfc7cd0f60: ; ImmutableOopMap {rbp=Oop [32]=Oop [40]=NarrowOop [44]=NarrowOop [56]=Oop [64]=NarrowOop [80]=Oop [144]=NarrowOop [156]=NarrowOop [328]=Oop }
                      ;*arraylength {reexecute=0 rethrow=0 return_oop=0}
                      ; - java.util.WeakHashMap::remove@20
                      ; - java.util.Collections$SetFromMap::remove@5
                      ; - java.util.zip.ZipFile$ZipFileInputStream::close@42
                      ; - java.util.zip.ZipFile$ZipFileInputStream::read@130
                      ; - java.util.zip.ZipFile$ZipFileInflaterInputStream::fill@32
                      ; - java.util.zip.InflaterInputStream::read@78
                      ; - jdk.internal.loader.Resource::getBytes@117
                      ; - java.net.URLClassLoader::defineClass@179
                      ; - java.net.URLClassLoader$1::run@43
  0x000002dfc7cd0f60: 9c36 57ff 

  0x000002dfc7cd0f64: ;   {other}
  0x000002dfc7cd0f64: 0f1f 8400 | 0000 0000 | baf6 ffff | ff48 8b6c | 2420 4489 | 5424 2890 

  0x000002dfc7cd0f7c: ;   {runtime_call UncommonTrapBlob}
  0x000002dfc7cd0f7c: c5f8 77e8 

  0x000002dfc7cd0f80: ; ImmutableOopMap {rbp=Oop [56]=Oop }
                      ;*aaload {reexecute=0 rethrow=0 return_oop=0}
                      ; - java.security.CodeSource::getCertificates@50
                      ; - java.lang.ClassLoader::checkCerts@34
                      ; - java.lang.ClassLoader::preDefineClass@113
                      ; - java.lang.ClassLoader::defineClass@4
                      ; - java.security.SecureClassLoader::defineClass@12
                      ; - java.net.URLClassLoader::defineClass@220
                      ; - java.net.URLClassLoader$1::run@43
  0x000002dfc7cd0f80: 7c36 57ff 

  0x000002dfc7cd0f84: ;   {other}
  0x000002dfc7cd0f84: 0f1f 8400 | 0000 0000 | baf6 ffff | ff48 8b6c | 2420 6690 

  0x000002dfc7cd0f98: ;   {runtime_call UncommonTrapBlob}
  0x000002dfc7cd0f98: c5f8 77e8 

  0x000002dfc7cd0f9c: ; ImmutableOopMap {rbp=Oop [56]=Oop }
                      ;*invokevirtual getSignerCertPath {reexecute=0 rethrow=0 return_oop=0}
                      ; - java.security.CodeSource::getCertificates@51
                      ; - java.lang.ClassLoader::checkCerts@34
                      ; - java.lang.ClassLoader::preDefineClass@113
                      ; - java.lang.ClassLoader::defineClass@4
                      ; - java.security.SecureClassLoader::defineClass@12
                      ; - java.net.URLClassLoader::defineClass@220
                      ; - java.net.URLClassLoader$1::run@43
  0x000002dfc7cd0f9c: 6036 57ff 

  0x000002dfc7cd0fa0: ;   {other}
  0x000002dfc7cd0fa0: 0f1f 8400 | 0000 0000 | baf6 ffff | ff48 8b6c | 2420 6690 

  0x000002dfc7cd0fb4: ;   {runtime_call UncommonTrapBlob}
  0x000002dfc7cd0fb4: c5f8 77e8 

  0x000002dfc7cd0fb8: ; ImmutableOopMap {rbp=Oop [56]=Oop }
                      ;*invokevirtual getCertificates {reexecute=0 rethrow=0 return_oop=0}
                      ; - java.security.CodeSource::getCertificates@54
                      ; - java.lang.ClassLoader::checkCerts@34
                      ; - java.lang.ClassLoader::preDefineClass@113
                      ; - java.lang.ClassLoader::defineClass@4
                      ; - java.security.SecureClassLoader::defineClass@12
                      ; - java.net.URLClassLoader::defineClass@220
                      ; - java.net.URLClassLoader$1::run@43
  0x000002dfc7cd0fb8: 4436 57ff 

  0x000002dfc7cd0fbc: ;   {other}
  0x000002dfc7cd0fbc: 0f1f 8400 | 0000 0000 | baf6 ffff | ff48 8b6c | 2420 6690 

  0x000002dfc7cd0fd0: ;   {runtime_call UncommonTrapBlob}
  0x000002dfc7cd0fd0: c5f8 77e8 

  0x000002dfc7cd0fd4: ; ImmutableOopMap {rbp=Oop [56]=Oop }
                      ;*arraylength {reexecute=0 rethrow=0 return_oop=0}
                      ; - java.security.CodeSource::getCertificates@40
                      ; - java.lang.ClassLoader::checkCerts@34
                      ; - java.lang.ClassLoader::preDefineClass@113
                      ; - java.lang.ClassLoader::defineClass@4
                      ; - java.security.SecureClassLoader::defineClass@12
                      ; - java.net.URLClassLoader::defineClass@220
                      ; - java.net.URLClassLoader$1::run@43
  0x000002dfc7cd0fd4: 2836 57ff 

  0x000002dfc7cd0fd8: ;   {other}
  0x000002dfc7cd0fd8: 0f1f 8400 | 0000 0000 | ba97 ffff | ff48 8b6c | 2420 448b | 5c24 6044 | 895c 2420 | 4c8b 5424 
  0x000002dfc7cd0ff8: 384c 8954 | 2428 448b | 5c24 404c | 8b54 2458 | 4c89 5424 | 4844 895c | 243c 448b | 5424 6444 
  0x000002dfc7cd1018: 8954 2440 | 4c8b 5424 | 784c 8954 | 2460 6690 

  0x000002dfc7cd1028: ;   {runtime_call UncommonTrapBlob}
  0x000002dfc7cd1028: c5f8 77e8 

  0x000002dfc7cd102c: ; ImmutableOopMap {rbp=Oop [32]=NarrowOop [40]=Oop [48]=NarrowOop [60]=NarrowOop [64]=NarrowOop [72]=Oop [96]=Oop [104]=Oop [120]=Oop }
                      ;*invokevirtual clone {reexecute=1 rethrow=0 return_oop=0}
                      ; - (reexecute) java.util.Arrays::copyOfRange@18
                      ; - java.lang.StringLatin1::newString@16
                      ; - java.lang.String::substring@41
                      ; - java.lang.ClassLoader::checkCerts@21
                      ; - java.lang.ClassLoader::preDefineClass@113
                      ; - java.lang.ClassLoader::defineClass@4
                      ; - java.security.SecureClassLoader::defineClass@12
                      ; - java.net.URLClassLoader::defineClass@220
                      ; - java.net.URLClassLoader$1::run@43
  0x000002dfc7cd102c: d035 57ff 

  0x000002dfc7cd1030: ;   {other}
  0x000002dfc7cd1030: 0f1f 8400 | 0000 0000 | ba97 ffff | ff44 8b54 | 2448 4489 | 5424 2044 | 8b54 2440 | 4489 5424 
  0x000002dfc7cd1050: 2444 8b54 | 2444 4489 | 5424 4090 

  0x000002dfc7cd105c: ;   {runtime_call UncommonTrapBlob}
  0x000002dfc7cd105c: c5f8 77e8 

  0x000002dfc7cd1060: ; ImmutableOopMap {rbp=Oop [32]=NarrowOop [36]=NarrowOop [56]=Oop [64]=NarrowOop [100]=NarrowOop [104]=Oop }
                      ;*invokevirtual clone {reexecute=1 rethrow=0 return_oop=0}
                      ; - (reexecute) java.util.Arrays::copyOfRange@18
                      ; - java.lang.StringLatin1::newString@16
                      ; - java.lang.String::substring@41
                      ; - java.net.URLClassLoader::defineClass@28
                      ; - java.net.URLClassLoader$1::run@43
  0x000002dfc7cd1060: 9c35 57ff 

  0x000002dfc7cd1064: ;   {other}
  0x000002dfc7cd1064: 0f1f 8400 | 0000 0000 | baf4 ffff | ff48 8b6c | 2420 4c8b | 5424 384c | 8954 2420 | 4c8b 5424 
  0x000002dfc7cd1084: 584c 8954 | 2438 6690 

  0x000002dfc7cd108c: ;   {runtime_call UncommonTrapBlob}
  0x000002dfc7cd108c: c5f8 77e8 

  0x000002dfc7cd1090: ; ImmutableOopMap {rbp=Oop [32]=Oop [48]=NarrowOop [56]=Oop [64]=NarrowOop [96]=Oop [104]=NarrowOop [112]=Oop }
                      ;*checkcast {reexecute=0 rethrow=0 return_oop=0}
                      ; - java.security.CodeSource::getCertificates@76
                      ; - java.lang.ClassLoader::checkCerts@34
                      ; - java.lang.ClassLoader::preDefineClass@113
                      ; - java.lang.ClassLoader::defineClass@4
                      ; - java.security.SecureClassLoader::defineClass@12
                      ; - java.net.URLClassLoader::defineClass@220
                      ; - java.net.URLClassLoader$1::run@43
  0x000002dfc7cd1090: 6c35 57ff 

  0x000002dfc7cd1094: ;   {other}
  0x000002dfc7cd1094: 0f1f 8400 | 0000 0000 | baf6 ffff | ff48 8b6c | 2420 4c8b | 5424 384c | 8954 2420 | 448b 5424 
  0x000002dfc7cd10b4: 4044 8954 | 2428 448b | 5c24 4444 | 895c 242c | 4c8b 5424 | 684c 8954 | 2438 448b | 5424 5c44 
  0x000002dfc7cd10d4: 8954 2440 | 4c8b 9424 | 8000 0000 | 4c89 5424 | 5044 8b54 | 2474 4489 | 5424 4490 

  0x000002dfc7cd10f0: ;   {runtime_call UncommonTrapBlob}
  0x000002dfc7cd10f0: c5f8 77e8 

  0x000002dfc7cd10f4: ; ImmutableOopMap {rbp=Oop [32]=Oop [40]=NarrowOop [44]=NarrowOop [56]=Oop [64]=NarrowOop [80]=Oop [328]=Oop }
                      ;*invokevirtual finished {reexecute=0 rethrow=0 return_oop=0}
                      ; - java.util.zip.InflaterInputStream::read@34
                      ; - jdk.internal.loader.Resource::getBytes@117
                      ; - java.net.URLClassLoader::defineClass@179
                      ; - java.net.URLClassLoader$1::run@43
  0x000002dfc7cd10f4: 0835 57ff 

  0x000002dfc7cd10f8: ;   {other}
  0x000002dfc7cd10f8: 0f1f 8400 | 0000 0000 | bab5 ffff | ff48 8b6c | 2420 4c8b | 5424 384c | 8954 2420 | 448b 5c24 
  0x000002dfc7cd1118: 4044 895c | 2428 448b | 5424 4444 | 8954 242c | 448b 5c24 | 5c44 895c | 2440 4889 | 4424 6090 
  0x000002dfc7cd1138: ;   {runtime_call UncommonTrapBlob}
  0x000002dfc7cd1138: c5f8 77e8 

  0x000002dfc7cd113c: ; ImmutableOopMap {rbp=Oop [32]=Oop [40]=NarrowOop [44]=NarrowOop [64]=NarrowOop [96]=Oop [104]=Oop [128]=Oop [328]=Oop }
                      ;*astore {reexecute=0 rethrow=0 return_oop=0}
                      ; - java.util.zip.InflaterInputStream::read@100
                      ; - jdk.internal.loader.Resource::getBytes@117
                      ; - java.net.URLClassLoader::defineClass@179
                      ; - java.net.URLClassLoader$1::run@43
  0x000002dfc7cd113c: c034 57ff 

  0x000002dfc7cd1140: ;   {other}
  0x000002dfc7cd1140: 0f1f 8400 | 0000 0000 | bab5 ffff | ff48 8b6c | 2420 4c8b | 5424 384c | 8954 2420 | 448b 5c24 
  0x000002dfc7cd1160: 4044 895c | 2428 448b | 5424 4444 | 8954 242c | 448b 5c24 | 5c44 895c | 2440 4889 | 4424 6090 
  0x000002dfc7cd1180: ;   {runtime_call UncommonTrapBlob}
  0x000002dfc7cd1180: c5f8 77e8 

  0x000002dfc7cd1184: ; ImmutableOopMap {rbp=Oop [32]=Oop [40]=NarrowOop [44]=NarrowOop [64]=NarrowOop [96]=Oop [104]=Oop [128]=Oop [328]=Oop }
                      ;*astore {reexecute=0 rethrow=0 return_oop=0}
                      ; - java.util.zip.InflaterInputStream::read@100
                      ; - jdk.internal.loader.Resource::getBytes@117
                      ; - java.net.URLClassLoader::defineClass@179
                      ; - java.net.URLClassLoader$1::run@43
  0x000002dfc7cd1184: 7834 57ff 

  0x000002dfc7cd1188: ;   {other}
  0x000002dfc7cd1188: 0f1f 8400 | 0000 0000 | ba97 ffff | ff48 8b6c | 2420 4c8b | 5424 384c | 8954 2420 

  0x000002dfc7cd11a4: ;   {runtime_call UncommonTrapBlob}
  0x000002dfc7cd11a4: c5f8 77e8 

  0x000002dfc7cd11a8: ; ImmutableOopMap {rbp=Oop [32]=Oop [40]=NarrowOop [44]=NarrowOop [48]=NarrowOop [88]=Oop [104]=Oop [152]=Oop }
                      ;*invokevirtual clone {reexecute=1 rethrow=0 return_oop=0}
                      ; - (reexecute) java.security.CodeSource::getCertificates@11
                      ; - java.lang.ClassLoader::checkCerts@34
                      ; - java.lang.ClassLoader::preDefineClass@113
                      ; - java.lang.ClassLoader::defineClass@4
                      ; - java.security.SecureClassLoader::defineClass@12
                      ; - java.net.URLClassLoader::defineClass@220
                      ; - java.net.URLClassLoader$1::run@43
  0x000002dfc7cd11a8: 5434 57ff 

  0x000002dfc7cd11ac: ;   {other}
  0x000002dfc7cd11ac: 0f1f 8400 | 0000 0000 | ba97 ffff | ff48 8b6c | 2420 4c8b | 5424 384c | 8954 2420 | 448b 5424 
  0x000002dfc7cd11cc: 4044 8954 | 2428 448b | 5c24 4444 | 895c 242c 

  0x000002dfc7cd11dc: ;   {runtime_call UncommonTrapBlob}
  0x000002dfc7cd11dc: c5f8 77e8 

  0x000002dfc7cd11e0: ; ImmutableOopMap {rbp=Oop [32]=Oop [40]=NarrowOop [44]=NarrowOop [88]=Oop [96]=Oop [128]=Oop }
                      ;*invokevirtual clone {reexecute=1 rethrow=0 return_oop=0}
                      ; - (reexecute) java.security.CodeSource::<init>@42
                      ; - java.net.URLClassLoader::defineClass@198
                      ; - java.net.URLClassLoader$1::run@43
  0x000002dfc7cd11e0: 1c34 57ff 

  0x000002dfc7cd11e4: ;   {other}
  0x000002dfc7cd11e4: 0f1f 8400 | 0000 0000 | ba97 ffff | ff48 8b6c | 2420 4c8b | 5424 284c | 8954 2420 | 448b 5424 
  0x000002dfc7cd1204: 4044 8954 | 2428 448b | 5c24 4444 | 895c 242c 

  0x000002dfc7cd1214: ;   {runtime_call UncommonTrapBlob}
  0x000002dfc7cd1214: c5f8 77e8 

  0x000002dfc7cd1218: ; ImmutableOopMap {rbp=Oop [32]=Oop [40]=NarrowOop [44]=NarrowOop [88]=NarrowOop [92]=NarrowOop [128]=Oop }
                      ;*invokevirtual clone {reexecute=1 rethrow=0 return_oop=0}
                      ; - (reexecute) java.util.jar.JarFile$JarFileEntry::getCodeSigners@70
                      ; - jdk.internal.loader.URLClassPath$JarLoader$2::getCodeSigners@4
                      ; - java.net.URLClassLoader::defineClass@185
                      ; - java.net.URLClassLoader$1::run@43
  0x000002dfc7cd1218: e433 57ff 

  0x000002dfc7cd121c: ;   {other}
  0x000002dfc7cd121c: 0f1f 8400 | 0000 0000 | ba97 ffff | ff48 8b6c | 2420 4c8b | 5424 384c | 8954 2420 | 4c8b 5424 
  0x000002dfc7cd123c: 584c 8954 | 2448 6690 

  0x000002dfc7cd1244: ;   {runtime_call UncommonTrapBlob}
  0x000002dfc7cd1244: c5f8 77e8 

  0x000002dfc7cd1248: ; ImmutableOopMap {rbp=Oop [32]=Oop [40]=Oop [48]=NarrowOop [64]=NarrowOop [72]=Oop [96]=Oop [112]=Oop }
                      ;*invokevirtual clone {reexecute=1 rethrow=0 return_oop=0}
                      ; - (reexecute) java.security.CodeSource::getCertificates@86
                      ; - java.lang.ClassLoader::checkCerts@34
                      ; - java.lang.ClassLoader::preDefineClass@113
                      ; - java.lang.ClassLoader::defineClass@4
                      ; - java.security.SecureClassLoader::defineClass@12
                      ; - java.net.URLClassLoader::defineClass@220
                      ; - java.net.URLClassLoader$1::run@43
  0x000002dfc7cd1248: b433 57ff 

  0x000002dfc7cd124c: ;   {other}
  0x000002dfc7cd124c: 0f1f 8400 | 0000 0000 | ba97 ffff | ff48 8b6c | 2420 4c8b | 5424 384c | 8954 2420 | 448b 5424 
  0x000002dfc7cd126c: 4044 8954 | 2428 448b | 5c24 4444 | 895c 242c | 448b 5424 | 5c44 8954 | 2440 6690 

  0x000002dfc7cd1288: ;   {runtime_call UncommonTrapBlob}
  0x000002dfc7cd1288: c5f8 77e8 

  0x000002dfc7cd128c: ; ImmutableOopMap {rbp=Oop [32]=Oop [40]=NarrowOop [44]=NarrowOop [64]=NarrowOop [104]=Oop [112]=NarrowOop [128]=Oop }
                      ;*invokevirtual clone {reexecute=1 rethrow=0 return_oop=0}
                      ; - (reexecute) java.util.Arrays::copyOf@7
                      ; - jdk.internal.loader.Resource::getBytes@94
                      ; - java.net.URLClassLoader::defineClass@179
                      ; - java.net.URLClassLoader$1::run@43
  0x000002dfc7cd128c: 7033 57ff 

  0x000002dfc7cd1290: ;   {other}
  0x000002dfc7cd1290: 0f1f 8400 | 0000 0000 | 488b d8eb | 7748 8bd8 | e95a 0100 | 0048 8bd8 | e952 0100 | 0048 8bd8 
  0x000002dfc7cd12b0: e956 0200 | 0048 8bd8 | e94e 0200 | 0048 8bd8 | e9e9 0200 | 0048 8bd8 | eb4a 488b | d8eb 4548 
  0x000002dfc7cd12d0: 8bd8 eb40 | 488b d8eb | 3b48 8984 | 24c8 0000 | 004c 8b94 | 24c0 0000 | 0045 8b52 | 1845 85d2 
  0x000002dfc7cd12f0: 0f84 e803 | 0000 498b | d266 6690 

  0x000002dfc7cd12fc: ;   {optimized virtual_call}
  0x000002dfc7cd12fc: c5f8 77e8 

  0x000002dfc7cd1300: ; ImmutableOopMap {[32]=Oop [40]=Oop [56]=Oop [64]=NarrowOop [68]=NarrowOop [72]=Oop [80]=Oop [92]=NarrowOop [104]=Oop [112]=NarrowOop [128]=Oop [144]=Oop [160]=Oop [168]=Oop [184]=Oop [200]=Oop [328]=Oop }
                      ;*invokevirtual unlock {reexecute=0 rethrow=0 return_oop=0}
                      ; - java.lang.ref.ReferenceQueue::poll@35
                      ; - java.util.WeakHashMap::expungeStaleEntries@4
                      ; - java.util.WeakHashMap::getTable@1
                      ; - java.util.WeakHashMap::remove@12
                      ; - java.util.Collections$SetFromMap::remove@5
                      ; - java.util.zip.ZipFile$ZipFileInputStream::close@42
                      ; - java.util.zip.ZipFile$ZipFileInputStream::read@130
                      ; - java.util.zip.ZipFile$ZipFileInflaterInputStream::fill@32
                      ; - java.util.zip.InflaterInputStream::read@78
                      ; - jdk.internal.loader.Resource::getBytes@117
                      ; - java.net.URLClassLoader::defineClass@179
                      ; - java.net.URLClassLoader$1::run@43
  0x000002dfc7cd1300: 7cd7 56ff 

  0x000002dfc7cd1304: ;   {other}
  0x000002dfc7cd1304: 0f1f 8400 | 0000 0000 | 488b 9c24 | c800 0000 | 4c8b 9c24 | a800 0000 | 488d 8424 | 5001 0000 
  0x000002dfc7cd1324: 4883 3800 | 0f84 7900 | 0000 4d8b | 1341 f6c2 | 020f 8462 | 0000 0049 | 83ba 8600 | 0000 0074 
  0x000002dfc7cd1344: 0949 ff8a | 8600 0000 | eb4b 498b | 8296 0000 | 0049 0b82 | 8e00 0000 | 750a 49c7 | 423e 0000 
  0x000002dfc7cd1364: 0000 eb3d | 4983 ba9e | 0000 0000 | 7422 4833 | c049 c742 | 3e00 0000 | 00f0 8304 | 2400 4983 
  0x000002dfc7cd1384: ba9e 0000 | 0000 750d | f04d 0fb1 | 7a3e 7505 | 83c8 01eb | 0ca8 00eb | 084c 8b10 | f04d 0fb1 
  0x000002dfc7cd13a4: 1375 0a49 | ff8f 4805 | 0000 4533 | d20f 85fc | 0200 0048 | 8bd3 e991 | 0200 0048 | 8be8 48c7 
  0x000002dfc7cd13c4: c2ff ffff | ff66 6690 

  0x000002dfc7cd13cc: ;   {static_call}
  0x000002dfc7cd13cc: c5f8 77e8 

  0x000002dfc7cd13d0: ; ImmutableOopMap {rbp=Oop [32]=Oop [40]=Oop [56]=Oop [64]=NarrowOop [68]=NarrowOop [72]=Oop [80]=Oop [92]=NarrowOop [104]=Oop [112]=NarrowOop [128]=Oop [144]=Oop [160]=Oop [184]=Oop [192]=Oop [208]=Oop [216]=Oop [224]=Oop [328]=Oop }
                      ;*invokestatic end {reexecute=0 rethrow=0 return_oop=0}
                      ; - java.io.RandomAccessFile::seek@35
                      ; - java.util.zip.ZipFile$Source$RandomAccessFileAccessor::seek@5
                      ; - java.util.zip.ZipFile$Source::readFullyAt@14
                      ; - java.util.zip.ZipFile$ZipFileInputStream::initDataOffset@41
                      ; - java.util.zip.ZipFile$ZipFileInputStream::read@16
                      ; - java.util.zip.ZipFile$ZipFileInflaterInputStream::fill@32
                      ; - java.util.zip.InflaterInputStream::read@78
                      ; - jdk.internal.loader.Resource::getBytes@117
                      ; - java.net.URLClassLoader::defineClass@179
                      ; - java.net.URLClassLoader$1::run@43
  0x000002dfc7cd13d0: acdc 56ff 

  0x000002dfc7cd13d4: ;   {other}
  0x000002dfc7cd13d4: 0f1f 8400 | 0000 0000 | 488b ddeb | 1e48 8be8 | 48c7 c2ff | ffff ff90 

  0x000002dfc7cd13ec: ;   {static_call}
  0x000002dfc7cd13ec: c5f8 77e8 

  0x000002dfc7cd13f0: ; ImmutableOopMap {rbp=Oop [32]=Oop [40]=Oop [56]=Oop [64]=NarrowOop [68]=NarrowOop [72]=Oop [80]=Oop [92]=NarrowOop [104]=Oop [112]=NarrowOop [128]=Oop [144]=Oop [160]=Oop [184]=Oop [192]=Oop [200]=NarrowOop [208]=Oop [216]=Oop [224]=Oop [328]=Oop }
                      ;*invokestatic end {reexecute=0 rethrow=0 return_oop=0}
                      ; - java.io.RandomAccessFile::readBytes@26
                      ; - java.io.RandomAccessFile::read@4
                      ; - java.io.RandomAccessFile::readFully@13
                      ; - java.util.zip.ZipFile$Source$RandomAccessFileAccessor::readFully@7
                      ; - java.util.zip.ZipFile$Source::readFullyAt@45
                      ; - java.util.zip.ZipFile$ZipFileInputStream::initDataOffset@41
                      ; - java.util.zip.ZipFile$ZipFileInputStream::read@16
                      ; - java.util.zip.ZipFile$ZipFileInflaterInputStream::fill@32
                      ; - java.util.zip.InflaterInputStream::read@78
                      ; - jdk.internal.loader.Resource::getBytes@117
                      ; - java.net.URLClassLoader::defineClass@179
                      ; - java.net.URLClassLoader$1::run@43
  0x000002dfc7cd13f0: 8cdc 56ff 

  0x000002dfc7cd13f4: ;   {other}
  0x000002dfc7cd13f4: 0f1f 8400 | 0000 0000 | 488b dd4c | 8b9c 24d8 | 0000 0048 | 8d84 2458 | 0100 0048 | 8338 000f 
  0x000002dfc7cd1414: 8479 0000 | 004d 8b13 | 41f6 c202 | 0f84 6200 | 0000 4983 | ba86 0000 | 0000 7409 | 49ff 8a86 
  0x000002dfc7cd1434: 0000 00eb | 4b49 8b82 | 9600 0000 | 490b 828e | 0000 0075 | 0a49 c742 | 3e00 0000 | 00eb 3d49 
  0x000002dfc7cd1454: 83ba 9e00 | 0000 0074 | 2248 33c0 | 49c7 423e | 0000 0000 | f083 0424 | 0049 83ba | 9e00 0000 
  0x000002dfc7cd1474: 0075 0df0 | 4d0f b17a | 3e75 0583 | c801 eb0c | a800 eb08 | 4c8b 10f0 | 4d0f b113 | 750a 49ff 
  0x000002dfc7cd1494: 8f48 0500 | 0045 33d2 | 0f84 0c01 | 0000 498b | cb48 8d94 | 2458 0100 | 004d 8bc7 | c5f8 7749 
  0x000002dfc7cd14b4: ba10 5a80 | 37f9 7f00 | 0041 ffd2 

  0x000002dfc7cd14c0: ;   {other}
  0x000002dfc7cd14c0: 0f1f 8400 | 0000 0000 | e9e1 0000 | 0048 8be8 | 48c7 c2ff | ffff ff90 

  0x000002dfc7cd14d8: ;   {static_call}
  0x000002dfc7cd14d8: c5f8 77e8 

  0x000002dfc7cd14dc: ; ImmutableOopMap {rbp=Oop [32]=Oop [40]=Oop [56]=Oop [64]=NarrowOop [68]=NarrowOop [72]=Oop [80]=Oop [92]=NarrowOop [104]=Oop [112]=NarrowOop [128]=Oop [144]=Oop [160]=Oop [184]=Oop [192]=Oop [208]=Oop [216]=Oop [328]=Oop }
                      ;*invokestatic end {reexecute=0 rethrow=0 return_oop=0}
                      ; - java.io.RandomAccessFile::seek@35
                      ; - java.util.zip.ZipFile$Source$RandomAccessFileAccessor::seek@5
                      ; - java.util.zip.ZipFile$Source::readAt@14
                      ; - java.util.zip.ZipFile$ZipFileInputStream::read@76
                      ; - java.util.zip.ZipFile$ZipFileInflaterInputStream::fill@32
                      ; - java.util.zip.InflaterInputStream::read@78
                      ; - jdk.internal.loader.Resource::getBytes@117
                      ; - java.net.URLClassLoader::defineClass@179
                      ; - java.net.URLClassLoader$1::run@43
  0x000002dfc7cd14dc: a0db 56ff 

  0x000002dfc7cd14e0: ;   {other}
  0x000002dfc7cd14e0: 0f1f 8400 | 0000 0000 | 488b ddeb | 1e48 8be8 | 48c7 c2ff | ffff ff90 

  0x000002dfc7cd14f8: ;   {static_call}
  0x000002dfc7cd14f8: c5f8 77e8 

  0x000002dfc7cd14fc: ; ImmutableOopMap {rbp=Oop [32]=Oop [40]=Oop [56]=Oop [64]=NarrowOop [68]=NarrowOop [72]=Oop [80]=Oop [92]=NarrowOop [104]=Oop [112]=NarrowOop [128]=Oop [144]=Oop [160]=Oop [192]=Oop [208]=Oop [328]=Oop }
                      ;*invokestatic end {reexecute=0 rethrow=0 return_oop=0}
                      ; - java.io.RandomAccessFile::readBytes@26
                      ; - java.io.RandomAccessFile::read@4
                      ; - java.util.zip.ZipFile$Source$RandomAccessFileAccessor::read@7
                      ; - java.util.zip.ZipFile$Source::readAt@26
                      ; - java.util.zip.ZipFile$ZipFileInputStream::read@76
                      ; - java.util.zip.ZipFile$ZipFileInflaterInputStream::fill@32
                      ; - java.util.zip.InflaterInputStream::read@78
                      ; - jdk.internal.loader.Resource::getBytes@117
                      ; - java.net.URLClassLoader::defineClass@179
                      ; - java.net.URLClassLoader$1::run@43
  0x000002dfc7cd14fc: 80db 56ff 

  0x000002dfc7cd1500: ;   {other}
  0x000002dfc7cd1500: 0f1f 8400 | 0000 0000 | 488b dd4c | 8b9c 24d0 | 0000 0048 | 8d84 2458 | 0100 0048 | 8338 000f 
  0x000002dfc7cd1520: 8479 0000 | 004d 8b13 | 41f6 c202 | 0f84 6200 | 0000 4983 | ba86 0000 | 0000 7409 | 49ff 8a86 
  0x000002dfc7cd1540: 0000 00eb | 4b49 8b82 | 9600 0000 | 490b 828e | 0000 0075 | 0a49 c742 | 3e00 0000 | 00eb 3d49 
  0x000002dfc7cd1560: 83ba 9e00 | 0000 0074 | 2248 33c0 | 49c7 423e | 0000 0000 | f083 0424 | 0049 83ba | 9e00 0000 
  0x000002dfc7cd1580: 0075 0df0 | 4d0f b17a | 3e75 0583 | c801 eb0c | a800 eb08 | 4c8b 10f0 | 4d0f b113 | 750a 49ff 
  0x000002dfc7cd15a0: 8f48 0500 | 0045 33d2 | 0f85 da00 | 0000 4c8b | 9c24 c000 | 0000 488d | 8424 5001 | 0000 4883 
  0x000002dfc7cd15c0: 3800 0f84 | 7900 0000 | 4d8b 1341 | f6c2 020f | 8462 0000 | 0049 83ba | 8600 0000 | 0074 0949 
  0x000002dfc7cd15e0: ff8a 8600 | 0000 eb4b | 498b 8296 | 0000 0049 | 0b82 8e00 | 0000 750a | 49c7 423e 

  0x000002dfc7cd15fc: ;   {no_reloc}
  0x000002dfc7cd15fc: 0000 0000 | eb3d 4983 | ba9e 0000 | 0000 7422 | 4833 c049 | c742 3e00 | 0000 00f0 | 8304 2400 
  0x000002dfc7cd161c: 4983 ba9e | 0000 0000 | 750d f04d | 0fb1 7a3e | 7505 83c8 | 01eb 0ca8 | 00eb 084c | 8b10 f04d 
  0x000002dfc7cd163c: 0fb1 1375 | 0a49 ff8f | 4805 0000 | 4533 d275 | 1348 8bd3 

  0x000002dfc7cd1650: ;   {runtime_call _rethrow_Java}
  0x000002dfc7cd1650: c5f8 77e8 

  0x000002dfc7cd1654: ; ImmutableOopMap {[32]=Oop [40]=Oop [56]=Oop [64]=NarrowOop [68]=NarrowOop [72]=Oop [80]=Oop [92]=NarrowOop [104]=Oop [112]=NarrowOop [128]=Oop [144]=Oop [328]=Oop }
                      ;*invokevirtual fill {reexecute=0 rethrow=0 return_oop=1}
                      ; - java.util.zip.InflaterInputStream::read@78
                      ; - jdk.internal.loader.Resource::getBytes@117
                      ; - java.net.URLClassLoader::defineClass@179
                      ; - java.net.URLClassLoader$1::run@43
  0x000002dfc7cd1654: 28e8 59ff 

  0x000002dfc7cd1658: ;   {other}
  0x000002dfc7cd1658: 0f1f 8400 | 0000 0000 | 498b cb48 | 8d94 2450 | 0100 004d | 8bc7 c5f8 | 7749 ba10 | 5a80 37f9 
  0x000002dfc7cd1678: 7f00 0041 

  0x000002dfc7cd167c: ;   {other}
  0x000002dfc7cd167c: ffd2 0f1f | 8400 0000 | 0000 ebc5 | 498b cb48 | 8d94 2458 | 0100 004d | 8bc7 c5f8 | 7749 ba10 
  0x000002dfc7cd169c: 5a80 37f9 | 7f00 0041 

  0x000002dfc7cd16a4: ;   {other}
  0x000002dfc7cd16a4: ffd2 0f1f | 8400 0000 | 0000 e9fb | feff ff49 | 8bcb 488d | 9424 5001 | 0000 4d8b | c7c5 f877 
  0x000002dfc7cd16c4: 49ba 105a | 8037 f97f | 0000 41ff 

  0x000002dfc7cd16d0: ;   {other}
  0x000002dfc7cd16d0: d20f 1f84 | 0000 0000 | 00e9 d9fc | ffff baf6 | ffff ff48 | 8b6c 2420 | 4c8b 5424 | 384c 8954 
  0x000002dfc7cd16f0: 2420 448b | 5c24 4044 | 895c 2428 | 448b 5424 | 4444 8954 | 242c 4c8b | 5424 684c | 8954 2438 
  0x000002dfc7cd1710: 448b 5c24 | 5c44 895c | 2440 4c8b | 9424 8000 | 0000 4c89 | 5424 5044 | 8b54 2474 | 4489 5424 
  0x000002dfc7cd1730: 4444 8b9c | 2488 0000 | 0044 895c | 2458 448b | 9c24 b000 | 0000 4489 | 5c24 7044 | 8b9c 2498 
  0x000002dfc7cd1750: 0000 0044 | 899c 2488 | 0000 0044 | 8b94 249c | 0000 0044 | 8994 2490 | 0000 004c | 8b94 24b8 
  0x000002dfc7cd1770: 0000 004c | 8994 2498 | 0000 0044 | 8b94 24b4 | 0000 0044 | 8994 2494 | 0000 0090 

  0x000002dfc7cd178c: ;   {runtime_call UncommonTrapBlob}
  0x000002dfc7cd178c: c5f8 77e8 

  0x000002dfc7cd1790: ; ImmutableOopMap {rbp=Oop [32]=Oop [40]=NarrowOop [44]=NarrowOop [56]=Oop [64]=NarrowOop [80]=Oop [144]=NarrowOop [152]=Oop [160]=Oop [200]=Oop [328]=Oop }
                      ;*invokevirtual unlock {reexecute=0 rethrow=0 return_oop=0}
                      ; - java.lang.ref.ReferenceQueue::poll@35
                      ; - java.util.WeakHashMap::expungeStaleEntries@4
                      ; - java.util.WeakHashMap::getTable@1
                      ; - java.util.WeakHashMap::remove@12
                      ; - java.util.Collections$SetFromMap::remove@5
                      ; - java.util.zip.ZipFile$ZipFileInputStream::close@42
                      ; - java.util.zip.ZipFile$ZipFileInputStream::read@130
                      ; - java.util.zip.ZipFile$ZipFileInflaterInputStream::fill@32
                      ; - java.util.zip.InflaterInputStream::read@78
                      ; - jdk.internal.loader.Resource::getBytes@117
                      ; - java.net.URLClassLoader::defineClass@179
                      ; - java.net.URLClassLoader$1::run@43
  0x000002dfc7cd1790: 6c2e 57ff 

  0x000002dfc7cd1794: ;   {other}
  0x000002dfc7cd1794: 0f1f 8400 | 0000 0000 | 488b d844 | 8b50 084d | 33db 4f8d | 1cd3 4d8b 

  0x000002dfc7cd17ac: ;   {metadata('java/io/InterruptedIOException')}
  0x000002dfc7cd17ac: 5350 49b8 | 1051 2700 | 0100 0000 | 4d3b d00f | 8449 0100 | 004d 8b53 

  0x000002dfc7cd17c4: ;   {metadata('java/io/IOException')}
  0x000002dfc7cd17c4: 4849 bb28 | 4809 0001 | 0000 004d | 3bd3 0f85 | e107 0000 | 448b 5424 | 7445 85d2 | 0f85 2401 
  0x000002dfc7cd17e4: 0000 e949 | 0100 0048 | 8bd8 e9c6 | 0700 0048 | 8be8 e9e0 | 0000 0048 | 8bd8 e9d8 | 0400 004c 
  0x000002dfc7cd1804: 8bd0 e9ea | 0700 004c | 8bd0 e9e2 | 0700 0048 | 8bd8 e993 | 0600 0048 | 8bd8 e9bb | 0500 0048 
  0x000002dfc7cd1824: 8bd8 e98e | 0700 0048 | 8bd8 e97b | 0600 0048 | 8bd8 e973 | 0600 0048 | 8bd8 e96b | 0600 00eb 
  0x000002dfc7cd1844: 0044 8b50 | 084d 33db | 4f8d 1cd3 | eb4a 488b | d8e9 8405 | 0000 488b | d8e9 7c05 | 0000 488b 
  0x000002dfc7cd1864: d8e9 7405 | 0000 488b | e8eb 6c48 | 8bd8 448b | 5808 4d33 | c04f 8d04 | d84c 8b54 | 2438 4c89 
  0x000002dfc7cd1884: 5424 28e9 | 8107 0000 | 488b e8eb | 4a44 8b40 | 084d 33db | 4f8d 1cc3 | 4d8b 5350 

  0x000002dfc7cd18a0: ;   {metadata('java/io/InterruptedIOException')}
  0x000002dfc7cd18a0: 49bb 1051 | 2700 0100 | 0000 4d3b | d375 2990 

  0x000002dfc7cd18b0: ;   {static_call}
  0x000002dfc7cd18b0: c5f8 77e8 

  0x000002dfc7cd18b4: ; ImmutableOopMap {[32]=Oop [40]=Oop [56]=Oop [64]=NarrowOop [68]=NarrowOop [72]=Oop [80]=Oop [92]=NarrowOop [104]=Oop [112]=NarrowOop [144]=Oop [328]=Oop }
                      ;*invokestatic interrupted {reexecute=0 rethrow=0 return_oop=0}
                      ; - jdk.internal.loader.Resource::getBytes@127
                      ; - java.net.URLClassLoader::defineClass@179
                      ; - java.net.URLClassLoader$1::run@43
  0x000002dfc7cd18b4: c8d7 56ff 

  0x000002dfc7cd18b8: ;   {other}
  0x000002dfc7cd18b8: 0f1f 8400 | 0000 0000 | 448b 8424 | b000 0000 | 41ba 0100 | 0000 4489 | 5424 74e9 | 1571 ffff 
  0x000002dfc7cd18d8: 488b e844 | 8b54 2470 | 498b d266 | 6690 c5f8 | 7748 b8ff | ffff ffff 

  0x000002dfc7cd18f0: ;   {virtual_call}
  0x000002dfc7cd18f0: ffff ffe8 

  0x000002dfc7cd18f4: ; ImmutableOopMap {rbp=Oop [32]=Oop [40]=Oop [56]=Oop [72]=Oop [80]=Oop [92]=NarrowOop [104]=Oop }
                      ;*invokevirtual close {reexecute=0 rethrow=0 return_oop=0}
                      ; - jdk.internal.loader.Resource::getBytes@214
                      ; - java.net.URLClassLoader::defineClass@179
                      ; - java.net.URLClassLoader$1::run@43
  0x000002dfc7cd18f4: 88d4 56ff 

  0x000002dfc7cd18f8: ;   {other}
  0x000002dfc7cd18f8: 0f1f 8400 | 0000 0000 | 448b 5c24 | 7445 85db | 742a 488b | 5424 284c | 8b54 2448 | 4c89 5424 
  0x000002dfc7cd1918: 404c 8b54 | 2450 4c89 | 5424 4890 

  0x000002dfc7cd1924: ;   {optimized virtual_call}
  0x000002dfc7cd1924: c5f8 77e8 

  0x000002dfc7cd1928: ; ImmutableOopMap {rbp=Oop [32]=Oop [56]=Oop [64]=Oop [72]=Oop [92]=NarrowOop [104]=Oop }
                      ;*invokevirtual interrupt {reexecute=0 rethrow=0 return_oop=0}
                      ; - jdk.internal.loader.Resource::getBytes@236
                      ; - java.net.URLClassLoader::defineClass@179
                      ; - java.net.URLClassLoader$1::run@43
  0x000002dfc7cd1928: 54d1 56ff 

  0x000002dfc7cd192c: ;   {other}
  0x000002dfc7cd192c: 0f1f 8400 | 0000 0000 | 488b dde9 | 7d06 0000 | 4c8b d0e9 | 5501 0000 | 488b d844 | 8b58 084d 
  0x000002dfc7cd194c: 33d2 4f8d | 14da e960 | 0100 0048 | 8be8 488b | 5424 684c | 8b54 2448 | 4c89 5424 | 404c 8b54 
  0x000002dfc7cd196c: 2450 4c89 | 5424 4890 

  0x000002dfc7cd1974: ;   {static_call}
  0x000002dfc7cd1974: c5f8 77e8 

  0x000002dfc7cd1978: ; ImmutableOopMap {rbp=Oop [32]=Oop [56]=Oop [64]=Oop [72]=Oop [92]=NarrowOop [96]=Oop [112]=Oop [160]=Oop }
                      ;*invokestatic endInit {reexecute=0 rethrow=0 return_oop=0}
                      ; - java.util.jar.JarFile::ensureInitialization@53
                      ; - java.util.jar.JavaUtilJarAccessImpl::ensureInitialization@1
                      ; - jdk.internal.loader.URLClassPath$JarLoader$2::getManifest@10
                      ; - java.net.URLClassLoader::defineClass@34
                      ; - java.net.URLClassLoader$1::run@43
  0x000002dfc7cd1978: 04d7 56ff 

  0x000002dfc7cd197c: ;   {other}
  0x000002dfc7cd197c: 0f1f 8400 | 0000 0000 | 488b dde9 | 4f03 0000 | 488b d8e9 | 4703 0000 | 488b d8e9 | 3f03 0000 
  0x000002dfc7cd199c: 4c8b d0e9 | 5106 0000 | 488b d84c | 8b54 2438 | 4c89 5424 | 28e9 5706 | 0000 4c8b | d0e9 3706 
  0x000002dfc7cd19bc: 0000 488b | d8e9 da06 | 0000 488b | d8e9 d206 | 0000 488b | d8e9 ca06 | 0000 4c8b | d0e9 1706 
  0x000002dfc7cd19dc: 0000 4c8b | d0e9 0f06 | 0000 488b | d844 8b50 | 084d 33c0 | 4f8d 04d0 | 4889 6c24 | 28e9 0f06 
  0x000002dfc7cd19fc: 0000 4c8b | d0eb 034c | 8bd0 498b | da45 8b5a | 084d 33c0 | 4f8d 04d8 | 4c8b 5424 | 384c 8954 
  0x000002dfc7cd1a1c: 2428 e9ea | 0500 0048 | 8bd8 448b | 5808 4d33 | d24f 8d14 | dae9 7e03 | 0000 488b | d844 8b50 
  0x000002dfc7cd1a3c: 084d 33c0 | 4f8d 04d0 | e97b 0200 | 004c 8bd0 | e9a4 0500 | 0048 8bd8 | e972 0300 | 0048 8bd8 
  0x000002dfc7cd1a5c: e96a 0300 | 004c 8bd0 | eb03 4c8b | d049 8bda | e92f 0600 | 0044 8b48 | 084d 33c0 

  0x000002dfc7cd1a78: ;   {no_reloc}
  0x000002dfc7cd1a78: 4f8d 04c8 | 4d8b 5850 | 4c3b dd0f | 851b ffff | ff45 33c9 | e9be 0100 | 004c 8bd0 | eb03 4c8b 
  0x000002dfc7cd1a98: d049 8bda | e9ff 0500 | 004c 8bd0 | e94c 0500 | 0048 8bd8 | 448b 5808 | 4d33 d24f | 8d14 da4d 
  0x000002dfc7cd1ab8: ;   {metadata('java/io/InterruptedIOException')}
  0x000002dfc7cd1ab8: 8b5a 5049 | b810 5127 | 0001 0000 | 004d 3bd8 | 0f84 ced5 | ffff 4d8b 

  0x000002dfc7cd1ad0: ;   {metadata('java/io/IOException')}
  0x000002dfc7cd1ad0: 5248 49bb | 2848 0900 | 0100 0000 | 4d3b d30f | 85d4 0400 | 0044 8b5c | 2474 4585 | db0f 8457 
  0x000002dfc7cd1af0: 6fff ffe9 | aad5 ffff | 448b 4008 | 4d33 db4f | 8d1c c34d 

  0x000002dfc7cd1b04: ;   {metadata('java/io/InterruptedIOException')}
  0x000002dfc7cd1b04: 8b5b 5049 | b810 5127 | 0001 0000 | 004d 3bd8 | 753a 6690 

  0x000002dfc7cd1b18: ;   {static_call}
  0x000002dfc7cd1b18: c5f8 77e8 

  0x000002dfc7cd1b1c: ; ImmutableOopMap {[32]=Oop [40]=Oop [56]=Oop [64]=NarrowOop [68]=NarrowOop [72]=Oop [80]=Oop [92]=NarrowOop [104]=Oop [112]=NarrowOop }
                      ;*invokestatic interrupted {reexecute=0 rethrow=0 return_oop=0}
                      ; - jdk.internal.loader.Resource::getBytes@20
                      ; - java.net.URLClassLoader::defineClass@179
                      ; - java.net.URLClassLoader$1::run@43
  0x000002dfc7cd1b1c: 60d5 56ff 

  0x000002dfc7cd1b20: ;   {other}
  0x000002dfc7cd1b20: 0f1f 8400 | 0000 0000 | 4d8b 9750 

  0x000002dfc7cd1b2c: ; ImmutableOopMap {[32]=Oop [40]=Oop [56]=Oop [64]=NarrowOop [68]=NarrowOop [72]=Oop [80]=Oop [92]=NarrowOop [104]=Oop [112]=NarrowOop }
                      ;*goto {reexecute=1 rethrow=0 return_oop=0}
                      ; - (reexecute) jdk.internal.loader.Resource::getBytes@26
                      ; - java.net.URLClassLoader::defineClass@179
                      ; - java.net.URLClassLoader$1::run@43
                      ;   {poll}
  0x000002dfc7cd1b2c: 0400 0041 | 8502 41ba | 0100 0000 | 4c8b 4424 | 2848 8b4c | 2460 4c8b | 5c24 688b | 5c24 70e9 
  0x000002dfc7cd1b4c: 5d73 ffff | 488b d8e9 | 6104 0000 | 488b d8e9 | 4e03 0000 | 488b d8e9 | 7602 0000 | 488b d8e9 
  0x000002dfc7cd1b6c: 3e03 0000 | 4889 4424 | 2848 8b94 | 2480 0000 | 004c 8b54 | 2448 4c89 | 5424 404c | 8b54 2450 
  0x000002dfc7cd1b8c: 4c89 5424 | 4866 6690 

  0x000002dfc7cd1b94: ;   {static_call}
  0x000002dfc7cd1b94: c5f8 77e8 

  0x000002dfc7cd1b98: ; ImmutableOopMap {rbp=Oop [32]=Oop [40]=Oop [56]=Oop [64]=Oop [72]=Oop [92]=NarrowOop [104]=Oop }
                      ;*invokestatic end {reexecute=0 rethrow=0 return_oop=0}
                      ; - java.io.FileInputStream::open@19
                      ; - java.io.FileInputStream::<init>@96
                      ; - jdk.internal.loader.URLClassPath$FileLoader$1::getInputStream@8
                      ; - jdk.internal.loader.Resource::cachedInputStream@9
                      ; - jdk.internal.loader.Resource::getByteBuffer@1
                      ; - java.net.URLClassLoader::defineClass@132
                      ; - java.net.URLClassLoader$1::run@43
  0x000002dfc7cd1b98: e4d4 56ff 

  0x000002dfc7cd1b9c: ;   {other}
  0x000002dfc7cd1b9c: 0f1f 8400 | 0000 0000 | 488b 5c24 | 28e9 0003 | 0000 488b | d8e9 f802 | 0000 488b | d8e9 f002 
  0x000002dfc7cd1bbc: 0000 488b | d8e9 e802 | 0000 488b | d8e9 e002 | 0000 488b | d8e9 d802 | 0000 488b | d8e9 0002 
  0x000002dfc7cd1bdc: 0000 4889 | 4424 2848 | 8b54 2470 | 4c8b 5424 | 484c 8954 | 2440 4c8b | 5424 504c | 8954 2448 
  0x000002dfc7cd1bfc: ;   {static_call}
  0x000002dfc7cd1bfc: c5f8 77e8 

  0x000002dfc7cd1c00: ; ImmutableOopMap {rbp=Oop [32]=Oop [40]=Oop [56]=Oop [64]=Oop [72]=Oop [92]=NarrowOop [96]=Oop }
                      ;*invokestatic end {reexecute=0 rethrow=0 return_oop=0}
                      ; - java.io.FileInputStream::open@19
                      ; - java.io.FileInputStream::<init>@96
                      ; - jdk.internal.loader.URLClassPath$FileLoader$1::getInputStream@8
                      ; - jdk.internal.loader.Resource::cachedInputStream@9
                      ; - jdk.internal.loader.Resource::getBytes@1
                      ; - java.net.URLClassLoader::defineClass@179
                      ; - java.net.URLClassLoader$1::run@43
  0x000002dfc7cd1c00: 7cd4 56ff 

  0x000002dfc7cd1c04: ;   {other}
  0x000002dfc7cd1c04: 0f1f 8400 | 0000 0000 | 488b 5c24 | 28e9 c801 | 0000 488b | d8e9 c001 | 0000 488b | d8e9 b801 
  0x000002dfc7cd1c24: 0000 488b | d8e9 b001 | 0000 488b | d8e9 a801 | 0000 448b | 5808 4d33 | c04f 8d04 | d84d 8b58 
  0x000002dfc7cd1c44: 504c 3bdd | 755a 4c8b | 4c24 6048 | 8b54 2448 | 4c8b 8424 | a000 0000 | 488b 7c24 | 6848 8b6c 
  0x000002dfc7cd1c64: 2420 6690 

  0x000002dfc7cd1c68: ;   {optimized virtual_call}
  0x000002dfc7cd1c68: c5f8 77e8 

  0x000002dfc7cd1c6c: ; ImmutableOopMap {rbp=Oop [32]=Oop [40]=Oop [56]=Oop [64]=NarrowOop [68]=NarrowOop [72]=Oop [80]=Oop [92]=NarrowOop [160]=Oop }
                      ;*invokevirtual getAndVerifyPackage {reexecute=0 rethrow=0 return_oop=1}
                      ; - java.net.URLClassLoader::defineClass@97
                      ; - java.net.URLClassLoader$1::run@43
  0x000002dfc7cd1c6c: 10ce 56ff 

  0x000002dfc7cd1c70: ;   {other}
  0x000002dfc7cd1c70: 0f1f 8400 | 0000 0000 | 4885 c00f | 8478 0400 | 0048 8b7c | 2438 448b | 6c24 444c | 8b4c 2448 
  0x000002dfc7cd1c90: 488b 4c24 | 5044 8b44 | 2458 448b | 5424 5ce9 | b65e ffff | 488b d84c | 8b54 2438 | 4c89 5424 
  0x000002dfc7cd1cb0: 28e9 5703 | 0000 488b | d844 8b58 | 084d 33c0 | 4f8d 04d8 | 4d8b 5048 

  0x000002dfc7cd1cc8: ;   {metadata('java/io/IOException')}
  0x000002dfc7cd1cc8: 49bb 2848 | 0900 0100 | 0000 4d3b | d30f 8435 | 0400 004c | 8b5c 2470 | 488d 8424 | 5001 0000 
  0x000002dfc7cd1ce8: 4883 3800 | 0f84 7900 | 0000 4d8b | 1341 f6c2 | 020f 8462 | 0000 0049 | 83ba 8600 | 0000 0074 
  0x000002dfc7cd1d08: 0949 ff8a | 8600 0000 | eb4b 498b | 8296 0000 | 0049 0b82 | 8e00 0000 | 750a 49c7 | 423e 0000 
  0x000002dfc7cd1d28: 0000 eb3d | 4983 ba9e | 0000 0000 | 7422 4833 | c049 c742 | 3e00 0000 | 00f0 8304 | 2400 4983 
  0x000002dfc7cd1d48: ba9e 0000 | 0000 750d | f04d 0fb1 | 7a3e 7505 | 83c8 01eb | 0ca8 00eb | 084c 8b10 | f04d 0fb1 
  0x000002dfc7cd1d68: 1375 0a49 | ff8f 4805 | 0000 4533 | d20f 8424 | 0200 0049 | 8bcb 488d | 9424 5001 | 0000 4d8b 
  0x000002dfc7cd1d88: c7c5 f877 | 49ba 105a | 8037 f97f | 0000 41ff 

  0x000002dfc7cd1d98: ;   {other}
  0x000002dfc7cd1d98: d20f 1f84 | 0000 0000 | 00e9 f901 | 0000 488b | d844 8b40 | 084d 33d2 | 4f8d 14c2 | 4d8b 5248 
  0x000002dfc7cd1db8: ;   {metadata('java/io/IOException')}
  0x000002dfc7cd1db8: 49bb 2848 | 0900 0100 | 0000 4d3b | d30f 8491 | 0300 0044 | 8b53 084d | 33c0 4f8d | 04d0 e932 
  0x000002dfc7cd1dd8: 0200 0048 | 8bd8 4c8b | 5c24 6048 | 8d84 2450 | 0100 0048 | 8338 000f | 8479 0000 | 004d 8b13 
  0x000002dfc7cd1df8: 41f6 c202 | 0f84 6200 | 0000 4983 | ba86 0000 | 0000 7409 | 49ff 8a86 | 0000 00eb | 4b49 8b82 
  0x000002dfc7cd1e18: 9600 0000 | 490b 828e | 0000 0075 | 0a49 c742 | 3e00 0000 | 00eb 3d49 | 83ba 9e00 | 0000 0074 
  0x000002dfc7cd1e38: 2248 33c0 | 49c7 423e | 0000 0000 | f083 0424 | 0049 83ba | 9e00 0000 | 0075 0df0 | 4d0f b17a 
  0x000002dfc7cd1e58: 3e75 0583 | c801 eb0c | a800 eb08 | 4c8b 10f0 | 4d0f b113 | 750a 49ff | 8f48 0500 | 0045 33d2 
  0x000002dfc7cd1e78: 0f84 3b01 | 0000 488b | 4c24 6048 | 8d94 2450 | 0100 004d | 8bc7 c5f8 | 7749 ba10 | 5a80 37f9 
  0x000002dfc7cd1e98: 7f00 0041 

  0x000002dfc7cd1e9c: ;   {other}
  0x000002dfc7cd1e9c: ffd2 0f1f | 8400 0000 | 0000 e90e | 0100 0048 | 8bd8 4c8b | 5c24 384c | 895c 2428 | 488d 8424 
  0x000002dfc7cd1ebc: 5001 0000 | 4883 3800 | 0f84 7900 | 0000 4d8b | 1341 f6c2 | 020f 8462 | 0000 0049 | 83ba 8600 
  0x000002dfc7cd1edc: 0000 0074 | 0949 ff8a | 8600 0000 | eb4b 498b | 8296 0000 | 0049 0b82 | 8e00 0000 | 750a 49c7 
  0x000002dfc7cd1efc: 423e 0000 | 0000 eb3d | 4983 ba9e | 0000 0000 | 7422 4833 | c049 c742 | 3e00 0000 | 00f0 8304 
  0x000002dfc7cd1f1c: 2400 4983 | ba9e 0000 | 0000 750d | f04d 0fb1 | 7a3e 7505 | 83c8 01eb | 0ca8 00eb | 084c 8b10 
  0x000002dfc7cd1f3c: f04d 0fb1 | 1375 0a49 | ff8f 4805 | 0000 4533 | d20f 8579 | 0100 0044 | 8b5b 084d | 33c0 4f8d 
  0x000002dfc7cd1f5c: 04d8 e9aa | 0000 004c | 8bd0 e98a | 0000 004c | 8bd0 e982 | 0000 004c | 8bd0 eb7d | 4c8b d0eb 
  0x000002dfc7cd1f7c: 784c 8bd0 | eb73 488b | d844 8b50 | 084d 33c0 | 4f8d 04d0 | 4c8b 5424 | 384c 8954 | 2428 eb71 
  0x000002dfc7cd1f9c: ;   {no_reloc}
  0x000002dfc7cd1f9c: 488b d844 | 8b5b 084d | 33c0 4f8d | 04d8 4c8b | 5424 384c | 8954 2428 | eb57 488b | d844 8b5b 
  0x000002dfc7cd1fbc: 084d 33c0 | 4f8d 04d8 | 4c8b 5424 | 384c 8954 | 2428 eb3d | 4c8b d0eb | 034c 8bd0 | 498b da45 
  0x000002dfc7cd1fdc: 8b5a 084d | 33c0 4f8d | 04d8 4c8b | 5424 384c | 8954 2428 | eb1b 4c8b | d049 8bda | 458b 5208 
  0x000002dfc7cd1ffc: 4d33 c04f | 8d04 d04c | 8b54 2438 | 4c89 5424 | 284d 8b50 

  0x000002dfc7cd2010: ;   {metadata('java/io/IOException')}
  0x000002dfc7cd2010: 4849 bb28 | 4809 0001 | 0000 004d | 3bd3 0f84 | 8f00 0000 | 4d8b 5050 

  0x000002dfc7cd2028: ;   {metadata('java/lang/ClassFormatError')}
  0x000002dfc7cd2028: 49bb c8e2 | 2700 0100 | 0000 4d3b | d375 6948 | 8beb 488b | 5424 2866 | 6690 c5f8 | 7748 b8ff 
  0x000002dfc7cd2048: ffff ffff 

  0x000002dfc7cd204c: ;   {virtual_call}
  0x000002dfc7cd204c: ffff ffe8 

  0x000002dfc7cd2050: ; ImmutableOopMap {rbp=Oop [40]=Oop }
                      ;*invokevirtual getDataError {reexecute=0 rethrow=0 return_oop=1}
                      ; - java.net.URLClassLoader$1::run@63
  0x000002dfc7cd2050: 2ccd 56ff 

  0x000002dfc7cd2054: ;   {other}
  0x000002dfc7cd2054: 0f1f 8400 | 0000 0000 | 4885 c074 | 3748 8b54 | 2428 c5f8 | 7748 b8ff | ffff ffff 

  0x000002dfc7cd2070: ;   {virtual_call}
  0x000002dfc7cd2070: ffff ffe8 

  0x000002dfc7cd2074: ; ImmutableOopMap {rbp=Oop }
                      ;*invokevirtual getDataError {reexecute=0 rethrow=0 return_oop=1}
                      ; - java.net.URLClassLoader$1::run@71
  0x000002dfc7cd2074: 08cd 56ff 

  0x000002dfc7cd2078: ;   {other}
  0x000002dfc7cd2078: 0f1f 8400 | 0000 0000 | 488b d54c | 8bc0 6690 

  0x000002dfc7cd2088: ;   {optimized virtual_call}
  0x000002dfc7cd2088: c5f8 77e8 

  0x000002dfc7cd208c: ; ImmutableOopMap {rbp=Oop }
                      ;*invokevirtual addSuppressed {reexecute=0 rethrow=0 return_oop=0}
                      ; - java.net.URLClassLoader$1::run@74
  0x000002dfc7cd208c: f0c9 56ff 

  0x000002dfc7cd2090: ;   {other}
  0x000002dfc7cd2090: 0f1f 8400 | 0000 0000 | 488b d5eb | 0648 8bd8 | 488b d3c5 | f877 4881 | c470 0100 

  0x000002dfc7cd20ac: ;   {runtime_call _rethrow_Java}
  0x000002dfc7cd20ac: 005d e9cd | dd59 ff48 | 8beb ba2f | 0000 0090 

  0x000002dfc7cd20bc: ;   {runtime_call UncommonTrapBlob}
  0x000002dfc7cd20bc: c5f8 77e8 

  0x000002dfc7cd20c0: ; ImmutableOopMap {rbp=Oop [32]=Oop }
                      ;*new {reexecute=0 rethrow=0 return_oop=0}
                      ; - java.net.URLClassLoader$1::run@48
  0x000002dfc7cd20c0: 3c25 57ff 

  0x000002dfc7cd20c4: ;   {other}
  0x000002dfc7cd20c4: 0f1f 8400 | 0000 0000 | 488b 4c24 | 3848 8d94 | 2450 0100 | 004d 8bc7 | c5f8 7749 | ba10 5a80 
  0x000002dfc7cd20e4: 37f9 7f00 | 0041 ffd2 

  0x000002dfc7cd20ec: ;   {other}
  0x000002dfc7cd20ec: 0f1f 8400 | 0000 0000 | e95a feff | ffba fd00 | 0000 6690 

  0x000002dfc7cd2100: ;   {runtime_call UncommonTrapBlob}
  0x000002dfc7cd2100: c5f8 77e8 

  0x000002dfc7cd2104: ; ImmutableOopMap {rbp=Oop [56]=Oop [160]=Oop }
                      ;*new {reexecute=0 rethrow=0 return_oop=0}
                      ; - java.net.URLClassLoader::defineClass@103
                      ; - java.net.URLClassLoader$1::run@43
  0x000002dfc7cd2104: f824 57ff 

  0x000002dfc7cd2108: ;   {other}
  0x000002dfc7cd2108: 0f1f 8400 | 0000 0000 | 488b ebba | f201 0000 | 4c8b 5424 | 384c 8954 | 2428 448b | 5c24 4044 
  0x000002dfc7cd2128: 895c 2438 | 448b 5424 | 4444 8954 | 243c 4c8b | 5424 604c | 8954 2440 | 448b 5424 | 5c44 8954 
  0x000002dfc7cd2148: 2448 6690 

  0x000002dfc7cd214c: ;   {runtime_call UncommonTrapBlob}
  0x000002dfc7cd214c: c5f8 77e8 

  0x000002dfc7cd2150: ; ImmutableOopMap {rbp=Oop [32]=Oop [40]=Oop [56]=NarrowOop [60]=NarrowOop [64]=Oop [72]=NarrowOop [104]=NarrowOop [160]=Oop }
                      ;*new {reexecute=0 rethrow=0 return_oop=0}
                      ; - java.util.jar.JarFile::ensureInitialization@8
                      ; - java.util.jar.JavaUtilJarAccessImpl::ensureInitialization@1
                      ; - jdk.internal.loader.URLClassPath$JarLoader$2::getManifest@10
                      ; - java.net.URLClassLoader::defineClass@34
                      ; - java.net.URLClassLoader$1::run@43
  0x000002dfc7cd2150: ac24 57ff 

  0x000002dfc7cd2154: ;   {other}
  0x000002dfc7cd2154: 0f1f 8400 | 0000 0000 | 488b ebba | 2a00 0000 | 448b 5c24 | 4044 895c | 2438 6690 

  0x000002dfc7cd2170: ;   {runtime_call UncommonTrapBlob}
  0x000002dfc7cd2170: c5f8 77e8 

  0x000002dfc7cd2174: ; ImmutableOopMap {rbp=Oop [32]=Oop [40]=Oop [56]=NarrowOop [68]=NarrowOop [92]=NarrowOop [128]=Oop }
                      ;*new {reexecute=0 rethrow=0 return_oop=0}
                      ; - java.util.jar.JarFile$JarFileEntry::getCodeSigners@11
                      ; - jdk.internal.loader.URLClassPath$JarLoader$2::getCodeSigners@4
                      ; - java.net.URLClassLoader::defineClass@185
                      ; - java.net.URLClassLoader$1::run@43
  0x000002dfc7cd2174: 8824 57ff 

  0x000002dfc7cd2178: ;   {other}
  0x000002dfc7cd2178: 0f1f 8400 | 0000 0000 

  0x000002dfc7cd2180: ;   {internal_word}
  0x000002dfc7cd2180: 49ba 0275 | ccc7 df02 | 0000 4d89 | 9760 0400 

  0x000002dfc7cd2190: ;   {runtime_call SafepointBlob}
  0x000002dfc7cd2190: 00e9 6a35 

  0x000002dfc7cd2194: ;   {runtime_call StubRoutines (final stubs)}
  0x000002dfc7cd2194: 57ff e885 | 7955 ffe9 | de48 ffff 
[Stub Code]
  0x000002dfc7cd21a0: ;   {no_reloc}
  0x000002dfc7cd21a0: 48bb 0000 | 0000 0000 

  0x000002dfc7cd21a8: ;   {runtime_call nmethod}
  0x000002dfc7cd21a8: 0000 e9fb 

  0x000002dfc7cd21ac: ;   {static_stub}
  0x000002dfc7cd21ac: ffff ff48 | bb00 0000 | 0000 0000 

  0x000002dfc7cd21b8: ;   {runtime_call nmethod}
  0x000002dfc7cd21b8: 00e9 fbff 

  0x000002dfc7cd21bc: ;   {static_stub}
  0x000002dfc7cd21bc: ffff 48bb | 0000 0000 | 0000 0000 

  0x000002dfc7cd21c8: ;   {runtime_call nmethod}
  0x000002dfc7cd21c8: e9fb ffff 

  0x000002dfc7cd21cc: ;   {static_stub}
  0x000002dfc7cd21cc: ff48 bbb8 | ef52 d4df 

  0x000002dfc7cd21d4: ;   {runtime_call I2C/C2I adapters}
  0x000002dfc7cd21d4: 0200 00e9 | 7e12 57ff 

  0x000002dfc7cd21dc: ;   {static_stub}
  0x000002dfc7cd21dc: 48bb 0000 | 0000 0000 

  0x000002dfc7cd21e4: ;   {runtime_call nmethod}
  0x000002dfc7cd21e4: 0000 e9fb 

  0x000002dfc7cd21e8: ;   {static_stub}
  0x000002dfc7cd21e8: ffff ff48 | bb00 0000 | 0000 0000 

  0x000002dfc7cd21f4: ;   {runtime_call nmethod}
  0x000002dfc7cd21f4: 00e9 fbff 

  0x000002dfc7cd21f8: ;   {static_stub}
  0x000002dfc7cd21f8: ffff 48bb | 0000 0000 | 0000 0000 

  0x000002dfc7cd2204: ;   {runtime_call nmethod}
  0x000002dfc7cd2204: e9fb ffff 

  0x000002dfc7cd2208: ;   {static_stub}
  0x000002dfc7cd2208: ff48 bb00 | 0000 0000 

  0x000002dfc7cd2210: ;   {runtime_call nmethod}
  0x000002dfc7cd2210: 0000 00e9 | fbff ffff 

  0x000002dfc7cd2218: ;   {static_stub}
  0x000002dfc7cd2218: 48bb 0000 | 0000 0000 

  0x000002dfc7cd2220: ;   {runtime_call nmethod}
  0x000002dfc7cd2220: 0000 e9fb 

  0x000002dfc7cd2224: ;   {static_stub}
  0x000002dfc7cd2224: ffff ff48 | bb00 0000 | 0000 0000 

  0x000002dfc7cd2230: ;   {runtime_call nmethod}
  0x000002dfc7cd2230: 00e9 fbff 

  0x000002dfc7cd2234: ;   {static_stub}
  0x000002dfc7cd2234: ffff 48bb | 0000 0000 | 0000 0000 

  0x000002dfc7cd2240: ;   {runtime_call nmethod}
  0x000002dfc7cd2240: e9fb ffff 

  0x000002dfc7cd2244: ;   {static_stub}
  0x000002dfc7cd2244: ff48 bb00 | 0000 0000 

  0x000002dfc7cd224c: ;   {runtime_call nmethod}
  0x000002dfc7cd224c: 0000 00e9 | fbff ffff 

  0x000002dfc7cd2254: ;   {static_stub}
  0x000002dfc7cd2254: 48bb 0000 | 0000 0000 

  0x000002dfc7cd225c: ;   {runtime_call nmethod}
  0x000002dfc7cd225c: 0000 e9fb 

  0x000002dfc7cd2260: ;   {static_stub}
  0x000002dfc7cd2260: ffff ff48 | bb00 0000 | 0000 0000 

  0x000002dfc7cd226c: ;   {runtime_call nmethod}
  0x000002dfc7cd226c: 00e9 fbff 

  0x000002dfc7cd2270: ;   {static_stub}
  0x000002dfc7cd2270: ffff 48bb | 0000 0000 | 0000 0000 

  0x000002dfc7cd227c: ;   {runtime_call nmethod}
  0x000002dfc7cd227c: e9fb ffff 

  0x000002dfc7cd2280: ;   {static_stub}
  0x000002dfc7cd2280: ff48 bb00 | 0000 0000 

  0x000002dfc7cd2288: ;   {runtime_call nmethod}
  0x000002dfc7cd2288: 0000 00e9 | fbff ffff 

  0x000002dfc7cd2290: ;   {static_stub}
  0x000002dfc7cd2290: 48bb 0000 | 0000 0000 

  0x000002dfc7cd2298: ;   {runtime_call nmethod}
  0x000002dfc7cd2298: 0000 e9fb 

  0x000002dfc7cd229c: ;   {static_stub}
  0x000002dfc7cd229c: ffff ff48 | bb00 0000 | 0000 0000 

  0x000002dfc7cd22a8: ;   {runtime_call nmethod}
  0x000002dfc7cd22a8: 00e9 fbff 

  0x000002dfc7cd22ac: ;   {static_stub}
  0x000002dfc7cd22ac: ffff 48bb | 0000 0000 | 0000 0000 

  0x000002dfc7cd22b8: ;   {runtime_call nmethod}
  0x000002dfc7cd22b8: e9fb ffff 

  0x000002dfc7cd22bc: ;   {static_stub}
  0x000002dfc7cd22bc: ff48 bb00 | 0000 0000 

  0x000002dfc7cd22c4: ;   {runtime_call nmethod}
  0x000002dfc7cd22c4: 0000 00e9 | fbff ffff 

  0x000002dfc7cd22cc: ;   {static_stub}
  0x000002dfc7cd22cc: 48bb 0000 | 0000 0000 

  0x000002dfc7cd22d4: ;   {runtime_call nmethod}
  0x000002dfc7cd22d4: 0000 e9fb 

  0x000002dfc7cd22d8: ;   {static_stub}
  0x000002dfc7cd22d8: ffff ff48 | bb00 0000 | 0000 0000 

  0x000002dfc7cd22e4: ;   {runtime_call nmethod}
  0x000002dfc7cd22e4: 00e9 fbff 

  0x000002dfc7cd22e8: ;   {static_stub}
  0x000002dfc7cd22e8: ffff 48bb | 0000 0000 | 0000 0000 

  0x000002dfc7cd22f4: ;   {runtime_call nmethod}
  0x000002dfc7cd22f4: e9fb ffff 

  0x000002dfc7cd22f8: ;   {static_stub}
  0x000002dfc7cd22f8: ff48 bb70 | 8059 d4df 

  0x000002dfc7cd2300: ;   {runtime_call I2C/C2I adapters}
  0x000002dfc7cd2300: 0200 00e9 | cebb 56ff 

  0x000002dfc7cd2308: ;   {static_stub}
  0x000002dfc7cd2308: 48bb d076 | 59d4 df02 

  0x000002dfc7cd2310: ;   {runtime_call I2C/C2I adapters}
  0x000002dfc7cd2310: 0000 e943 

  0x000002dfc7cd2314: ;   {static_stub}
  0x000002dfc7cd2314: 1157 ff48 | bb20 8159 | d4df 0200 

  0x000002dfc7cd2320: ;   {runtime_call I2C/C2I adapters}
  0x000002dfc7cd2320: 00e9 3411 

  0x000002dfc7cd2324: ;   {static_stub}
  0x000002dfc7cd2324: 57ff 48bb | 0000 0000 | 0000 0000 

  0x000002dfc7cd2330: ;   {runtime_call nmethod}
  0x000002dfc7cd2330: e9fb ffff 

  0x000002dfc7cd2334: ;   {static_stub}
  0x000002dfc7cd2334: ff48 bb00 | 0000 0000 

  0x000002dfc7cd233c: ;   {runtime_call nmethod}
  0x000002dfc7cd233c: 0000 00e9 | fbff ffff 

  0x000002dfc7cd2344: ;   {static_stub}
  0x000002dfc7cd2344: 48bb 0000 | 0000 0000 

  0x000002dfc7cd234c: ;   {runtime_call nmethod}
  0x000002dfc7cd234c: 0000 e9fb 

  0x000002dfc7cd2350: ;   {static_stub}
  0x000002dfc7cd2350: ffff ff48 | bb00 0000 | 0000 0000 

  0x000002dfc7cd235c: ;   {runtime_call nmethod}
  0x000002dfc7cd235c: 00e9 fbff 

  0x000002dfc7cd2360: ;   {static_stub}
  0x000002dfc7cd2360: ffff 48bb | 0000 0000 | 0000 0000 

  0x000002dfc7cd236c: ;   {runtime_call nmethod}
  0x000002dfc7cd236c: e9fb ffff 

  0x000002dfc7cd2370: ;   {static_stub}
  0x000002dfc7cd2370: ff48 bb00 | 0000 0000 

  0x000002dfc7cd2378: ;   {runtime_call nmethod}
  0x000002dfc7cd2378: 0000 00e9 | fbff ffff 

  0x000002dfc7cd2380: ;   {static_stub}
  0x000002dfc7cd2380: 48bb 0000 | 0000 0000 

  0x000002dfc7cd2388: ;   {runtime_call nmethod}
  0x000002dfc7cd2388: 0000 e9fb 

  0x000002dfc7cd238c: ;   {static_stub}
  0x000002dfc7cd238c: ffff ff48 | bb00 0000 | 0000 0000 

  0x000002dfc7cd2398: ;   {runtime_call nmethod}
  0x000002dfc7cd2398: 00e9 fbff 

  0x000002dfc7cd239c: ;   {static_stub}
  0x000002dfc7cd239c: ffff 48bb | 0000 0000 | 0000 0000 

  0x000002dfc7cd23a8: ;   {runtime_call nmethod}
  0x000002dfc7cd23a8: e9fb ffff 

  0x000002dfc7cd23ac: ;   {static_stub}
  0x000002dfc7cd23ac: ff48 bb00 | 0000 0000 

  0x000002dfc7cd23b4: ;   {runtime_call nmethod}
  0x000002dfc7cd23b4: 0000 00e9 | fbff ffff 

  0x000002dfc7cd23bc: ;   {static_stub}
  0x000002dfc7cd23bc: 48bb 0000 | 0000 0000 

  0x000002dfc7cd23c4: ;   {runtime_call nmethod}
  0x000002dfc7cd23c4: 0000 e9fb 

  0x000002dfc7cd23c8: ;   {static_stub}
  0x000002dfc7cd23c8: ffff ff48 | bb00 0000 | 0000 0000 

  0x000002dfc7cd23d4: ;   {runtime_call nmethod}
  0x000002dfc7cd23d4: 00e9 fbff 

  0x000002dfc7cd23d8: ;   {static_stub}
  0x000002dfc7cd23d8: ffff 48bb | 0000 0000 | 0000 0000 

  0x000002dfc7cd23e4: ;   {runtime_call nmethod}
  0x000002dfc7cd23e4: e9fb ffff 

  0x000002dfc7cd23e8: ;   {static_stub}
  0x000002dfc7cd23e8: ff48 bb00 | 0000 0000 

  0x000002dfc7cd23f0: ;   {runtime_call nmethod}
  0x000002dfc7cd23f0: 0000 00e9 | fbff ffff 

  0x000002dfc7cd23f8: ;   {static_stub}
  0x000002dfc7cd23f8: 48bb 0000 | 0000 0000 

  0x000002dfc7cd2400: ;   {runtime_call nmethod}
  0x000002dfc7cd2400: 0000 e9fb 

  0x000002dfc7cd2404: ;   {static_stub}
  0x000002dfc7cd2404: ffff ff48 | bb00 0000 | 0000 0000 

  0x000002dfc7cd2410: ;   {runtime_call nmethod}
  0x000002dfc7cd2410: 00e9 fbff 

  0x000002dfc7cd2414: ;   {static_stub}
  0x000002dfc7cd2414: ffff 48bb | 0000 0000 | 0000 0000 

  0x000002dfc7cd2420: ;   {runtime_call nmethod}
  0x000002dfc7cd2420: e9fb ffff 

  0x000002dfc7cd2424: ;   {static_stub}
  0x000002dfc7cd2424: ff48 bb00 | 0000 0000 

  0x000002dfc7cd242c: ;   {runtime_call nmethod}
  0x000002dfc7cd242c: 0000 00e9 | fbff ffff 

  0x000002dfc7cd2434: ;   {static_stub}
  0x000002dfc7cd2434: 48bb 0000 | 0000 0000 

  0x000002dfc7cd243c: ;   {runtime_call nmethod}
  0x000002dfc7cd243c: 0000 e9fb 

  0x000002dfc7cd2440: ;   {static_stub}
  0x000002dfc7cd2440: ffff ff48 | bb00 0000 | 0000 0000 

  0x000002dfc7cd244c: ;   {runtime_call nmethod}
  0x000002dfc7cd244c: 00e9 fbff 

  0x000002dfc7cd2450: ;   {static_stub}
  0x000002dfc7cd2450: ffff 48bb | 0000 0000 | 0000 0000 

  0x000002dfc7cd245c: ;   {runtime_call nmethod}
  0x000002dfc7cd245c: e9fb ffff 

  0x000002dfc7cd2460: ;   {runtime_call ExceptionBlob}
  0x000002dfc7cd2460: ffe9 1ac0 | 59ff e800 | 0000 0048 | 832c 2405 

  0x000002dfc7cd2470: ;   {runtime_call DeoptimizationBlob}
  0x000002dfc7cd2470: e92b 2557 | fff4 f4f4 
[/MachCode]


Compiled method (c2) 288831 5239   !   4       java.lang.ClassLoader::loadClass (121 bytes)
 total in heap  [0x000002dfc7a1b510,0x000002dfc7a1d980] = 9328
 relocation     [0x000002dfc7a1b670,0x000002dfc7a1b7d0] = 352
 main code      [0x000002dfc7a1b7e0,0x000002dfc7a1ca28] = 4680
 stub code      [0x000002dfc7a1ca28,0x000002dfc7a1ca88] = 96
 oops           [0x000002dfc7a1ca88,0x000002dfc7a1cac8] = 64
 metadata       [0x000002dfc7a1cac8,0x000002dfc7a1ccb8] = 496
 scopes data    [0x000002dfc7a1ccb8,0x000002dfc7a1d4b0] = 2040
 scopes pcs     [0x000002dfc7a1d4b0,0x000002dfc7a1d7b0] = 768
 dependencies   [0x000002dfc7a1d7b0,0x000002dfc7a1d850] = 160
 handler table  [0x000002dfc7a1d850,0x000002dfc7a1d940] = 240
 nul chk table  [0x000002dfc7a1d940,0x000002dfc7a1d980] = 64

[Constant Pool (empty)]

[MachCode]
[Entry Point]
  # {method} {0x000002dfd40243b0} 'loadClass' '(Ljava/lang/String;Z)Ljava/lang/Class;' in 'java/lang/ClassLoader'
  # this:     rdx:rdx   = 'java/lang/ClassLoader'
  # parm0:    r8:r8     = 'java/lang/String'
  # parm1:    r9        = boolean
  #           [sp+0xa0]  (sp of caller)
  0x000002dfc7a1b7e0: 448b 5208 | 49c1 e203 

  0x000002dfc7a1b7e8: ;   {runtime_call ic_miss_stub}
  0x000002dfc7a1b7e8: 493b c20f | 858f 2f82 | ff66 6690 | 660f 1f44 | 0000 660f | 1f44 0000 
[Verified Entry Point]
  0x000002dfc7a1b800: 8984 2400 | 80ff ff55 | 4881 ec90 | 0000 0090 | 4181 7f20 | 3000 0000 | 0f85 0012 | 0000 4489 
  0x000002dfc7a1b820: 4c24 284c | 8944 2440 | 4889 5424 | 4844 8b5a | 2845 85db | 0f84 f109 | 0000 498b | 87b8 0100 
  0x000002dfc7a1b840: 004c 8bd0 | 4983 c210 | 4d3b 97c8 | 0100 000f | 83e0 0900 | 004d 8997 | b801 0000 | 410f 1882 
  0x000002dfc7a1b860: 0001 0000 | 48c7 0001 

  0x000002dfc7a1b868: ;   {metadata('java/lang/Object')}
  0x000002dfc7a1b868: 0000 00c7 | 4008 4982 | 0020 4489 | 600c 4489 | 5c24 2c48 | 8be8 448b | 5c24 2c49 | 8bd3 bf01 
  0x000002dfc7a1b888: 0000 004c | 8b44 2440 | 4c8b cd90 

  0x000002dfc7a1b894: ;   {optimized virtual_call}
  0x000002dfc7a1b894: c5f8 77e8 

  0x000002dfc7a1b898: ; ImmutableOopMap {rbp=Oop [64]=Oop [72]=Oop }
                      ;*invokevirtual putVal {reexecute=0 rethrow=0 return_oop=1}
                      ; - java.util.concurrent.ConcurrentHashMap::putIfAbsent@4
                      ; - java.lang.ClassLoader::getClassLoadingLock@23
                      ; - java.lang.ClassLoader::loadClass@2
  0x000002dfc7a1b898: a46f a600 

  0x000002dfc7a1b89c: ;   {other}
  0x000002dfc7a1b89c: 0f1f 8400 | 8c03 0000 | 4885 c00f | 856d 0900 | 0048 896c | 2458 488d | 5c24 704c | 8b5c 2458 
  0x000002dfc7a1b8bc: 498b 03a8 | 020f 8523 | 0000 0048 | 83c8 0148 | 8903 f049 | 0fb1 1b0f | 8437 0000 | 0048 2bc4 
  0x000002dfc7a1b8dc: 4825 07f0 | ffff 4889 | 03e9 2400 | 0000 4c8b | d048 33c0 | f04d 0fb1 | 7a3e 48c7 | 0303 0000 
  0x000002dfc7a1b8fc: 0074 114c | 3bf8 7515 | 49ff 8286 | 0000 0048 | 33c0 7509 | 49ff 8748 | 0500 0033 | c00f 858e 
  0x000002dfc7a1b91c: 0900 004c | 8b54 2440 

  0x000002dfc7a1b924: ; implicit exception: dispatches to 0x000002dfc7a1c864
  0x000002dfc7a1b924: 458b 4214 

  0x000002dfc7a1b928: ; implicit exception: dispatches to 0x000002dfc7a1c849
  0x000002dfc7a1b928: 418b 680c | 85ed 0f86 | 9d09 0000 | 450f be52 | 1045 85d2 | 0f85 340a | 0000 c462 | 2af7 d544 
  0x000002dfc7a1b948: 3bd5 440f | 4fd5 4d8b | d84d 8d58 | 1045 85d2 | 0f8e d000 | 0000 413b | ea0f 82ad | 0900 00b8 
  0x000002dfc7a1b968: 2f00 0000 | 498b fb41 | 8bd2 488b | df83 fa10 | 0f8c 7900 | 0000 83fa | 200f 8c36 | 0000 00c5 
  0x000002dfc7a1b988: f96e c8c4 | e27d 78c9 | c5fd efc0 | 8bca 83e1 

  0x000002dfc7a1b998: ;   {no_reloc}
  0x000002dfc7a1b998: e083 e21f | c5fe 6f13 | c5ed 74d1 | c4e2 7d17 | c20f 8369 | 0000 0048 | 83c3 2083 | e920 75e4 
  0x000002dfc7a1b9b8: e90d 0000 | 00c5 f96e | c8c5 f9ef | c0c4 e271 | 00c8 83fa | 100f 8c24 | 0000 008b | ca83 e1f0 
  0x000002dfc7a1b9d8: 83e2 0fc5 | fa6f 13c5 | e974 d1c4 | e279 17c2 | 0f83 2a00 | 0000 4883 | c310 83e9 | 1075 e485 
  0x000002dfc7a1b9f8: d20f 8412 | 0000 000f | b60b 3bc1 | 741c 4883 | c301 83ea | 0174 02eb | eebb ffff | ffff eb0d 
  0x000002dfc7a1ba18: c5fd d7ca | 0fbc c148 | 03d8 482b | df83 fbff | 0f85 7a09 | 0000 85ed | 0f86 ba08 | 0000 410f 
  0x000002dfc7a1ba38: b62b 83fd | 5b0f 848d | 0900 0048 | 8b54 2448 | 4c8b 4424 | 4066 6690 

  0x000002dfc7a1ba50: ;   {optimized virtual_call}
  0x000002dfc7a1ba50: c5f8 77e8 

  0x000002dfc7a1ba54: ; ImmutableOopMap {[64]=Oop [72]=Oop [88]=Oop }
                      ;*invokevirtual findLoadedClass0 {reexecute=0 rethrow=0 return_oop=1}
                      ; - java.lang.ClassLoader::findLoadedClass@11
                      ; - java.lang.ClassLoader::loadClass@10
  0x000002dfc7a1ba54: 80da d7ff 

  0x000002dfc7a1ba58: ;   {other}
  0x000002dfc7a1ba58: 0f1f 8400 | 4805 0001 | 4889 4424 | 6848 85c0 | 0f85 e306 | 0000 c5f8 | 7749 ba30 | a779 37f9 
  0x000002dfc7a1ba78: 7f00 0041 

  0x000002dfc7a1ba7c: ;   {other}
  0x000002dfc7a1ba7c: ffd2 0f1f | 8400 0000 | 0000 4889 | 4424 384c | 8b54 2448 | 418b 6a18 | 85ed 0f84 | 5409 0000 
  0x000002dfc7a1ba9c: 488b d54c | 8b44 2440 | 4533 c966 | 6690 c5f8 | 7748 b8ff | ffff ffff 

  0x000002dfc7a1bab4: ;   {virtual_call}
  0x000002dfc7a1bab4: ffff ffe8 

  0x000002dfc7a1bab8: ; ImmutableOopMap {[64]=Oop [72]=Oop [88]=Oop }
                      ;*invokevirtual loadClass {reexecute=0 rethrow=0 return_oop=1}
                      ; - java.lang.ClassLoader::loadClass@38
  0x000002dfc7a1bab8: dcf9 8eff 

  0x000002dfc7a1babc: ;   {other}
  0x000002dfc7a1babc: 0f1f 8400 | ac05 0002 | 4889 4424 | 6848 85c0 | 0f85 7f06 | 0000 c5f8 | 7749 ba30 | a779 37f9 
  0x000002dfc7a1badc: 7f00 0041 

  0x000002dfc7a1bae0: ;   {other}
  0x000002dfc7a1bae0: ffd2 0f1f | 8400 0000 | 0000 4889 | 4424 304c | 8b54 2448 | 458b 5a08 

  0x000002dfc7a1baf8: ;   {metadata('org/gradle/internal/classloader/VisitableURLClassLoader')}
  0x000002dfc7a1baf8: 4181 fb42 | 8601 200f | 85bf 0100 | 004c 8954 | 2460 498b | 87b8 0100 | 004c 8bd0 | 4983 c218 
  0x000002dfc7a1bb18: 4d3b 97c8 | 0100 000f | 8340 0700 | 004d 8997 | b801 0000 | 410f 1882 | 0001 0000 | 48c7 0001 
  0x000002dfc7a1bb38: ;   {metadata('java/net/URLClassLoader$1')}
  0x000002dfc7a1bb38: 0000 00c7 | 4008 ea45 | 0120 4489 | 6014 4c8b | 5424 404d | 8bda 4489 | 580c 4c8b | 5424 604d 
  0x000002dfc7a1bb58: 8bda 4489 | 5810 4889 | 4424 5045 | 8b5a 5845 | 85db 0f84 | b406 0000 | 498b eb48 | 8bd5 6690 
  0x000002dfc7a1bb78: ;   {static_call}
  0x000002dfc7a1bb78: c5f8 77e8 

  0x000002dfc7a1bb7c: ; ImmutableOopMap {rbp=Oop [64]=Oop [72]=Oop [80]=Oop [88]=Oop [96]=Oop }
                      ;*invokestatic ensureMaterializedForStackWalk {reexecute=0 rethrow=0 return_oop=0}
                      ; - java.security.AccessController::executePrivileged@5
                      ; - java.security.AccessController::doPrivileged@13
                      ; - java.net.URLClassLoader::findClass@13
                      ; - java.lang.ClassLoader::loadClass@69
  0x000002dfc7a1bb7c: 5875 daff 

  0x000002dfc7a1bb80: ;   {other}
  0x000002dfc7a1bb80: 0f1f 8400 | 7006 0003 | 488b 5424 | 5066 6690 

  0x000002dfc7a1bb90: ;   {optimized virtual_call}
  0x000002dfc7a1bb90: c5f8 77e8 

  0x000002dfc7a1bb94: ; ImmutableOopMap {rbp=Oop [64]=Oop [72]=Oop [88]=Oop [96]=Oop }
                      ;*invokevirtual run {reexecute=0 rethrow=0 return_oop=1}
                      ; - java.net.URLClassLoader$1::run@1
                      ; - java.security.AccessController::executePrivileged@29
                      ; - java.security.AccessController::doPrivileged@13
                      ; - java.net.URLClassLoader::findClass@13
                      ; - java.lang.ClassLoader::loadClass@69
  0x000002dfc7a1bb94: c8ae 2a00 

  0x000002dfc7a1bb98: ;   {other}
  0x000002dfc7a1bb98: 0f1f 8400 | 8806 0004 | 4889 4424 | 6848 85c0 | 0f85 4301 | 0000 498b | 87b8 0100 | 004c 8bd0 
  0x000002dfc7a1bbb8: 4983 c228 | 4d3b 97c8 | 0100 000f | 83c0 0600 | 004d 8997 | b801 0000 | 410f 1882 | 0001 0000 
  0x000002dfc7a1bbd8: 48c7 0001 

  0x000002dfc7a1bbdc: ;   {metadata('java/lang/ClassNotFoundException')}
  0x000002dfc7a1bbdc: 0000 00c7 | 4008 d489 | 0020 4489 | 600c 4c89 | 6010 4c89 | 6018 4c89 | 6020 488b | e848 8bd5 
  0x000002dfc7a1bbfc: 4c8b 4424 | 4066 6690 

  0x000002dfc7a1bc04: ;   {optimized virtual_call}
  0x000002dfc7a1bc04: c5f8 77e8 

  0x000002dfc7a1bc08: ; ImmutableOopMap {rbp=Oop [88]=Oop [96]=Oop }
                      ;*invokespecial <init> {reexecute=0 rethrow=0 return_oop=0}
                      ; - java.net.URLClassLoader::findClass@41
                      ; - java.lang.ClassLoader::loadClass@69
  0x000002dfc7a1bc08: 7489 ecff 

  0x000002dfc7a1bc0c: ;   {other}
  0x000002dfc7a1bc0c: 0f1f 8400 | fc06 0005 | 488d 4424 | 704c 8b5c | 2458 4883 | 3800 0f84 | 7900 0000 | 4d8b 1341 
  0x000002dfc7a1bc2c: f6c2 020f | 8462 0000 | 0049 83ba | 8600 0000 | 0074 0949 | ff8a 8600 | 0000 eb4b | 498b 8296 
  0x000002dfc7a1bc4c: 0000 0049 | 0b82 8e00 | 0000 750a | 49c7 423e | 0000 0000 | eb3d 4983 | ba9e 0000 | 0000 7422 
  0x000002dfc7a1bc6c: 4833 c049 | c742 3e00 | 0000 00f0 | 8304 2400 | 4983 ba9e | 0000 0000 | 750d f04d | 0fb1 7a3e 
  0x000002dfc7a1bc8c: 7505 83c8 | 01eb 0ca8 | 00eb 084c | 8b10 f04d | 0fb1 1375 | 0a49 ff8f | 4805 0000 | 4533 d20f 
  0x000002dfc7a1bcac: 854b 0800 | 0048 8bd5 | c5f8 7748 | 81c4 9000 

  0x000002dfc7a1bcbc: ;   {runtime_call _rethrow_Java}
  0x000002dfc7a1bcbc: 0000 5de9 | bc41 85ff | 498b d24c | 8b44 2440 | 8b6c 2428 | 6690 c5f8 | 7748 b8ff | ffff ffff 
  0x000002dfc7a1bcdc: ;   {virtual_call}
  0x000002dfc7a1bcdc: ffff ffe8 

  0x000002dfc7a1bce0: ; ImmutableOopMap {[72]=Oop [88]=Oop }
                      ;*invokevirtual findClass {reexecute=0 rethrow=0 return_oop=1}
                      ; - java.lang.ClassLoader::loadClass@69
  0x000002dfc7a1bce0: 2cf9 8eff 

  0x000002dfc7a1bce4: ;   {other}
  0x000002dfc7a1bce4: 0f1f 8400 | d407 0006 | 4889 4424 | 684c 8b54 | 2430 4c2b 

  0x000002dfc7a1bcf8: ;   {oop(a 'jdk/internal/perf/PerfCounter'{0x000000008008c808})}
  0x000002dfc7a1bcf8: 5424 3849 | b808 c808 | 8000 0000 | 0048 8d5c | 2478 498b | 00a8 020f | 8523 0000 | 0048 83c8 
  0x000002dfc7a1bd18: 0148 8903 | f049 0fb1 | 180f 8437 | 0000 0048 | 2bc4 4825 | 07f0 ffff | 4889 03e9 | 2400 0000 
  0x000002dfc7a1bd38: 4c8b d848 | 33c0 f04d | 0fb1 7b3e | 48c7 0303 | 0000 0074 | 114c 3bf8 | 7515 49ff | 8386 0000 
  0x000002dfc7a1bd58: 0048 33c0 | 7509 49ff | 8748 0500 | 0033 c00f | 85b9 0700 

  0x000002dfc7a1bd6c: ;   {oop(a 'jdk/internal/perf/PerfCounter'{0x000000008008c808})}
  0x000002dfc7a1bd6c: 0049 bb08 | c808 8000 | 0000 0045 | 8b5b 1041 | 8b6b 2485 | ed0f 85d8 | 0700 0041 | 8b6b 1c85 
  0x000002dfc7a1bd8c: ed0f 8c01 | 0800 0085 | ed0f 8479 | 0600 004d | 8b43 104d | 0310 418b | 6b24 85ed | 0f85 1a08 
  0x000002dfc7a1bdac: 0000 418b | 6b1c 85ed | 0f8c 4208 | 0000 85ed | 0f84 8606 | 0000 4d8b | 5b10 4d89 

  0x000002dfc7a1bdc8: ;   {oop(a 'jdk/internal/perf/PerfCounter'{0x000000008008c808})}
  0x000002dfc7a1bdc8: 1349 bb08 | c808 8000 | 0000 0048 | 8d44 2478 | 4883 3800 | 0f84 7900 | 0000 4d8b | 1341 f6c2 
  0x000002dfc7a1bde8: 020f 8462 | 0000 0049 | 83ba 8600 | 0000 0074 | 0949 ff8a | 8600 0000 | eb4b 498b | 8296 0000 
  0x000002dfc7a1be08: 0049 0b82 | 8e00 0000 | 750a 49c7 | 423e 0000 | 0000 eb3d | 4983 ba9e | 0000 0000 | 7422 4833 
  0x000002dfc7a1be28: c049 c742 | 3e00 0000 | 00f0 8304 | 2400 4983 | ba9e 0000 | 0000 750d | f04d 0fb1 | 7a3e 7505 
  0x000002dfc7a1be48: 83c8 01eb | 0ca8 00eb | 084c 8b10 | f04d 0fb1 | 1375 0a49 | ff8f 4805 | 0000 4533 | d20f 85c5 
  0x000002dfc7a1be68: 0700 00c5 | f877 49ba | 30a7 7937 | f97f 0000 

  0x000002dfc7a1be78: ;   {other}
  0x000002dfc7a1be78: 41ff d20f | 1f84 0000 | 0000 0048 | 2b44 2430 | 4889 4424 

  0x000002dfc7a1be8c: ;   {oop(a 'jdk/internal/perf/PerfCounter'{0x000000008008c6e8})}
  0x000002dfc7a1be8c: 5049 bbe8 | c608 8000 | 0000 0048 | 8d5c 2478 | 498b 03a8 | 020f 8523 | 0000 0048 | 83c8 0148 
  0x000002dfc7a1beac: 8903 f049 | 0fb1 1b0f | 8437 0000 | 0048 2bc4 | 4825 07f0 | ffff 4889 | 03e9 2400 | 0000 4c8b 
  0x000002dfc7a1becc: d048 33c0 | f04d 0fb1 | 7a3e 48c7 | 0303 0000 | 0074 114c | 3bf8 7515 | 49ff 8286 | 0000 0048 
  0x000002dfc7a1beec: 33c0 7509 | 49ff 8748 | 0500 0033 | c00f 8560 

  0x000002dfc7a1befc: ;   {oop(a 'jdk/internal/perf/PerfCounter'{0x000000008008c6e8})}
  0x000002dfc7a1befc: 0700 0049 | bae8 c608 | 8000 0000 | 0045 8b52 | 1041 8b6a | 2485 ed0f | 856c 0700 | 0041 8b6a 
  0x000002dfc7a1bf1c: 1c85 ed0f | 8c8f 0700 | 0085 ed0f | 844f 0500 | 004d 8b52 | 104c 8b5c | 2450 4d01 

  0x000002dfc7a1bf38: ;   {oop(a 'jdk/internal/perf/PerfCounter'{0x000000008008c6e8})}
  0x000002dfc7a1bf38: 1a49 bbe8 | c608 8000 | 0000 0048 | 8d44 2478 | 4883 3800 | 0f84 7900 | 0000 4d8b | 1341 f6c2 
  0x000002dfc7a1bf58: 020f 8462 | 0000 0049 | 83ba 8600 | 0000 0074 | 0949 ff8a | 8600 0000 | eb4b 498b | 8296 0000 
  0x000002dfc7a1bf78: 0049 0b82 | 8e00 0000 | 750a 49c7 | 423e 0000 | 0000 eb3d | 4983 ba9e | 0000 0000 | 7422 4833 
  0x000002dfc7a1bf98: c049 c742 | 3e00 0000 | 00f0 8304 | 2400 4983 | ba9e 0000 | 0000 750d | f04d 0fb1 | 7a3e 7505 
  0x000002dfc7a1bfb8: 83c8 01eb | 0ca8 00eb | 084c 8b10 | f04d 0fb1 | 1375 0a49 | ff8f 4805 | 0000 4533 | d20f 8509 
  0x000002dfc7a1bfd8: ;   {oop(a 'jdk/internal/perf/PerfCounter'{0x000000008008c778})}
  0x000002dfc7a1bfd8: 0700 0049 | bb78 c708 | 8000 0000 | 0048 8d5c | 2478 498b | 03a8 020f | 8523 0000 | 0048 83c8 
  0x000002dfc7a1bff8: 0148 8903 | f049 0fb1 | 1b0f 8437 | 0000 0048 | 2bc4 4825 | 07f0 ffff | 4889 03e9 | 2400 0000 
  0x000002dfc7a1c018: 4c8b d048 | 33c0 f04d | 0fb1 7a3e | 48c7 0303 | 0000 0074 | 114c 3bf8 | 7515 49ff | 8286 0000 
  0x000002dfc7a1c038: 0048 33c0 | 7509 49ff | 8748 0500 | 0033 c00f | 85c6 0600 

  0x000002dfc7a1c04c: ;   {oop(a 'jdk/internal/perf/PerfCounter'{0x000000008008c778})}
  0x000002dfc7a1c04c: 0049 ba78 | c708 8000 | 0000 0045 | 8b5a 1041 | 8b6b 2485 | ed0f 85d2 | 0600 0041 | 8b6b 1c85 
  0x000002dfc7a1c06c: ed0f 8ced | 0600 0085 | ed0f 8431 | 0400 004d | 8b53 1041 | b801 0000 | 004d 0302 

  0x000002dfc7a1c088: ; implicit exception: dispatches to 0x000002dfc7a1c910
  0x000002dfc7a1c088: 418b 6b24 | 85ed 0f85 | f006 0000 | 418b 6b1c | 85ed 0f8c | 1007 0000 | 85ed 0f84 | 2804 0000 
  0x000002dfc7a1c0a8: 4d8b 5310 

  0x000002dfc7a1c0ac: ;   {oop(a 'jdk/internal/perf/PerfCounter'{0x000000008008c778})}
  0x000002dfc7a1c0ac: 4d89 0249 | bb78 c708 | 8000 0000 | 0048 8d44 | 2478 4883 | 3800 0f84 | 7900 0000 | 4d8b 1341 
  0x000002dfc7a1c0cc: f6c2 020f | 8462 0000 | 0049 83ba | 8600 0000 | 0074 0949 | ff8a 8600 | 0000 eb4b | 498b 8296 
  0x000002dfc7a1c0ec: 0000 0049 | 0b82 8e00 | 0000 750a | 49c7 423e | 0000 0000 | eb3d 4983 | ba9e 0000 | 0000 7422 
  0x000002dfc7a1c10c: 4833 c049 | c742 3e00 | 0000 00f0 | 8304 2400 | 4983 ba9e | 0000 0000 | 750d f04d | 0fb1 7a3e 
  0x000002dfc7a1c12c: 7505 83c8 | 01eb 0ca8 | 00eb 084c | 8b10 f04d | 0fb1 1375 | 0a49 ff8f | 4805 0000 | 4533 d20f 
  0x000002dfc7a1c14c: 858b 0600 | 0044 8b54 | 2428 4585 | d20f 85ac | 0600 0048 | 8d44 2470 | 4c8b 5c24 | 5848 8338 
  0x000002dfc7a1c16c: 000f 8479 | 0000 004d | 8b13 41f6 | c202 0f84 | 6200 0000 | 4983 ba86 | 0000 0000 | 7409 49ff 
  0x000002dfc7a1c18c: 8a86 0000 | 00eb 4b49 | 8b82 9600 | 0000 490b | 828e 0000 | 0075 0a49 | c742 3e00 | 0000 00eb 
  0x000002dfc7a1c1ac: ;   {no_reloc}
  0x000002dfc7a1c1ac: 3d49 83ba | 9e00 0000 | 0074 2248 | 33c0 49c7 | 423e 0000 | 0000 f083 | 0424 0049 | 83ba 9e00 
  0x000002dfc7a1c1cc: 0000 0075 | 0df0 4d0f | b17a 3e75 | 0583 c801 | eb0c a800 | eb08 4c8b | 10f0 4d0f | b113 750a 
  0x000002dfc7a1c1ec: 49ff 8f48 | 0500 0045 | 33d2 0f85 | 5001 0000 | 488b 4424 | 68c5 f877 | 4881 c490 | 0000 005d 
  0x000002dfc7a1c20c: ;   {poll_return}
  0x000002dfc7a1c20c: 493b a748 | 0400 000f | 87ef 0700 | 00c3 4889 | 4424 58e9 | 8ef6 ffff | 33ed e95d | f9ff ff48 
  0x000002dfc7a1c22c: 8954 2458 | e97d f6ff | ff44 895c 

  0x000002dfc7a1c238: ;   {metadata('java/lang/Object')}
  0x000002dfc7a1c238: 242c 48ba | 4812 0400 | 0100 0000 | 488b 6c24 | 484c 8944 | 2438 6690 

  0x000002dfc7a1c250: ;   {runtime_call _new_instance_Java}
  0x000002dfc7a1c250: c5f8 77e8 

  0x000002dfc7a1c254: ; ImmutableOopMap {rbp=Oop [44]=NarrowOop [56]=Oop [64]=Oop [72]=Oop }
                      ;*new {reexecute=0 rethrow=0 return_oop=1}
                      ; - java.lang.ClassLoader::getClassLoadingLock@9
                      ; - java.lang.ClassLoader::loadClass@2
  0x000002dfc7a1c254: 281f 85ff 

  0x000002dfc7a1c258: ;   {other}
  0x000002dfc7a1c258: 0f1f 8400 | 480d 0007 | e916 f6ff 

  0x000002dfc7a1c264: ;   {metadata('java/net/URLClassLoader$1')}
  0x000002dfc7a1c264: ff48 ba50 | 2f0a 0001 | 0000 0048 | 8b6c 2460 

  0x000002dfc7a1c274: ;   {runtime_call _new_instance_Java}
  0x000002dfc7a1c274: c5f8 77e8 

  0x000002dfc7a1c278: ; ImmutableOopMap {rbp=Oop [64]=Oop [72]=Oop [88]=Oop [96]=Oop }
                      ;*new {reexecute=0 rethrow=0 return_oop=1}
                      ; - java.net.URLClassLoader::findClass@0
                      ; - java.lang.ClassLoader::loadClass@69
  0x000002dfc7a1c278: 041f 85ff 

  0x000002dfc7a1c27c: ;   {other}
  0x000002dfc7a1c27c: 0f1f 8400 | 6c0d 0008 | e9bd f8ff 

  0x000002dfc7a1c288: ;   {metadata('java/lang/ClassNotFoundException')}
  0x000002dfc7a1c288: ff48 baa0 | 4e04 0001 | 0000 0048 | 8b6c 2460 

  0x000002dfc7a1c298: ;   {runtime_call _new_instance_Java}
  0x000002dfc7a1c298: c5f8 77e8 

  0x000002dfc7a1c29c: ; ImmutableOopMap {rbp=Oop [64]=Oop [88]=Oop [96]=Oop }
                      ;*new {reexecute=0 rethrow=0 return_oop=1}
                      ; - java.net.URLClassLoader::findClass@36
                      ; - java.lang.ClassLoader::loadClass@69
  0x000002dfc7a1c29c: e01e 85ff 

  0x000002dfc7a1c2a0: ;   {other}
  0x000002dfc7a1c2a0: 0f1f 8400 | 900d 0009 | e949 f9ff | ff48 8b54 | 2458 4c8d | 4424 7048 | 8b6c 2448 

  0x000002dfc7a1c2bc: ;   {runtime_call _complete_monitor_locking_Java}
  0x000002dfc7a1c2bc: c5f8 77e8 

  0x000002dfc7a1c2c0: ; ImmutableOopMap {rbp=Oop [64]=Oop [72]=Oop [88]=Oop }
                      ;*monitorenter {reexecute=0 rethrow=0 return_oop=0}
                      ; - java.lang.ClassLoader::loadClass@7
  0x000002dfc7a1c2c0: 3c81 85ff 

  0x000002dfc7a1c2c4: ;   {other}
  0x000002dfc7a1c2c4: 0f1f 8400 | b40d 000a | e94e f6ff | ffba 45ff | ffff 488b | 6c24 484c | 8954 2438 

  0x000002dfc7a1c2e0: ;   {runtime_call UncommonTrapBlob}
  0x000002dfc7a1c2e0: c5f8 77e8 

  0x000002dfc7a1c2e4: ; ImmutableOopMap {rbp=Oop [56]=Oop [88]=Oop }
                      ;*ifeq {reexecute=1 rethrow=0 return_oop=0}
                      ; - (reexecute) java.lang.ClassLoader::checkName@8
                      ; - java.lang.ClassLoader::findLoadedClass@1
                      ; - java.lang.ClassLoader::loadClass@10
  0x000002dfc7a1c2e4: 1883 82ff 

  0x000002dfc7a1c2e8: ;   {other}
  0x000002dfc7a1c2e8: 0f1f 8400 | d80d 000b | bae4 ffff | ff48 ff74 | 2448 488f | 4424 2044 | 8944 242c 

  0x000002dfc7a1c304: ;   {runtime_call UncommonTrapBlob}
  0x000002dfc7a1c304: c5f8 77e8 

  0x000002dfc7a1c308: ; ImmutableOopMap {[32]=Oop [44]=NarrowOop [64]=Oop [88]=Oop }
                      ;*invokestatic checkIndex {reexecute=0 rethrow=0 return_oop=0}
                      ; - java.lang.String::checkIndex@5
                      ; - java.lang.StringLatin1::charAt@3
                      ; - java.lang.String::charAt@12
                      ; - java.lang.ClassLoader::checkName@25
                      ; - java.lang.ClassLoader::findLoadedClass@1
                      ; - java.lang.ClassLoader::loadClass@10
  0x000002dfc7a1c308: f482 82ff 

  0x000002dfc7a1c30c: ;   {other}
  0x000002dfc7a1c30c: 0f1f 8400 | fc0d 000c | bace ffff | ff48 8b6c | 2448 48ff | 7424 4048 | 8f44 2420 | 48ff 7424 
  0x000002dfc7a1c32c: 5848 8f44 | 2450 4489 | 4424 2c44 | 8954 2458 

  0x000002dfc7a1c33c: ;   {runtime_call UncommonTrapBlob}
  0x000002dfc7a1c33c: c5f8 77e8 

  0x000002dfc7a1c340: ; ImmutableOopMap {rbp=Oop [32]=Oop [44]=NarrowOop [80]=Oop }
                      ;*invokestatic indexOfChar {reexecute=0 rethrow=0 return_oop=0}
                      ; - java.lang.StringLatin1::indexOf@33
                      ; - java.lang.String::indexOf@17
                      ; - java.lang.String::indexOf@3
                      ; - java.lang.ClassLoader::checkName@16
                      ; - java.lang.ClassLoader::findLoadedClass@1
                      ; - java.lang.ClassLoader::loadClass@10
  0x000002dfc7a1c340: bc82 82ff 

  0x000002dfc7a1c344: ;   {other}
  0x000002dfc7a1c344: 0f1f 8400 | 340e 000d | 488b 4c24 | 5848 8d54 | 2470 4d8b | c7c5 f877 | 49ba 105a | 8037 f97f 
  0x000002dfc7a1c364: 0000 41ff 

  0x000002dfc7a1c368: ;   {other}
  0x000002dfc7a1c368: d20f 1f84 | 0000 0000 | 00e9 86fe | ffff 33ed | 4585 d240 | 0f94 c5ba | 45ff ffff | 48ff 7424 
  0x000002dfc7a1c388: 4848 8f44 | 2420 48ff | 7424 4048 | 8f44 2430 

  0x000002dfc7a1c398: ;   {runtime_call UncommonTrapBlob}
  0x000002dfc7a1c398: c5f8 77e8 

  0x000002dfc7a1c39c: ; ImmutableOopMap {[32]=Oop [48]=Oop [88]=Oop }
                      ;*ifeq {reexecute=1 rethrow=0 return_oop=0}
                      ; - (reexecute) java.lang.String::indexOf@4
                      ; - java.lang.String::indexOf@3
                      ; - java.lang.ClassLoader::checkName@16
                      ; - java.lang.ClassLoader::findLoadedClass@1
                      ; - java.lang.ClassLoader::loadClass@10
  0x000002dfc7a1c39c: 6082 82ff 

  0x000002dfc7a1c3a0: ;   {other}
  0x000002dfc7a1c3a0: 0f1f 8400 | 900e 000e | ba45 ffff | ff48 8b6c | 2448 48ff | 7424 4048 | 8f44 2420 | 895c 242c 
  0x000002dfc7a1c3c0: ;   {runtime_call UncommonTrapBlob}
  0x000002dfc7a1c3c0: c5f8 77e8 

  0x000002dfc7a1c3c4: ; ImmutableOopMap {rbp=Oop [32]=Oop [88]=Oop }
                      ;*if_icmpne {reexecute=1 rethrow=0 return_oop=0}
                      ; - (reexecute) java.lang.ClassLoader::checkName@20
                      ; - java.lang.ClassLoader::findLoadedClass@1
                      ; - java.lang.ClassLoader::loadClass@10
  0x000002dfc7a1c3c4: 3882 82ff 

  0x000002dfc7a1c3c8: ;   {other}
  0x000002dfc7a1c3c8: 0f1f 8400 | b80e 000f | ba45 ffff | ff48 ff74 | 2448 488f | 4424 2090 

  0x000002dfc7a1c3e0: ;   {runtime_call UncommonTrapBlob}
  0x000002dfc7a1c3e0: c5f8 77e8 

  0x000002dfc7a1c3e4: ; ImmutableOopMap {[32]=Oop [64]=Oop [88]=Oop }
                      ;*if_icmpne {reexecute=1 rethrow=0 return_oop=0}
                      ; - (reexecute) java.lang.ClassLoader::checkName@30
                      ; - java.lang.ClassLoader::findLoadedClass@1
                      ; - java.lang.ClassLoader::loadClass@10
  0x000002dfc7a1c3e4: 1882 82ff 

  0x000002dfc7a1c3e8: ;   {other}
  0x000002dfc7a1c3e8: 0f1f 8400 | d80e 0010 | ba45 ffff | ff4c 8954 | 2420 48ff | 7424 4048 | 8f44 2430 

  0x000002dfc7a1c404: ;   {runtime_call UncommonTrapBlob}
  0x000002dfc7a1c404: c5f8 77e8 

  0x000002dfc7a1c408: ; ImmutableOopMap {rbp=NarrowOop [32]=Oop [48]=Oop [88]=Oop }
                      ;*ifnull {reexecute=1 rethrow=0 return_oop=0}
                      ; - (reexecute) java.lang.ClassLoader::loadClass@29
  0x000002dfc7a1c408: f481 82ff 

  0x000002dfc7a1c40c: ;   {other}
  0x000002dfc7a1c40c: 0f1f 8400 | fc0e 0011 | bae4 ffff | ff48 ff74 | 2448 488f | 4424 2048 | ff74 2458 | 488f 4424 
  0x000002dfc7a1c42c: 484c 8954 | 2450 4489 | 5c24 5890 

  0x000002dfc7a1c438: ;   {runtime_call UncommonTrapBlob}
  0x000002dfc7a1c438: c5f8 77e8 

  0x000002dfc7a1c43c: ; ImmutableOopMap {[32]=Oop [72]=Oop [88]=NarrowOop [104]=Oop }
                      ;*invokestatic checkIndex {reexecute=0 rethrow=0 return_oop=0}
                      ; - java.nio.Buffer::checkIndex@8
                      ; - java.nio.DirectLongBufferU::get@11
                      ; - jdk.internal.perf.PerfCounter::get@5
                      ; - jdk.internal.perf.PerfCounter::add@1
                      ; - jdk.internal.perf.PerfCounter::addTime@2
                      ; - java.lang.ClassLoader::loadClass@82
  0x000002dfc7a1c43c: c081 82ff 

  0x000002dfc7a1c440: ;   {other}
  0x000002dfc7a1c440: 0f1f 8400 | 300f 0012 | bae4 ffff | ff48 ff74 | 2448 488f | 4424 2048 | ff74 2458 | 488f 4424 
  0x000002dfc7a1c460: 484c 8954 | 2450 4489 | 5c24 5890 

  0x000002dfc7a1c46c: ;   {runtime_call UncommonTrapBlob}
  0x000002dfc7a1c46c: c5f8 77e8 

  0x000002dfc7a1c470: ; ImmutableOopMap {[32]=Oop [72]=Oop [88]=NarrowOop [104]=Oop }
                      ;*invokestatic checkIndex {reexecute=0 rethrow=0 return_oop=0}
                      ; - java.nio.Buffer::checkIndex@8
                      ; - java.nio.DirectLongBufferU::put@11
                      ; - jdk.internal.perf.PerfCounter::add@13
                      ; - jdk.internal.perf.PerfCounter::addTime@2
                      ; - java.lang.ClassLoader::loadClass@82
  0x000002dfc7a1c470: 8c81 82ff 

  0x000002dfc7a1c474: ;   {other}
  0x000002dfc7a1c474: 0f1f 8400 | 640f 0013 | bae4 ffff | ff48 ff74 | 2448 488f | 4424 2048 | ff74 2450 | 488f 4424 
  0x000002dfc7a1c494: 4844 8954 | 2450 6690 

  0x000002dfc7a1c49c: ;   {runtime_call UncommonTrapBlob}
  0x000002dfc7a1c49c: c5f8 77e8 

  0x000002dfc7a1c4a0: ; ImmutableOopMap {[32]=Oop [80]=NarrowOop [88]=Oop [104]=Oop }
                      ;*invokestatic checkIndex {reexecute=0 rethrow=0 return_oop=0}
                      ; - java.nio.Buffer::checkIndex@8
                      ; - java.nio.DirectLongBufferU::get@11
                      ; - jdk.internal.perf.PerfCounter::get@5
                      ; - jdk.internal.perf.PerfCounter::add@1
                      ; - jdk.internal.perf.PerfCounter::addElapsedTimeFrom@6
                      ; - java.lang.ClassLoader::loadClass@90
  0x000002dfc7a1c4a0: 5c81 82ff 

  0x000002dfc7a1c4a4: ;   {other}
  0x000002dfc7a1c4a4: 0f1f 8400 | 940f 0014 | bae4 ffff | ff48 ff74 | 2448 488f | 4424 2044 | 895c 2448 

  0x000002dfc7a1c4c0: ;   {runtime_call UncommonTrapBlob}
  0x000002dfc7a1c4c0: c5f8 77e8 

  0x000002dfc7a1c4c4: ; ImmutableOopMap {[32]=Oop [72]=NarrowOop [88]=Oop [104]=Oop }
                      ;*invokestatic checkIndex {reexecute=0 rethrow=0 return_oop=0}
                      ; - java.nio.Buffer::checkIndex@8
                      ; - java.nio.DirectLongBufferU::get@11
                      ; - jdk.internal.perf.PerfCounter::get@5
                      ; - jdk.internal.perf.PerfCounter::add@1
                      ; - jdk.internal.perf.PerfCounter::increment@2
                      ; - java.lang.ClassLoader::loadClass@96
  0x000002dfc7a1c4c4: 3881 82ff 

  0x000002dfc7a1c4c8: ;   {other}
  0x000002dfc7a1c4c8: 0f1f 8400 | b80f 0015 | bae4 ffff | ff48 ff74 | 2448 488f | 4424 204c | 8944 2448 | 4489 5c24 
  0x000002dfc7a1c4e8: 5066 6690 

  0x000002dfc7a1c4ec: ;   {runtime_call UncommonTrapBlob}
  0x000002dfc7a1c4ec: c5f8 77e8 

  0x000002dfc7a1c4f0: ; ImmutableOopMap {[32]=Oop [80]=NarrowOop [88]=Oop [104]=Oop }
                      ;*invokestatic checkIndex {reexecute=0 rethrow=0 return_oop=0}
                      ; - java.nio.Buffer::checkIndex@8
                      ; - java.nio.DirectLongBufferU::put@11
                      ; - jdk.internal.perf.PerfCounter::add@13
                      ; - jdk.internal.perf.PerfCounter::increment@2
                      ; - java.lang.ClassLoader::loadClass@96
  0x000002dfc7a1c4f0: 0c81 82ff 

  0x000002dfc7a1c4f4: ;   {other}
  0x000002dfc7a1c4f4: 0f1f 8400 | e40f 0016 | 488b 4c24 | 5848 8d54 | 2470 4d8b | c7c5 f877 | 49ba 105a | 8037 f97f 
  0x000002dfc7a1c514: 0000 41ff 

  0x000002dfc7a1c518: ;   {other}
  0x000002dfc7a1c518: d20f 1f84 | 0000 0000 | 00e9 8bf7 | ffff 4c89 | 5424 4048 | 8b6c 2448 

  0x000002dfc7a1c530: ;   {oop(a 'jdk/internal/perf/PerfCounter'{0x000000008008c808})}
  0x000002dfc7a1c530: 48ba 08c8 | 0880 0000 | 0000 4c8d | 4424 7890 

  0x000002dfc7a1c540: ;   {runtime_call _complete_monitor_locking_Java}
  0x000002dfc7a1c540: c5f8 77e8 

  0x000002dfc7a1c544: ; ImmutableOopMap {rbp=Oop [88]=Oop [104]=Oop }
                      ;*synchronization entry
                      ; - jdk.internal.perf.PerfCounter::add@-1
                      ; - jdk.internal.perf.PerfCounter::addTime@2
                      ; - java.lang.ClassLoader::loadClass@82
  0x000002dfc7a1c544: b87e 85ff 

  0x000002dfc7a1c548: ;   {other}
  0x000002dfc7a1c548: 0f1f 8400 | 3810 0017 | 4889 6c24 | 484c 8b54 | 2440 e90e | f8ff ffba | ecff ffff | 48ff 7424 
  0x000002dfc7a1c568: 4848 8f44 | 2420 48ff | 7424 5848 | 8f44 2448 | 4c89 5424 | 5044 895c | 2458 6690 

  0x000002dfc7a1c584: ;   {runtime_call UncommonTrapBlob}
  0x000002dfc7a1c584: c5f8 77e8 

  0x000002dfc7a1c588: ; ImmutableOopMap {rbp=NarrowOop [32]=Oop [72]=Oop [88]=NarrowOop [104]=Oop }
                      ;*ifnull {reexecute=1 rethrow=0 return_oop=0}
                      ; - (reexecute) java.nio.Buffer::session@4
                      ; - java.nio.DirectLongBufferU::get@4
                      ; - jdk.internal.perf.PerfCounter::get@5
                      ; - jdk.internal.perf.PerfCounter::add@1
                      ; - jdk.internal.perf.PerfCounter::addTime@2
                      ; - java.lang.ClassLoader::loadClass@82
  0x000002dfc7a1c588: 7480 82ff 

  0x000002dfc7a1c58c: ;   {other}
  0x000002dfc7a1c58c: 0f1f 8400 | 7c10 0018 | bacc ffff | ff48 ff74 | 2448 488f | 4424 2048 | ff74 2458 | 488f 4424 
  0x000002dfc7a1c5ac: 484c 8954 | 2450 4489 | 5c24 5890 

  0x000002dfc7a1c5b8: ;   {runtime_call UncommonTrapBlob}
  0x000002dfc7a1c5b8: c5f8 77e8 

  0x000002dfc7a1c5bc: ; ImmutableOopMap {[32]=Oop [72]=Oop [88]=NarrowOop [104]=Oop }
                      ;*invokestatic checkIndex {reexecute=0 rethrow=0 return_oop=0}
                      ; - java.nio.Buffer::checkIndex@8
                      ; - java.nio.DirectLongBufferU::get@11
                      ; - jdk.internal.perf.PerfCounter::get@5
                      ; - jdk.internal.perf.PerfCounter::add@1
                      ; - jdk.internal.perf.PerfCounter::addTime@2
                      ; - java.lang.ClassLoader::loadClass@82
  0x000002dfc7a1c5bc: 4080 82ff 

  0x000002dfc7a1c5c0: ;   {other}
  0x000002dfc7a1c5c0: 0f1f 8400 | b010 0019 | baec ffff | ff48 ff74 | 2448 488f | 4424 2048 | ff74 2458 | 488f 4424 
  0x000002dfc7a1c5e0: 484c 8954 | 2450 4489 | 5c24 5890 

  0x000002dfc7a1c5ec: ;   {runtime_call UncommonTrapBlob}
  0x000002dfc7a1c5ec: c5f8 77e8 

  0x000002dfc7a1c5f0: ; ImmutableOopMap {rbp=NarrowOop [32]=Oop [72]=Oop [88]=NarrowOop [104]=Oop }
                      ;*ifnull {reexecute=1 rethrow=0 return_oop=0}
                      ; - (reexecute) java.nio.Buffer::session@4
                      ; - java.nio.DirectLongBufferU::put@4
                      ; - jdk.internal.perf.PerfCounter::add@13
                      ; - jdk.internal.perf.PerfCounter::addTime@2
                      ; - java.lang.ClassLoader::loadClass@82
  0x000002dfc7a1c5f0: 0c80 82ff 

  0x000002dfc7a1c5f4: ;   {other}
  0x000002dfc7a1c5f4: 0f1f 8400 | e410 001a | bacc ffff | ff48 ff74 | 2448 488f | 4424 2048 | ff74 2458 | 488f 4424 
  0x000002dfc7a1c614: 484c 8954 | 2450 4489 | 5c24 5890 

  0x000002dfc7a1c620: ;   {runtime_call UncommonTrapBlob}
  0x000002dfc7a1c620: c5f8 77e8 

  0x000002dfc7a1c624: ; ImmutableOopMap {[32]=Oop [72]=Oop [88]=NarrowOop [104]=Oop }
                      ;*invokestatic checkIndex {reexecute=0 rethrow=0 return_oop=0}
                      ; - java.nio.Buffer::checkIndex@8
                      ; - java.nio.DirectLongBufferU::put@11
                      ; - jdk.internal.perf.PerfCounter::add@13
                      ; - jdk.internal.perf.PerfCounter::addTime@2
                      ; - java.lang.ClassLoader::loadClass@82
  0x000002dfc7a1c624: d87f 82ff 

  0x000002dfc7a1c628: ;   {other}
  0x000002dfc7a1c628: 0f1f 8400 | 1811 001b 

  0x000002dfc7a1c630: ;   {oop(a 'jdk/internal/perf/PerfCounter'{0x000000008008c808})}
  0x000002dfc7a1c630: 48b9 08c8 | 0880 0000 | 0000 488d | 5424 784d | 8bc7 c5f8 | 7749 ba10 | 5a80 37f9 | 7f00 0041 
  0x000002dfc7a1c650: ;   {other}
  0x000002dfc7a1c650: ffd2 0f1f | 8400 0000 | 0000 e90c 

  0x000002dfc7a1c65c: ;   {oop(a 'jdk/internal/perf/PerfCounter'{0x000000008008c6e8})}
  0x000002dfc7a1c65c: f8ff ff48 | bae8 c608 | 8000 0000 | 004c 8d44 | 2478 6690 

  0x000002dfc7a1c670: ;   {runtime_call _complete_monitor_locking_Java}
  0x000002dfc7a1c670: c5f8 77e8 

  0x000002dfc7a1c674: ; ImmutableOopMap {[72]=Oop [88]=Oop [104]=Oop }
                      ;*synchronization entry
                      ; - jdk.internal.perf.PerfCounter::add@-1
                      ; - jdk.internal.perf.PerfCounter::addElapsedTimeFrom@6
                      ; - java.lang.ClassLoader::loadClass@90
  0x000002dfc7a1c674: 887d 85ff 

  0x000002dfc7a1c678: ;   {other}
  0x000002dfc7a1c678: 0f1f 8400 | 6811 001c | e97a f8ff | ffba ecff | ffff 48ff | 7424 4848 | 8f44 2420 | 48ff 7424 
  0x000002dfc7a1c698: 5048 8f44 | 2448 4489 | 5424 5090 

  0x000002dfc7a1c6a4: ;   {runtime_call UncommonTrapBlob}
  0x000002dfc7a1c6a4: c5f8 77e8 

  0x000002dfc7a1c6a8: ; ImmutableOopMap {rbp=NarrowOop [32]=Oop [80]=NarrowOop [88]=Oop [104]=Oop }
                      ;*ifnull {reexecute=1 rethrow=0 return_oop=0}
                      ; - (reexecute) java.nio.Buffer::session@4
                      ; - java.nio.DirectLongBufferU::get@4
                      ; - jdk.internal.perf.PerfCounter::get@5
                      ; - jdk.internal.perf.PerfCounter::add@1
                      ; - jdk.internal.perf.PerfCounter::addElapsedTimeFrom@6
                      ; - java.lang.ClassLoader::loadClass@90
  0x000002dfc7a1c6a8: 547f 82ff 

  0x000002dfc7a1c6ac: ;   {other}
  0x000002dfc7a1c6ac: 0f1f 8400 | 9c11 001d | bacc ffff | ff48 ff74 | 2448 488f | 4424 2048 | ff74 2450 | 488f 4424 
  0x000002dfc7a1c6cc: 4844 8954 | 2450 6690 

  0x000002dfc7a1c6d4: ;   {runtime_call UncommonTrapBlob}
  0x000002dfc7a1c6d4: c5f8 77e8 

  0x000002dfc7a1c6d8: ; ImmutableOopMap {[32]=Oop [80]=NarrowOop [88]=Oop [104]=Oop }
                      ;*invokestatic checkIndex {reexecute=0 rethrow=0 return_oop=0}
                      ; - java.nio.Buffer::checkIndex@8
                      ; - java.nio.DirectLongBufferU::get@11
                      ; - jdk.internal.perf.PerfCounter::get@5
                      ; - jdk.internal.perf.PerfCounter::add@1
                      ; - jdk.internal.perf.PerfCounter::addElapsedTimeFrom@6
                      ; - java.lang.ClassLoader::loadClass@90
  0x000002dfc7a1c6d8: 247f 82ff 

  0x000002dfc7a1c6dc: ;   {other}
  0x000002dfc7a1c6dc: 0f1f 8400 | cc11 001e 

  0x000002dfc7a1c6e4: ;   {oop(a 'jdk/internal/perf/PerfCounter'{0x000000008008c6e8})}
  0x000002dfc7a1c6e4: 48b9 e8c6 | 0880 0000 | 0000 488d | 5424 784d | 8bc7 c5f8 | 7749 ba10 | 5a80 37f9 | 7f00 0041 
  0x000002dfc7a1c704: ;   {other}
  0x000002dfc7a1c704: ffd2 0f1f | 8400 0000 | 0000 e9c8 

  0x000002dfc7a1c710: ;   {oop(a 'jdk/internal/perf/PerfCounter'{0x000000008008c778})}
  0x000002dfc7a1c710: f8ff ff48 | ba78 c708 | 8000 0000 | 004c 8d44 | 2478 6690 

  0x000002dfc7a1c724: ;   {runtime_call _complete_monitor_locking_Java}
  0x000002dfc7a1c724: c5f8 77e8 

  0x000002dfc7a1c728: ; ImmutableOopMap {[72]=Oop [88]=Oop [104]=Oop }
                      ;*synchronization entry
                      ; - jdk.internal.perf.PerfCounter::add@-1
                      ; - jdk.internal.perf.PerfCounter::increment@2
                      ; - java.lang.ClassLoader::loadClass@96
  0x000002dfc7a1c728: d47c 85ff 

  0x000002dfc7a1c72c: ;   {other}
  0x000002dfc7a1c72c: 0f1f 8400 | 1c12 001f | e914 f9ff | ffba ecff | ffff 48ff | 7424 4848 | 8f44 2420 | 4489 5c24 
  0x000002dfc7a1c74c: 4866 6690 

  0x000002dfc7a1c750: ;   {runtime_call UncommonTrapBlob}
  0x000002dfc7a1c750: c5f8 77e8 

  0x000002dfc7a1c754: ; ImmutableOopMap {rbp=NarrowOop [32]=Oop [72]=NarrowOop [88]=Oop [104]=Oop }
                      ;*ifnull {reexecute=1 rethrow=0 return_oop=0}
                      ; - (reexecute) java.nio.Buffer::session@4
                      ; - java.nio.DirectLongBufferU::get@4
                      ; - jdk.internal.perf.PerfCounter::get@5
                      ; - jdk.internal.perf.PerfCounter::add@1
                      ; - jdk.internal.perf.PerfCounter::increment@2
                      ; - java.lang.ClassLoader::loadClass@96
  0x000002dfc7a1c754: a87e 82ff 

  0x000002dfc7a1c758: ;   {other}
  0x000002dfc7a1c758: 0f1f 8400 | 4812 0020 | bacc ffff | ff48 ff74 | 2448 488f | 4424 2044 | 895c 2448 

  0x000002dfc7a1c774: ;   {runtime_call UncommonTrapBlob}
  0x000002dfc7a1c774: c5f8 77e8 

  0x000002dfc7a1c778: ; ImmutableOopMap {[32]=Oop [72]=NarrowOop [88]=Oop [104]=Oop }
                      ;*invokestatic checkIndex {reexecute=0 rethrow=0 return_oop=0}
                      ; - java.nio.Buffer::checkIndex@8
                      ; - java.nio.DirectLongBufferU::get@11
                      ; - jdk.internal.perf.PerfCounter::get@5
                      ; - jdk.internal.perf.PerfCounter::add@1
                      ; - jdk.internal.perf.PerfCounter::increment@2
                      ; - java.lang.ClassLoader::loadClass@96
  0x000002dfc7a1c778: 847e 82ff 

  0x000002dfc7a1c77c: ;   {other}
  0x000002dfc7a1c77c: 0f1f 8400 | 6c12 0021 | baec ffff | ff48 ff74 | 2448 488f | 4424 204c | 8944 2448 | 4489 5c24 
  0x000002dfc7a1c79c: 5066 6690 

  0x000002dfc7a1c7a0: ;   {runtime_call UncommonTrapBlob}
  0x000002dfc7a1c7a0: c5f8 77e8 

  0x000002dfc7a1c7a4: ; ImmutableOopMap {rbp=NarrowOop [32]=Oop [80]=NarrowOop [88]=Oop [104]=Oop }
                      ;*ifnull {reexecute=1 rethrow=0 return_oop=0}
                      ; - (reexecute) java.nio.Buffer::session@4
                      ; - java.nio.DirectLongBufferU::put@4
                      ; - jdk.internal.perf.PerfCounter::add@13
                      ; - jdk.internal.perf.PerfCounter::increment@2
                      ; - java.lang.ClassLoader::loadClass@96
  0x000002dfc7a1c7a4: 587e 82ff 

  0x000002dfc7a1c7a8: ;   {other}
  0x000002dfc7a1c7a8: 0f1f 8400 | 9812 0022 | bacc ffff | ff48 ff74 | 2448 488f | 4424 204c | 8944 2448 | 4489 5c24 
  0x000002dfc7a1c7c8: 5066 6690 

  0x000002dfc7a1c7cc: ;   {runtime_call UncommonTrapBlob}
  0x000002dfc7a1c7cc: c5f8 77e8 

  0x000002dfc7a1c7d0: ; ImmutableOopMap {[32]=Oop [80]=NarrowOop [88]=Oop [104]=Oop }
                      ;*invokestatic checkIndex {reexecute=0 rethrow=0 return_oop=0}
                      ; - java.nio.Buffer::checkIndex@8
                      ; - java.nio.DirectLongBufferU::put@11
                      ; - jdk.internal.perf.PerfCounter::add@13
                      ; - jdk.internal.perf.PerfCounter::increment@2
                      ; - java.lang.ClassLoader::loadClass@96
  0x000002dfc7a1c7d0: 2c7e 82ff 

  0x000002dfc7a1c7d4: ;   {other}
  0x000002dfc7a1c7d4: 0f1f 8400 | c412 0023 

  0x000002dfc7a1c7dc: ;   {oop(a 'jdk/internal/perf/PerfCounter'{0x000000008008c778})}
  0x000002dfc7a1c7dc: 48b9 78c7 | 0880 0000 | 0000 488d | 5424 784d | 8bc7 c5f8 | 7749 ba10 | 5a80 37f9 | 7f00 0041 
  0x000002dfc7a1c7fc: ;   {other}
  0x000002dfc7a1c7fc: ffd2 0f1f | 8400 0000 | 0000 e946 | f9ff ffba | 45ff ffff | 4489 5424 | 2066 6690 

  0x000002dfc7a1c818: ;   {runtime_call UncommonTrapBlob}
  0x000002dfc7a1c818: c5f8 77e8 

  0x000002dfc7a1c81c: ; ImmutableOopMap {[72]=Oop [88]=Oop [104]=Oop }
                      ;*ifeq {reexecute=1 rethrow=0 return_oop=0}
                      ; - (reexecute) java.lang.ClassLoader::loadClass@100
  0x000002dfc7a1c81c: e07d 82ff 

  0x000002dfc7a1c820: ;   {other}
  0x000002dfc7a1c820: 0f1f 8400 | 1013 0024 | 488b e8e9 | e4f3 ffff | 448b 5808 

  0x000002dfc7a1c834: ;   {metadata('java/lang/ClassNotFoundException')}
  0x000002dfc7a1c834: 4181 fbd4 | 8900 200f | 8491 f2ff | ff48 8be8 | e9cb f3ff | ffba f6ff | ffff 488b | 6c24 4890 
  0x000002dfc7a1c854: ;   {runtime_call UncommonTrapBlob}
  0x000002dfc7a1c854: c5f8 77e8 

  0x000002dfc7a1c858: ; ImmutableOopMap {rbp=Oop [64]=Oop [88]=Oop }
                      ;*arraylength {reexecute=0 rethrow=0 return_oop=0}
                      ; - java.lang.String::isEmpty@4
                      ; - java.lang.ClassLoader::checkName@5
                      ; - java.lang.ClassLoader::findLoadedClass@1
                      ; - java.lang.ClassLoader::loadClass@10
  0x000002dfc7a1c858: a47d 82ff 

  0x000002dfc7a1c85c: ;   {other}
  0x000002dfc7a1c85c: 0f1f 8400 | 4c13 0025 | ba45 ffff | ff48 8b6c | 2448 4c89 | 5424 3890 

  0x000002dfc7a1c874: ;   {runtime_call UncommonTrapBlob}
  0x000002dfc7a1c874: c5f8 77e8 

  0x000002dfc7a1c878: ; ImmutableOopMap {rbp=Oop [56]=Oop [64]=Oop [88]=Oop }
                      ;*ifnull {reexecute=1 rethrow=0 return_oop=0}
                      ; - (reexecute) java.lang.ClassLoader::checkName@1
                      ; - java.lang.ClassLoader::findLoadedClass@1
                      ; - java.lang.ClassLoader::loadClass@10
  0x000002dfc7a1c878: 847d 82ff 

  0x000002dfc7a1c87c: ;   {other}
  0x000002dfc7a1c87c: 0f1f 8400 | 6c13 0026 | baf6 ffff | ff44 8b5c | 2428 4489 | 5c24 2090 

  0x000002dfc7a1c894: ;   {runtime_call UncommonTrapBlob}
  0x000002dfc7a1c894: c5f8 77e8 

  0x000002dfc7a1c898: ; ImmutableOopMap {[72]=Oop [88]=Oop [104]=Oop }
                      ;*invokevirtual get {reexecute=0 rethrow=0 return_oop=0}
                      ; - jdk.internal.perf.PerfCounter::get@5
                      ; - jdk.internal.perf.PerfCounter::add@1
                      ; - jdk.internal.perf.PerfCounter::addTime@2
                      ; - java.lang.ClassLoader::loadClass@82
  0x000002dfc7a1c898: 647d 82ff 

  0x000002dfc7a1c89c: ;   {other}
  0x000002dfc7a1c89c: 0f1f 8400 | 8c13 0027 | baf6 ffff | ff48 8b6c | 2448 448b | 4424 2844 | 8944 2420 | 4c89 5424 
  0x000002dfc7a1c8bc: 4866 6690 

  0x000002dfc7a1c8c0: ;   {runtime_call UncommonTrapBlob}
  0x000002dfc7a1c8c0: c5f8 77e8 

  0x000002dfc7a1c8c4: ; ImmutableOopMap {rbp=Oop [88]=Oop [104]=Oop }
                      ;*invokevirtual put {reexecute=0 rethrow=0 return_oop=0}
                      ; - jdk.internal.perf.PerfCounter::add@13
                      ; - jdk.internal.perf.PerfCounter::addTime@2
                      ; - java.lang.ClassLoader::loadClass@82
  0x000002dfc7a1c8c4: 387d 82ff 

  0x000002dfc7a1c8c8: ;   {other}
  0x000002dfc7a1c8c8: 0f1f 8400 | b813 0028 | baf6 ffff | ff44 8b54 | 2428 4489 | 5424 2090 

  0x000002dfc7a1c8e0: ;   {runtime_call UncommonTrapBlob}
  0x000002dfc7a1c8e0: c5f8 77e8 

  0x000002dfc7a1c8e4: ; ImmutableOopMap {[72]=Oop [88]=Oop [104]=Oop }
                      ;*invokevirtual get {reexecute=0 rethrow=0 return_oop=0}
                      ; - jdk.internal.perf.PerfCounter::get@5
                      ; - jdk.internal.perf.PerfCounter::add@1
                      ; - jdk.internal.perf.PerfCounter::addElapsedTimeFrom@6
                      ; - java.lang.ClassLoader::loadClass@90
  0x000002dfc7a1c8e4: 187d 82ff 

  0x000002dfc7a1c8e8: ;   {other}
  0x000002dfc7a1c8e8: 0f1f 8400 | d813 0029 | baf6 ffff | ff44 8b54 | 2428 4489 | 5424 2090 

  0x000002dfc7a1c900: ;   {runtime_call UncommonTrapBlob}
  0x000002dfc7a1c900: c5f8 77e8 

  0x000002dfc7a1c904: ; ImmutableOopMap {[72]=Oop [88]=Oop [104]=Oop }
                      ;*invokevirtual get {reexecute=0 rethrow=0 return_oop=0}
                      ; - jdk.internal.perf.PerfCounter::get@5
                      ; - jdk.internal.perf.PerfCounter::add@1
                      ; - jdk.internal.perf.PerfCounter::increment@2
                      ; - java.lang.ClassLoader::loadClass@96
  0x000002dfc7a1c904: f87c 82ff 

  0x000002dfc7a1c908: ;   {other}
  0x000002dfc7a1c908: 0f1f 8400 | f813 002a | baf6 ffff | ff44 8b54 | 2428 4489 | 5424 204c | 8944 2440 

  0x000002dfc7a1c924: ;   {runtime_call UncommonTrapBlob}
  0x000002dfc7a1c924: c5f8 77e8 

  0x000002dfc7a1c928: ; ImmutableOopMap {[72]=Oop [88]=Oop [104]=Oop }
                      ;*invokevirtual put {reexecute=0 rethrow=0 return_oop=0}
                      ; - jdk.internal.perf.PerfCounter::add@13
                      ; - jdk.internal.perf.PerfCounter::increment@2
                      ; - java.lang.ClassLoader::loadClass@96
  0x000002dfc7a1c928: d47c 82ff 

  0x000002dfc7a1c92c: ;   {other}
  0x000002dfc7a1c92c: 0f1f 8400 | 1c14 002b | eb00 488b | e8e9 73f3 | ffff e991 | 0000 0044 

  0x000002dfc7a1c944: ;   {metadata('java/security/PrivilegedActionException')}
  0x000002dfc7a1c944: 8b58 0841 | 81fb b6b8 | 0420 0f85 | 8000 0000 | 488b e8eb | 5aeb 7944 | 8b50 084d | 33db 4f8d 
  0x000002dfc7a1c964: 1cd3 eb0b | 448b 5008 | 4d33 db4f | 8d1c d34d 

  0x000002dfc7a1c974: ;   {metadata('java/lang/RuntimeException')}
  0x000002dfc7a1c974: 8b53 4849 | b840 3d04 | 0001 0000 | 004d 3bd0 | 7508 488b | e8e9 86f2 | ffff 4d8b 

  0x000002dfc7a1c990: ;   {metadata('java/lang/Exception')}
  0x000002dfc7a1c990: 5b40 49b8 | d03a 0400 | 0100 0000 | 4d3b d874 

  0x000002dfc7a1c9a0: ;   {metadata('java/security/PrivilegedActionException')}
  0x000002dfc7a1c9a0: 3b49 bbb0 | c525 0001 | 0000 004d | 3bd3 7524 | 488b e8ba | adff ffff | 448b 5c24 | 2844 895c 
  0x000002dfc7a1c9c0: 2420 6690 

  0x000002dfc7a1c9c4: ;   {runtime_call UncommonTrapBlob}
  0x000002dfc7a1c9c4: c5f8 77e8 

  0x000002dfc7a1c9c8: ; ImmutableOopMap {rbp=Oop [88]=Oop [96]=Oop }
                      ;*invokevirtual getException {reexecute=0 rethrow=0 return_oop=0}
                      ; - java.net.URLClassLoader::findClass@25
                      ; - java.lang.ClassLoader::loadClass@69
  0x000002dfc7a1c9c8: 347c 82ff 

  0x000002dfc7a1c9cc: ;   {other}
  0x000002dfc7a1c9cc: 0f1f 8400 | bc14 002c | 488b e8e9 | 38f2 ffff | 488b e8ba | 9100 0000 | 448b 5c24 | 2844 895c 
  0x000002dfc7a1c9ec: 2420 48ff | 7424 4048 | 8f44 2428 

  0x000002dfc7a1c9f8: ;   {runtime_call UncommonTrapBlob}
  0x000002dfc7a1c9f8: c5f8 77e8 

  0x000002dfc7a1c9fc: ; ImmutableOopMap {rbp=Oop [40]=Oop [88]=Oop [96]=Oop }
                      ;*new {reexecute=0 rethrow=0 return_oop=0}
                      ; - java.security.AccessController::wrapException@0
                      ; - java.security.AccessController::doPrivileged@22
                      ; - java.net.URLClassLoader::findClass@13
                      ; - java.lang.ClassLoader::loadClass@69
  0x000002dfc7a1c9fc: 007c 82ff 

  0x000002dfc7a1ca00: ;   {other}
  0x000002dfc7a1ca00: 0f1f 8400 | f014 002d 

  0x000002dfc7a1ca08: ;   {internal_word}
  0x000002dfc7a1ca08: 49ba 0cc2 | a1c7 df02 | 0000 4d89 | 9760 0400 

  0x000002dfc7a1ca18: ;   {runtime_call SafepointBlob}
  0x000002dfc7a1ca18: 00e9 e28c 

  0x000002dfc7a1ca1c: ;   {runtime_call StubRoutines (final stubs)}
  0x000002dfc7a1ca1c: 82ff e8fd | d080 ffe9 | f6ed ffff 
[Stub Code]
  0x000002dfc7a1ca28: ;   {no_reloc}
  0x000002dfc7a1ca28: 48bb 68c2 | 69d4 df02 

  0x000002dfc7a1ca30: ;   {runtime_call I2C/C2I adapters}
  0x000002dfc7a1ca30: 0000 e923 

  0x000002dfc7a1ca34: ;   {static_stub}
  0x000002dfc7a1ca34: 6a82 ff48 | bb00 0000 | 0000 0000 

  0x000002dfc7a1ca40: ;   {runtime_call nmethod}
  0x000002dfc7a1ca40: 00e9 fbff 

  0x000002dfc7a1ca44: ;   {static_stub}
  0x000002dfc7a1ca44: ffff 48bb | 40d4 10d4 | df02 0000 

  0x000002dfc7a1ca50: ;   {runtime_call I2C/C2I adapters}
  0x000002dfc7a1ca50: e910 b47f 

  0x000002dfc7a1ca54: ;   {static_stub}
  0x000002dfc7a1ca54: ff48 bb00 | 0000 0000 

  0x000002dfc7a1ca5c: ;   {runtime_call nmethod}
  0x000002dfc7a1ca5c: 0000 00e9 | fbff ffff 

  0x000002dfc7a1ca64: ;   {static_stub}
  0x000002dfc7a1ca64: 48bb 0000 | 0000 0000 

  0x000002dfc7a1ca6c: ;   {runtime_call nmethod}
  0x000002dfc7a1ca6c: 0000 e9fb 

  0x000002dfc7a1ca70: ;   {runtime_call ExceptionBlob}
  0x000002dfc7a1ca70: ffff ffe9 | 081a 85ff 
[Deopt Handler Code]
  0x000002dfc7a1ca78: e800 0000 | 0048 832c 

  0x000002dfc7a1ca80: ;   {runtime_call DeoptimizationBlob}
  0x000002dfc7a1ca80: 2405 e919 | 7f82 fff4 
[/MachCode]


---------------  P R O C E S S  ---------------

Threads class SMR info:
_java_thread_list=0x000002dfecbd6540, length=65, elements={
0x000002dfbaa54790, 0x000002dfd37c18a0, 0x000002dfd37c2cf0, 0x000002dfd37c45e0,
0x000002dfd37aa390, 0x000002dfd37aade0, 0x000002dfd37abfd0, 0x000002dfd37acd50,
0x000002dfd37dffd0, 0x000002dfd391d0c0, 0x000002dfd3a76d90, 0x000002dfd9a6c100,
0x000002dfd9a4f4a0, 0x000002dfd8975450, 0x000002dfd9878780, 0x000002dfd989a390,
0x000002dfd9898950, 0x000002dfd989aa20, 0x000002dfd989b0b0, 0x000002dfd3972170,
0x000002dfd3970730, 0x000002dfd396dfd0, 0x000002dfd3971450, 0x000002dfdca61300,
0x000002dfdca626b0, 0x000002dfdca64e10, 0x000002dfdca654a0, 0x000002dfe256a790,
0x000002dfe25686c0, 0x000002dfe2565240, 0x000002dfe256a100, 0x000002dfe25658d0,
0x000002dfe256ae20, 0x000002dfe2563e90, 0x000002dfe2568d50, 0x000002dfe2564520,
0x000002dfe25679a0, 0x000002dfe25665f0, 0x000002dfe2566c80, 0x000002dfe25693e0,
0x000002dfe2564bb0, 0x000002dfe2567310, 0x000002dfdb2074d0, 0x000002dfdb205400,
0x000002dfdb206120, 0x000002dfdb208f10, 0x000002dfe30fd470, 0x000002dfe30f92d0,
0x000002dfe30fc0c0, 0x000002dfdca62020, 0x000002dfe250f620, 0x000002dfe250b480,
0x000002dfe250bb10, 0x000002dfe250cec0, 0x000002dfe250adf0, 0x000002dfe250c1a0,
0x000002dfe250a760, 0x000002dfe250e270, 0x000002dfe250d550, 0x000002dfe364f8f0,
0x000002dfebef5710, 0x000002dfebefb2f0, 0x000002dfebef9f40, 0x000002dfebefcd30,
0x000002dfebefd3c0
}

Java Threads: ( => current thread )
  0x000002dfbaa54790 JavaThread "main"                              [_thread_blocked, id=14240, stack(0x000000e93da00000,0x000000e93db00000) (1024K)]
  0x000002dfd37c18a0 JavaThread "Reference Handler"          daemon [_thread_blocked, id=1528, stack(0x000000e93e200000,0x000000e93e300000) (1024K)]
  0x000002dfd37c2cf0 JavaThread "Finalizer"                  daemon [_thread_blocked, id=10988, stack(0x000000e93e300000,0x000000e93e400000) (1024K)]
  0x000002dfd37c45e0 JavaThread "Signal Dispatcher"          daemon [_thread_blocked, id=12608, stack(0x000000e93e400000,0x000000e93e500000) (1024K)]
  0x000002dfd37aa390 JavaThread "Attach Listener"            daemon [_thread_blocked, id=8968, stack(0x000000e93e500000,0x000000e93e600000) (1024K)]
  0x000002dfd37aade0 JavaThread "Service Thread"             daemon [_thread_blocked, id=1040, stack(0x000000e93e600000,0x000000e93e700000) (1024K)]
  0x000002dfd37abfd0 JavaThread "Monitor Deflation Thread"   daemon [_thread_blocked, id=3152, stack(0x000000e93e700000,0x000000e93e800000) (1024K)]
  0x000002dfd37acd50 JavaThread "C2 CompilerThread0"         daemon [_thread_blocked, id=13576, stack(0x000000e93e800000,0x000000e93e900000) (1024K)]
  0x000002dfd37dffd0 JavaThread "C1 CompilerThread0"         daemon [_thread_blocked, id=4816, stack(0x000000e93e900000,0x000000e93ea00000) (1024K)]
  0x000002dfd391d0c0 JavaThread "Common-Cleaner"             daemon [_thread_blocked, id=12484, stack(0x000000e93ea00000,0x000000e93eb00000) (1024K)]
  0x000002dfd3a76d90 JavaThread "Notification Thread"        daemon [_thread_blocked, id=13492, stack(0x000000e93eb00000,0x000000e93ec00000) (1024K)]
  0x000002dfd9a6c100 JavaThread "Daemon health stats"               [_thread_blocked, id=5108, stack(0x000000e93ed00000,0x000000e93ee00000) (1024K)]
  0x000002dfd9a4f4a0 JavaThread "Incoming local TCP Connector on port 49660"        [_thread_in_native, id=10520, stack(0x000000e93ee00000,0x000000e93ef00000) (1024K)]
  0x000002dfd8975450 JavaThread "Daemon periodic checks"            [_thread_blocked, id=13520, stack(0x000000e93ef00000,0x000000e93f000000) (1024K)]
  0x000002dfd9878780 JavaThread "Daemon"                            [_thread_blocked, id=2972, stack(0x000000e93f000000,0x000000e93f100000) (1024K)]
  0x000002dfd989a390 JavaThread "Daemon worker"                     [_thread_blocked, id=3232, stack(0x000000e93f300000,0x000000e93f400000) (1024K)]
  0x000002dfd9898950 JavaThread "Cache worker for journal cache (C:\Users\HP\.gradle\caches\journal-1)"        [_thread_blocked, id=6460, stack(0x000000e93f700000,0x000000e93f800000) (1024K)]
  0x000002dfd989aa20 JavaThread "File lock request listener"        [_thread_in_native, id=7092, stack(0x000000e93f800000,0x000000e93f900000) (1024K)]
  0x000002dfd989b0b0 JavaThread "Cache worker for file hash cache (C:\Users\HP\.gradle\caches\8.9\fileHashes)"        [_thread_blocked, id=9800, stack(0x000000e93f900000,0x000000e93fa00000) (1024K)]
  0x000002dfd3972170 JavaThread "File watcher server"        daemon [_thread_in_native, id=13624, stack(0x000000e93fc00000,0x000000e93fd00000) (1024K)]
  0x000002dfd3970730 JavaThread "File watcher consumer"      daemon [_thread_blocked, id=1692, stack(0x000000e93fd00000,0x000000e93fe00000) (1024K)]
  0x000002dfd396dfd0 JavaThread "Cache worker for file content cache (C:\Users\HP\.gradle\caches\8.9\fileContent)"        [_thread_blocked, id=9412, stack(0x000000e93ff00000,0x000000e940000000) (1024K)]
  0x000002dfd3971450 JavaThread "Memory manager"                    [_thread_blocked, id=6200, stack(0x000000e940a00000,0x000000e940b00000) (1024K)]
  0x000002dfdca61300 JavaThread "RMI Scheduler(0)"           daemon [_thread_blocked, id=12264, stack(0x000000e942000000,0x000000e942100000) (1024K)]
  0x000002dfdca626b0 JavaThread "RMI GC Daemon"              daemon [_thread_blocked, id=13900, stack(0x000000e942200000,0x000000e942300000) (1024K)]
  0x000002dfdca64e10 JavaThread "RMI TCP Accept-0"           daemon [_thread_in_native, id=11428, stack(0x000000e942300000,0x000000e942400000) (1024K)]
  0x000002dfdca654a0 JavaThread "RMI Reaper"                        [_thread_blocked, id=8668, stack(0x000000e942400000,0x000000e942500000) (1024K)]
  0x000002dfe256a790 JavaThread "Handler for socket connection from /127.0.0.1:49660 to /127.0.0.1:49725"        [_thread_in_native, id=13816, stack(0x000000e93d900000,0x000000e93da00000) (1024K)]
  0x000002dfe25686c0 JavaThread "Cancel handler"                    [_thread_blocked, id=13452, stack(0x000000e93f100000,0x000000e93f200000) (1024K)]
  0x000002dfe2565240 JavaThread "Asynchronous log dispatcher for DefaultDaemonConnection: socket connection from /127.0.0.1:49660 to /127.0.0.1:49725"        [_thread_blocked, id=4408, stack(0x000000e93f200000,0x000000e93f300000) (1024K)]
  0x000002dfe256a100 JavaThread "Stdin handler"                     [_thread_blocked, id=3660, stack(0x000000e93f400000,0x000000e93f500000) (1024K)]
  0x000002dfe25658d0 JavaThread "Daemon client event forwarder"        [_thread_blocked, id=9052, stack(0x000000e93f500000,0x000000e93f600000) (1024K)]
  0x000002dfe256ae20 JavaThread "Cache worker for file hash cache (D:\COOLYEAH\KP\Mobile_FaceRecognition\.gradle\8.9\fileHashes)"        [_thread_blocked, id=7936, stack(0x000000e93f600000,0x000000e93f700000) (1024K)]
  0x000002dfe2563e90 JavaThread "Cache worker for Build Output Cleanup Cache (D:\COOLYEAH\KP\Mobile_FaceRecognition\.gradle\buildOutputCleanup)"        [_thread_blocked, id=3016, stack(0x000000e93fa00000,0x000000e93fb00000) (1024K)]
  0x000002dfe2568d50 JavaThread "Cache worker for checksums cache (D:\COOLYEAH\KP\Mobile_FaceRecognition\.gradle\8.9\checksums)"        [_thread_blocked, id=8700, stack(0x000000e93fb00000,0x000000e93fc00000) (1024K)]
  0x000002dfe2564520 JavaThread "Cache worker for cache directory md-rule (C:\Users\HP\.gradle\caches\8.9\md-rule)"        [_thread_blocked, id=5240, stack(0x000000e93fe00000,0x000000e93ff00000) (1024K)]
  0x000002dfe25679a0 JavaThread "Cache worker for cache directory md-supplier (C:\Users\HP\.gradle\caches\8.9\md-supplier)"        [_thread_blocked, id=5220, stack(0x000000e940000000,0x000000e940100000) (1024K)]
  0x000002dfe25665f0 JavaThread "Unconstrained build operations"        [_thread_blocked, id=12860, stack(0x000000e940100000,0x000000e940200000) (1024K)]
  0x000002dfe2566c80 JavaThread "Unconstrained build operations Thread 2"        [_thread_blocked, id=6160, stack(0x000000e940300000,0x000000e940400000) (1024K)]
  0x000002dfe25693e0 JavaThread "Unconstrained build operations Thread 3"        [_thread_blocked, id=10392, stack(0x000000e940400000,0x000000e940500000) (1024K)]
  0x000002dfe2564bb0 JavaThread "Unconstrained build operations Thread 4"        [_thread_blocked, id=14132, stack(0x000000e940500000,0x000000e940600000) (1024K)]
  0x000002dfe2567310 JavaThread "build event listener"              [_thread_blocked, id=7828, stack(0x000000e940600000,0x000000e940700000) (1024K)]
  0x000002dfdb2074d0 JavaThread "build event listener"              [_thread_blocked, id=1184, stack(0x000000e940700000,0x000000e940800000) (1024K)]
=>0x000002dfdb205400 JavaThread "included builds"                   [_thread_in_vm, id=4148, stack(0x000000e940900000,0x000000e940a00000) (1024K)]
  0x000002dfdb206120 JavaThread "Execution worker"                  [_thread_blocked, id=3800, stack(0x000000e940b00000,0x000000e940c00000) (1024K)]
  0x000002dfdb208f10 JavaThread "Cache worker for execution history cache (D:\COOLYEAH\KP\Mobile_FaceRecognition\.gradle\8.9\executionHistory)"        [_thread_blocked, id=4240, stack(0x000000e940d00000,0x000000e940e00000) (1024K)]
  0x000002dfe30fd470 JavaThread "Unconstrained build operations Thread 5"        [_thread_blocked, id=9360, stack(0x000000e940e00000,0x000000e940f00000) (1024K)]
  0x000002dfe30f92d0 JavaThread "Unconstrained build operations Thread 6"        [_thread_blocked, id=4048, stack(0x000000e940f00000,0x000000e941000000) (1024K)]
  0x000002dfe30fc0c0 JavaThread "WorkerExecutor Queue"              [_thread_blocked, id=14200, stack(0x000000e941000000,0x000000e941100000) (1024K)]
  0x000002dfdca62020 JavaThread "WorkerExecutor Queue Thread 2"        [_thread_blocked, id=12364, stack(0x000000e941200000,0x000000e941300000) (1024K)]
  0x000002dfe250f620 JavaThread "Unconstrained build operations Thread 7"        [_thread_blocked, id=11976, stack(0x000000e941300000,0x000000e941400000) (1024K)]
  0x000002dfe250b480 JavaThread "Unconstrained build operations Thread 8"        [_thread_blocked, id=1988, stack(0x000000e941400000,0x000000e941500000) (1024K)]
  0x000002dfe250bb10 JavaThread "pool-5-thread-1"                   [_thread_blocked, id=6756, stack(0x000000e941500000,0x000000e941600000) (1024K)]
  0x000002dfe250cec0 JavaThread "stderr"                            [_thread_in_native, id=13512, stack(0x000000e941600000,0x000000e941700000) (1024K)]
  0x000002dfe250adf0 JavaThread "stdout"                            [_thread_in_native, id=5848, stack(0x000000e941700000,0x000000e941800000) (1024K)]
  0x000002dfe250c1a0 JavaThread "Unconstrained build operations Thread 9"        [_thread_blocked, id=14160, stack(0x000000e940c00000,0x000000e940d00000) (1024K)]
  0x000002dfe250a760 JavaThread "Unconstrained build operations Thread 10"        [_thread_blocked, id=12000, stack(0x000000e941800000,0x000000e941900000) (1024K)]
  0x000002dfe250e270 JavaThread "Unconstrained build operations Thread 11"        [_thread_blocked, id=12780, stack(0x000000e941900000,0x000000e941a00000) (1024K)]
  0x000002dfe250d550 JavaThread "RMI TCP Connection(8)-127.0.0.1" daemon [_thread_in_native, id=4748, stack(0x000000e941c00000,0x000000e941d00000) (1024K)]
  0x000002dfe364f8f0 JavaThread "Unconstrained build operations Thread 12"        [_thread_blocked, id=7404, stack(0x000000e940800000,0x000000e940900000) (1024K)]
  0x000002dfebef5710 JavaThread "Unconstrained build operations Thread 13"        [_thread_blocked, id=10928, stack(0x000000e941100000,0x000000e941200000) (1024K)]
  0x000002dfebefb2f0 JavaThread "RMI RenewClean-[127.0.0.1:17240,org.jetbrains.kotlin.daemon.common.LoopbackNetworkInterface$ClientLoopbackSocketFactory@3c39f014]" daemon [_thread_blocked, id=2308, stack(0x000000e941a00000,0x000000e941b00000) (1024K)]
  0x000002dfebef9f40 JavaThread "RMI TCP Connection(idle)"   daemon [_thread_blocked, id=10324, stack(0x000000e941b00000,0x000000e941c00000) (1024K)]
  0x000002dfebefcd30 JavaThread "Unconstrained build operations Thread 14"        [_thread_blocked, id=11148, stack(0x000000e941d00000,0x000000e941e00000) (1024K)]
  0x000002dfebefd3c0 JavaThread "Cache worker for Java compile cache (C:\Users\HP\.gradle\caches\8.9\javaCompile)"        [_thread_blocked, id=4624, stack(0x000000e941e00000,0x000000e941f00000) (1024K)]
Total: 65

Other Threads:
  0x000002dfd34e0640 VMThread "VM Thread"                           [id=2232, stack(0x000000e93e100000,0x000000e93e200000) (1024K)]
  0x000002dfd347f260 WatcherThread "VM Periodic Task Thread"        [id=11492, stack(0x000000e93e000000,0x000000e93e100000) (1024K)]
  0x000002dfbcbc3c30 WorkerThread "GC Thread#0"                     [id=14284, stack(0x000000e93db00000,0x000000e93dc00000) (1024K)]
  0x000002dfd8062950 WorkerThread "GC Thread#1"                     [id=11436, stack(0x000000e93ec00000,0x000000e93ed00000) (1024K)]
  0x000002dfbcbd4c90 ConcurrentGCThread "G1 Main Marker"            [id=12688, stack(0x000000e93dc00000,0x000000e93dd00000) (1024K)]
  0x000002dfbcbd56a0 WorkerThread "G1 Conc#0"                       [id=4768, stack(0x000000e93dd00000,0x000000e93de00000) (1024K)]
  0x000002dfbcc2d840 ConcurrentGCThread "G1 Refine#0"               [id=960, stack(0x000000e93de00000,0x000000e93df00000) (1024K)]
  0x000002dfdc2040f0 ConcurrentGCThread "G1 Refine#1"               [id=1388, stack(0x000000e93d800000,0x000000e93d900000) (1024K)]
  0x000002dfbcc2e2c0 ConcurrentGCThread "G1 Service"                [id=1492, stack(0x000000e93df00000,0x000000e93e000000) (1024K)]
Total: 9

Threads with active compile tasks:
Total: 0

VM state: not at safepoint (normal execution)

VM Mutex/Monitor currently owned by a thread:  ([mutex/lock_event])
[0x00007ff937c7b160] Metaspace_lock - owner thread: 0x000002dfdb205400

Heap address: 0x0000000080000000, size: 2048 MB, Compressed Oops mode: 32-bit

CDS archive(s) not mapped
Compressed class space mapped at: 0x0000000100000000-0x0000000140000000, reserved size: 1073741824
Narrow klass base: 0x0000000000000000, Narrow klass shift: 3, Narrow klass range: 0x140000000

GC Precious Log:
 CardTable entry size: 512
 Card Set container configuration: InlinePtr #cards 5 size 8 Array Of Cards #cards 12 size 40 Howl #buckets 4 coarsen threshold 1843 Howl Bitmap #cards 512 size 80 coarsen threshold 460 Card regions per heap region 1 cards per card region 2048
 CPUs: 2 total, 2 available
 Memory: 6055M
 Large Page Support: Disabled
 NUMA Support: Disabled
 Compressed Oops: Enabled (32-bit)
 Heap Region Size: 1M
 Heap Min Capacity: 8M
 Heap Initial Capacity: 96M
 Heap Max Capacity: 2G
 Pre-touch: Disabled
 Parallel Workers: 2
 Concurrent Workers: 1
 Concurrent Refinement Workers: 2
 Periodic GC: Disabled

Heap:
 garbage-first heap   total 1527808K, used 990720K [0x0000000080000000, 0x0000000100000000)
  region size 1024K, 295 young (302080K), 46 survivors (47104K)
 Metaspace       used 192112K, committed 194688K, reserved 1245184K
  class space    used 24626K, committed 25984K, reserved 1048576K

Heap Regions: E=young(eden), S=young(survivor), O=old, HS=humongous(starts), HC=humongous(continues), CS=collection set, F=free, TAMS=top-at-mark-start, PB=parsable bottom
|   0|0x0000000080000000, 0x0000000080100000, 0x0000000080100000|100%| O|  |TAMS 0x0000000080000000| PB 0x0000000080000000| Untracked 
|   1|0x0000000080100000, 0x0000000080200000, 0x0000000080200000|100%|HS|  |TAMS 0x0000000080100000| PB 0x0000000080100000| Complete 
|   2|0x0000000080200000, 0x0000000080300000, 0x0000000080300000|100%|HC|  |TAMS 0x0000000080200000| PB 0x0000000080200000| Complete 
|   3|0x0000000080300000, 0x0000000080400000, 0x0000000080400000|100%|HC|  |TAMS 0x0000000080300000| PB 0x0000000080300000| Complete 
|   4|0x0000000080400000, 0x0000000080500000, 0x0000000080500000|100%|HC|  |TAMS 0x0000000080400000| PB 0x0000000080400000| Complete 
|   5|0x0000000080500000, 0x0000000080600000, 0x0000000080600000|100%| O|  |TAMS 0x0000000080500000| PB 0x0000000080500000| Untracked 
|   6|0x0000000080600000, 0x0000000080700000, 0x0000000080700000|100%| O|  |TAMS 0x0000000080600000| PB 0x0000000080600000| Untracked 
|   7|0x0000000080700000, 0x0000000080800000, 0x0000000080800000|100%| O|  |TAMS 0x0000000080700000| PB 0x0000000080700000| Untracked 
|   8|0x0000000080800000, 0x0000000080900000, 0x0000000080900000|100%| O|  |TAMS 0x0000000080800000| PB 0x0000000080800000| Untracked 
|   9|0x0000000080900000, 0x0000000080a00000, 0x0000000080a00000|100%|HS|  |TAMS 0x0000000080900000| PB 0x0000000080900000| Complete 
|  10|0x0000000080a00000, 0x0000000080b00000, 0x0000000080b00000|100%| O|  |TAMS 0x0000000080a00000| PB 0x0000000080a00000| Untracked 
|  11|0x0000000080b00000, 0x0000000080c00000, 0x0000000080c00000|100%| O|  |TAMS 0x0000000080b00000| PB 0x0000000080b00000| Untracked 
|  12|0x0000000080c00000, 0x0000000080d00000, 0x0000000080d00000|100%| O|  |TAMS 0x0000000080c00000| PB 0x0000000080c00000| Untracked 
|  13|0x0000000080d00000, 0x0000000080e00000, 0x0000000080e00000|100%| O|  |TAMS 0x0000000080d00000| PB 0x0000000080d00000| Untracked 
|  14|0x0000000080e00000, 0x0000000080f00000, 0x0000000080f00000|100%| O|  |TAMS 0x0000000080e00000| PB 0x0000000080e00000| Untracked 
|  15|0x0000000080f00000, 0x0000000081000000, 0x0000000081000000|100%| O|  |TAMS 0x0000000080f00000| PB 0x0000000080f00000| Untracked 
|  16|0x0000000081000000, 0x0000000081100000, 0x0000000081100000|100%| O|  |TAMS 0x0000000081000000| PB 0x0000000081000000| Untracked 
|  17|0x0000000081100000, 0x0000000081200000, 0x0000000081200000|100%| O|  |TAMS 0x0000000081100000| PB 0x0000000081100000| Untracked 
|  18|0x0000000081200000, 0x0000000081300000, 0x0000000081300000|100%| O|  |TAMS 0x0000000081200000| PB 0x0000000081200000| Untracked 
|  19|0x0000000081300000, 0x0000000081400000, 0x0000000081400000|100%| O|  |TAMS 0x0000000081300000| PB 0x0000000081300000| Untracked 
|  20|0x0000000081400000, 0x0000000081500000, 0x0000000081500000|100%| O|  |TAMS 0x0000000081400000| PB 0x0000000081400000| Untracked 
|  21|0x0000000081500000, 0x0000000081600000, 0x0000000081600000|100%| O|  |TAMS 0x0000000081500000| PB 0x0000000081500000| Untracked 
|  22|0x0000000081600000, 0x0000000081700000, 0x0000000081700000|100%| O|  |TAMS 0x0000000081600000| PB 0x0000000081600000| Untracked 
|  23|0x0000000081700000, 0x0000000081800000, 0x0000000081800000|100%| O|  |TAMS 0x0000000081700000| PB 0x0000000081700000| Untracked 
|  24|0x0000000081800000, 0x0000000081900000, 0x0000000081900000|100%| O|  |TAMS 0x0000000081800000| PB 0x0000000081800000| Untracked 
|  25|0x0000000081900000, 0x0000000081a00000, 0x0000000081a00000|100%| O|  |TAMS 0x0000000081900000| PB 0x0000000081900000| Untracked 
|  26|0x0000000081a00000, 0x0000000081b00000, 0x0000000081b00000|100%| O|  |TAMS 0x0000000081a00000| PB 0x0000000081a00000| Untracked 
|  27|0x0000000081b00000, 0x0000000081c00000, 0x0000000081c00000|100%| O|  |TAMS 0x0000000081b00000| PB 0x0000000081b00000| Untracked 
|  28|0x0000000081c00000, 0x0000000081d00000, 0x0000000081d00000|100%| O|  |TAMS 0x0000000081c00000| PB 0x0000000081c00000| Untracked 
|  29|0x0000000081d00000, 0x0000000081e00000, 0x0000000081e00000|100%| O|  |TAMS 0x0000000081d00000| PB 0x0000000081d00000| Untracked 
|  30|0x0000000081e00000, 0x0000000081f00000, 0x0000000081f00000|100%| O|  |TAMS 0x0000000081e00000| PB 0x0000000081e00000| Untracked 
|  31|0x0000000081f00000, 0x0000000082000000, 0x0000000082000000|100%| O|  |TAMS 0x0000000081f00000| PB 0x0000000081f00000| Untracked 
|  32|0x0000000082000000, 0x0000000082100000, 0x0000000082100000|100%| O|  |TAMS 0x0000000082000000| PB 0x0000000082000000| Untracked 
|  33|0x0000000082100000, 0x0000000082200000, 0x0000000082200000|100%| O|  |TAMS 0x0000000082100000| PB 0x0000000082100000| Untracked 
|  34|0x0000000082200000, 0x0000000082300000, 0x0000000082300000|100%| O|  |TAMS 0x0000000082200000| PB 0x0000000082200000| Untracked 
|  35|0x0000000082300000, 0x0000000082400000, 0x0000000082400000|100%| O|  |TAMS 0x0000000082300000| PB 0x0000000082300000| Untracked 
|  36|0x0000000082400000, 0x0000000082500000, 0x0000000082500000|100%| O|  |TAMS 0x0000000082400000| PB 0x0000000082400000| Untracked 
|  37|0x0000000082500000, 0x0000000082600000, 0x0000000082600000|100%| O|  |TAMS 0x0000000082500000| PB 0x0000000082500000| Untracked 
|  38|0x0000000082600000, 0x0000000082700000, 0x0000000082700000|100%| O|  |TAMS 0x0000000082600000| PB 0x0000000082600000| Untracked 
|  39|0x0000000082700000, 0x0000000082800000, 0x0000000082800000|100%| O|  |TAMS 0x0000000082700000| PB 0x0000000082700000| Untracked 
|  40|0x0000000082800000, 0x0000000082900000, 0x0000000082900000|100%|HS|  |TAMS 0x0000000082800000| PB 0x0000000082800000| Complete 
|  41|0x0000000082900000, 0x0000000082a00000, 0x0000000082a00000|100%|HC|  |TAMS 0x0000000082900000| PB 0x0000000082900000| Complete 
|  42|0x0000000082a00000, 0x0000000082b00000, 0x0000000082b00000|100%| O|  |TAMS 0x0000000082a00000| PB 0x0000000082a00000| Untracked 
|  43|0x0000000082b00000, 0x0000000082c00000, 0x0000000082c00000|100%| O|  |TAMS 0x0000000082b00000| PB 0x0000000082b00000| Untracked 
|  44|0x0000000082c00000, 0x0000000082c00000, 0x0000000082d00000|  0%| F|  |TAMS 0x0000000082c00000| PB 0x0000000082c00000| Untracked 
|  45|0x0000000082d00000, 0x0000000082e00000, 0x0000000082e00000|100%| O|  |TAMS 0x0000000082d00000| PB 0x0000000082d00000| Untracked 
|  46|0x0000000082e00000, 0x0000000082f00000, 0x0000000082f00000|100%| O|  |TAMS 0x0000000082e00000| PB 0x0000000082e00000| Untracked 
|  47|0x0000000082f00000, 0x0000000083000000, 0x0000000083000000|100%|HS|  |TAMS 0x0000000082f00000| PB 0x0000000082f00000| Complete 
|  48|0x0000000083000000, 0x0000000083100000, 0x0000000083100000|100%|HS|  |TAMS 0x0000000083000000| PB 0x0000000083000000| Complete 
|  49|0x0000000083100000, 0x0000000083200000, 0x0000000083200000|100%|HC|  |TAMS 0x0000000083100000| PB 0x0000000083100000| Complete 
|  50|0x0000000083200000, 0x0000000083300000, 0x0000000083300000|100%| O|  |TAMS 0x0000000083200000| PB 0x0000000083200000| Untracked 
|  51|0x0000000083300000, 0x0000000083400000, 0x0000000083400000|100%|HS|  |TAMS 0x0000000083300000| PB 0x0000000083300000| Complete 
|  52|0x0000000083400000, 0x0000000083500000, 0x0000000083500000|100%|HS|  |TAMS 0x0000000083400000| PB 0x0000000083400000| Complete 
|  53|0x0000000083500000, 0x0000000083600000, 0x0000000083600000|100%|HC|  |TAMS 0x0000000083500000| PB 0x0000000083500000| Complete 
|  54|0x0000000083600000, 0x0000000083700000, 0x0000000083700000|100%|HS|  |TAMS 0x0000000083600000| PB 0x0000000083600000| Complete 
|  55|0x0000000083700000, 0x0000000083800000, 0x0000000083800000|100%|HC|  |TAMS 0x0000000083700000| PB 0x0000000083700000| Complete 
|  56|0x0000000083800000, 0x0000000083900000, 0x0000000083900000|100%|HS|  |TAMS 0x0000000083800000| PB 0x0000000083800000| Complete 
|  57|0x0000000083900000, 0x0000000083a00000, 0x0000000083a00000|100%|HS|  |TAMS 0x0000000083900000| PB 0x0000000083900000| Complete 
|  58|0x0000000083a00000, 0x0000000083b00000, 0x0000000083b00000|100%|HS|  |TAMS 0x0000000083a00000| PB 0x0000000083a00000| Complete 
|  59|0x0000000083b00000, 0x0000000083c00000, 0x0000000083c00000|100%|HS|  |TAMS 0x0000000083b00000| PB 0x0000000083b00000| Complete 
|  60|0x0000000083c00000, 0x0000000083d00000, 0x0000000083d00000|100%| O|  |TAMS 0x0000000083c00000| PB 0x0000000083c00000| Untracked 
|  61|0x0000000083d00000, 0x0000000083e00000, 0x0000000083e00000|100%| O|  |TAMS 0x0000000083d00000| PB 0x0000000083d00000| Untracked 
|  62|0x0000000083e00000, 0x0000000083f00000, 0x0000000083f00000|100%| O|  |TAMS 0x0000000083e00000| PB 0x0000000083e00000| Untracked 
|  63|0x0000000083f00000, 0x0000000084000000, 0x0000000084000000|100%| O|  |TAMS 0x0000000083f00000| PB 0x0000000083f00000| Untracked 
|  64|0x0000000084000000, 0x0000000084100000, 0x0000000084100000|100%| O|  |TAMS 0x0000000084000000| PB 0x0000000084000000| Untracked 
|  65|0x0000000084100000, 0x0000000084200000, 0x0000000084200000|100%| O|  |TAMS 0x0000000084100000| PB 0x0000000084100000| Untracked 
|  66|0x0000000084200000, 0x0000000084200000, 0x0000000084300000|  0%| F|  |TAMS 0x0000000084200000| PB 0x0000000084200000| Untracked 
|  67|0x0000000084300000, 0x0000000084400000, 0x0000000084400000|100%| O|  |TAMS 0x0000000084300000| PB 0x0000000084300000| Untracked 
|  68|0x0000000084400000, 0x0000000084500000, 0x0000000084500000|100%| O|  |TAMS 0x0000000084400000| PB 0x0000000084400000| Untracked 
|  69|0x0000000084500000, 0x0000000084600000, 0x0000000084600000|100%|HS|  |TAMS 0x0000000084500000| PB 0x0000000084500000| Complete 
|  70|0x0000000084600000, 0x0000000084700000, 0x0000000084700000|100%| O|  |TAMS 0x0000000084600000| PB 0x0000000084600000| Untracked 
|  71|0x0000000084700000, 0x0000000084800000, 0x0000000084800000|100%| O|  |TAMS 0x0000000084700000| PB 0x0000000084700000| Untracked 
|  72|0x0000000084800000, 0x0000000084900000, 0x0000000084900000|100%| O|  |TAMS 0x0000000084800000| PB 0x0000000084800000| Untracked 
|  73|0x0000000084900000, 0x0000000084a00000, 0x0000000084a00000|100%| O|  |TAMS 0x0000000084900000| PB 0x0000000084900000| Untracked 
|  74|0x0000000084a00000, 0x0000000084a00000, 0x0000000084b00000|  0%| F|  |TAMS 0x0000000084a00000| PB 0x0000000084a00000| Untracked 
|  75|0x0000000084b00000, 0x0000000084c00000, 0x0000000084c00000|100%| O|  |TAMS 0x0000000084b00000| PB 0x0000000084b00000| Untracked 
|  76|0x0000000084c00000, 0x0000000084d00000, 0x0000000084d00000|100%|HS|  |TAMS 0x0000000084c00000| PB 0x0000000084c00000| Complete 
|  77|0x0000000084d00000, 0x0000000084e00000, 0x0000000084e00000|100%|HC|  |TAMS 0x0000000084d00000| PB 0x0000000084d00000| Complete 
|  78|0x0000000084e00000, 0x0000000084f00000, 0x0000000084f00000|100%| O|  |TAMS 0x0000000084e00000| PB 0x0000000084e00000| Untracked 
|  79|0x0000000084f00000, 0x0000000085000000, 0x0000000085000000|100%| O|  |TAMS 0x0000000084f00000| PB 0x0000000084f00000| Untracked 
|  80|0x0000000085000000, 0x0000000085000000, 0x0000000085100000|  0%| F|  |TAMS 0x0000000085000000| PB 0x0000000085000000| Untracked 
|  81|0x0000000085100000, 0x0000000085200000, 0x0000000085200000|100%| O|  |TAMS 0x0000000085100000| PB 0x0000000085100000| Untracked 
|  82|0x0000000085200000, 0x0000000085300000, 0x0000000085300000|100%| O|  |TAMS 0x0000000085200000| PB 0x0000000085200000| Untracked 
|  83|0x0000000085300000, 0x0000000085400000, 0x0000000085400000|100%| O|  |TAMS 0x0000000085300000| PB 0x0000000085300000| Untracked 
|  84|0x0000000085400000, 0x0000000085500000, 0x0000000085500000|100%|HS|  |TAMS 0x0000000085400000| PB 0x0000000085400000| Complete 
|  85|0x0000000085500000, 0x0000000085600000, 0x0000000085600000|100%|HC|  |TAMS 0x0000000085500000| PB 0x0000000085500000| Complete 
|  86|0x0000000085600000, 0x0000000085700000, 0x0000000085700000|100%| O|  |TAMS 0x0000000085600000| PB 0x0000000085600000| Untracked 
|  87|0x0000000085700000, 0x0000000085700000, 0x0000000085800000|  0%| F|  |TAMS 0x0000000085700000| PB 0x0000000085700000| Untracked 
|  88|0x0000000085800000, 0x0000000085900000, 0x0000000085900000|100%| O|  |TAMS 0x0000000085800000| PB 0x0000000085800000| Untracked 
|  89|0x0000000085900000, 0x0000000085a00000, 0x0000000085a00000|100%|HS|  |TAMS 0x0000000085900000| PB 0x0000000085900000| Complete 
|  90|0x0000000085a00000, 0x0000000085b00000, 0x0000000085b00000|100%|HC|  |TAMS 0x0000000085a00000| PB 0x0000000085a00000| Complete 
|  91|0x0000000085b00000, 0x0000000085c00000, 0x0000000085c00000|100%| O|  |TAMS 0x0000000085b00000| PB 0x0000000085b00000| Untracked 
|  92|0x0000000085c00000, 0x0000000085c00000, 0x0000000085d00000|  0%| F|  |TAMS 0x0000000085c00000| PB 0x0000000085c00000| Untracked 
|  93|0x0000000085d00000, 0x0000000085e00000, 0x0000000085e00000|100%| O|  |TAMS 0x0000000085d00000| PB 0x0000000085d00000| Untracked 
|  94|0x0000000085e00000, 0x0000000085e00000, 0x0000000085f00000|  0%| F|  |TAMS 0x0000000085e00000| PB 0x0000000085e00000| Untracked 
|  95|0x0000000085f00000, 0x0000000086000000, 0x0000000086000000|100%| O|  |TAMS 0x0000000085f00000| PB 0x0000000085f00000| Untracked 
|  96|0x0000000086000000, 0x0000000086100000, 0x0000000086100000|100%| O|  |TAMS 0x0000000086000000| PB 0x0000000086000000| Untracked 
|  97|0x0000000086100000, 0x0000000086200000, 0x0000000086200000|100%| O|  |TAMS 0x0000000086100000| PB 0x0000000086100000| Untracked 
|  98|0x0000000086200000, 0x0000000086300000, 0x0000000086300000|100%|HS|  |TAMS 0x0000000086200000| PB 0x0000000086200000| Complete 
|  99|0x0000000086300000, 0x0000000086400000, 0x0000000086400000|100%|HC|  |TAMS 0x0000000086300000| PB 0x0000000086300000| Complete 
| 100|0x0000000086400000, 0x0000000086500000, 0x0000000086500000|100%| O|  |TAMS 0x0000000086400000| PB 0x0000000086400000| Untracked 
| 101|0x0000000086500000, 0x0000000086600000, 0x0000000086600000|100%| O|  |TAMS 0x0000000086500000| PB 0x0000000086500000| Untracked 
| 102|0x0000000086600000, 0x0000000086600000, 0x0000000086700000|  0%| F|  |TAMS 0x0000000086600000| PB 0x0000000086600000| Untracked 
| 103|0x0000000086700000, 0x0000000086800000, 0x0000000086800000|100%| O|  |TAMS 0x0000000086700000| PB 0x0000000086700000| Untracked 
| 104|0x0000000086800000, 0x0000000086900000, 0x0000000086900000|100%| O|  |TAMS 0x0000000086800000| PB 0x0000000086800000| Untracked 
| 105|0x0000000086900000, 0x0000000086a00000, 0x0000000086a00000|100%| O|  |TAMS 0x0000000086900000| PB 0x0000000086900000| Untracked 
| 106|0x0000000086a00000, 0x0000000086b00000, 0x0000000086b00000|100%| O|  |TAMS 0x0000000086a00000| PB 0x0000000086a00000| Untracked 
| 107|0x0000000086b00000, 0x0000000086c00000, 0x0000000086c00000|100%| O|  |TAMS 0x0000000086b00000| PB 0x0000000086b00000| Untracked 
| 108|0x0000000086c00000, 0x0000000086c00000, 0x0000000086d00000|  0%| F|  |TAMS 0x0000000086c00000| PB 0x0000000086c00000| Untracked 
| 109|0x0000000086d00000, 0x0000000086e00000, 0x0000000086e00000|100%| O|  |TAMS 0x0000000086d00000| PB 0x0000000086d00000| Untracked 
| 110|0x0000000086e00000, 0x0000000086f00000, 0x0000000086f00000|100%| O|  |TAMS 0x0000000086e00000| PB 0x0000000086e00000| Untracked 
| 111|0x0000000086f00000, 0x0000000087000000, 0x0000000087000000|100%| O|  |TAMS 0x0000000086f00000| PB 0x0000000086f00000| Untracked 
| 112|0x0000000087000000, 0x0000000087000000, 0x0000000087100000|  0%| F|  |TAMS 0x0000000087000000| PB 0x0000000087000000| Untracked 
| 113|0x0000000087100000, 0x0000000087100000, 0x0000000087200000|  0%| F|  |TAMS 0x0000000087100000| PB 0x0000000087100000| Untracked 
| 114|0x0000000087200000, 0x0000000087200000, 0x0000000087300000|  0%| F|  |TAMS 0x0000000087200000| PB 0x0000000087200000| Untracked 
| 115|0x0000000087300000, 0x0000000087400000, 0x0000000087400000|100%| O|  |TAMS 0x0000000087300000| PB 0x0000000087300000| Untracked 
| 116|0x0000000087400000, 0x0000000087500000, 0x0000000087500000|100%| O|Cm|TAMS 0x0000000087400000| PB 0x0000000087400000| Complete 
| 117|0x0000000087500000, 0x0000000087600000, 0x0000000087600000|100%| O|  |TAMS 0x0000000087500000| PB 0x0000000087500000| Untracked 
| 118|0x0000000087600000, 0x0000000087700000, 0x0000000087700000|100%| O|  |TAMS 0x0000000087600000| PB 0x0000000087600000| Untracked 
| 119|0x0000000087700000, 0x0000000087800000, 0x0000000087800000|100%| O|  |TAMS 0x0000000087700000| PB 0x0000000087700000| Untracked 
| 120|0x0000000087800000, 0x0000000087900000, 0x0000000087900000|100%| O|  |TAMS 0x0000000087800000| PB 0x0000000087800000| Untracked 
| 121|0x0000000087900000, 0x0000000087a00000, 0x0000000087a00000|100%| O|  |TAMS 0x0000000087900000| PB 0x0000000087900000| Untracked 
| 122|0x0000000087a00000, 0x0000000087b00000, 0x0000000087b00000|100%| O|  |TAMS 0x0000000087a00000| PB 0x0000000087a00000| Untracked 
| 123|0x0000000087b00000, 0x0000000087c00000, 0x0000000087c00000|100%| O|Cm|TAMS 0x0000000087b00000| PB 0x0000000087b00000| Complete 
| 124|0x0000000087c00000, 0x0000000087c00000, 0x0000000087d00000|  0%| F|  |TAMS 0x0000000087c00000| PB 0x0000000087c00000| Untracked 
| 125|0x0000000087d00000, 0x0000000087e00000, 0x0000000087e00000|100%| O|Cm|TAMS 0x0000000087d00000| PB 0x0000000087d00000| Complete 
| 126|0x0000000087e00000, 0x0000000087f00000, 0x0000000087f00000|100%| O|  |TAMS 0x0000000087e00000| PB 0x0000000087e00000| Untracked 
| 127|0x0000000087f00000, 0x0000000087f00000, 0x0000000088000000|  0%| F|  |TAMS 0x0000000087f00000| PB 0x0000000087f00000| Untracked 
| 128|0x0000000088000000, 0x0000000088100000, 0x0000000088100000|100%| O|  |TAMS 0x0000000088000000| PB 0x0000000088000000| Untracked 
| 129|0x0000000088100000, 0x0000000088200000, 0x0000000088200000|100%| O|  |TAMS 0x0000000088100000| PB 0x0000000088100000| Untracked 
| 130|0x0000000088200000, 0x0000000088300000, 0x0000000088300000|100%| O|  |TAMS 0x0000000088200000| PB 0x0000000088200000| Untracked 
| 131|0x0000000088300000, 0x0000000088400000, 0x0000000088400000|100%| O|  |TAMS 0x0000000088300000| PB 0x0000000088300000| Untracked 
| 132|0x0000000088400000, 0x0000000088500000, 0x0000000088500000|100%| O|  |TAMS 0x0000000088400000| PB 0x0000000088400000| Untracked 
| 133|0x0000000088500000, 0x0000000088600000, 0x0000000088600000|100%| O|  |TAMS 0x0000000088500000| PB 0x0000000088500000| Untracked 
| 134|0x0000000088600000, 0x0000000088700000, 0x0000000088700000|100%|HS|  |TAMS 0x0000000088600000| PB 0x0000000088600000| Complete 
| 135|0x0000000088700000, 0x0000000088800000, 0x0000000088800000|100%|HC|  |TAMS 0x0000000088700000| PB 0x0000000088700000| Complete 
| 136|0x0000000088800000, 0x0000000088900000, 0x0000000088900000|100%|HS|  |TAMS 0x0000000088800000| PB 0x0000000088800000| Complete 
| 137|0x0000000088900000, 0x0000000088a00000, 0x0000000088a00000|100%|HC|  |TAMS 0x0000000088900000| PB 0x0000000088900000| Complete 
| 138|0x0000000088a00000, 0x0000000088b00000, 0x0000000088b00000|100%| O|  |TAMS 0x0000000088a00000| PB 0x0000000088a00000| Untracked 
| 139|0x0000000088b00000, 0x0000000088c00000, 0x0000000088c00000|100%| O|  |TAMS 0x0000000088b00000| PB 0x0000000088b00000| Untracked 
| 140|0x0000000088c00000, 0x0000000088d00000, 0x0000000088d00000|100%| O|  |TAMS 0x0000000088c00000| PB 0x0000000088c00000| Untracked 
| 141|0x0000000088d00000, 0x0000000088e00000, 0x0000000088e00000|100%| O|  |TAMS 0x0000000088d00000| PB 0x0000000088d00000| Untracked 
| 142|0x0000000088e00000, 0x0000000088f00000, 0x0000000088f00000|100%| O|  |TAMS 0x0000000088e00000| PB 0x0000000088e00000| Untracked 
| 143|0x0000000088f00000, 0x0000000089000000, 0x0000000089000000|100%| O|  |TAMS 0x0000000088f00000| PB 0x0000000088f00000| Untracked 
| 144|0x0000000089000000, 0x0000000089100000, 0x0000000089100000|100%| O|  |TAMS 0x0000000089000000| PB 0x0000000089000000| Untracked 
| 145|0x0000000089100000, 0x0000000089200000, 0x0000000089200000|100%| O|  |TAMS 0x0000000089100000| PB 0x0000000089100000| Untracked 
| 146|0x0000000089200000, 0x0000000089300000, 0x0000000089300000|100%| O|  |TAMS 0x0000000089200000| PB 0x0000000089200000| Untracked 
| 147|0x0000000089300000, 0x0000000089400000, 0x0000000089400000|100%| O|  |TAMS 0x0000000089300000| PB 0x0000000089300000| Untracked 
| 148|0x0000000089400000, 0x0000000089500000, 0x0000000089500000|100%|HS|  |TAMS 0x0000000089400000| PB 0x0000000089400000| Complete 
| 149|0x0000000089500000, 0x0000000089600000, 0x0000000089600000|100%|HC|  |TAMS 0x0000000089500000| PB 0x0000000089500000| Complete 
| 150|0x0000000089600000, 0x0000000089700000, 0x0000000089700000|100%|HC|  |TAMS 0x0000000089600000| PB 0x0000000089600000| Complete 
| 151|0x0000000089700000, 0x0000000089800000, 0x0000000089800000|100%| O|  |TAMS 0x0000000089700000| PB 0x0000000089700000| Untracked 
| 152|0x0000000089800000, 0x0000000089800000, 0x0000000089900000|  0%| F|  |TAMS 0x0000000089800000| PB 0x0000000089800000| Untracked 
| 153|0x0000000089900000, 0x0000000089900000, 0x0000000089a00000|  0%| F|  |TAMS 0x0000000089900000| PB 0x0000000089900000| Untracked 
| 154|0x0000000089a00000, 0x0000000089a00000, 0x0000000089b00000|  0%| F|  |TAMS 0x0000000089a00000| PB 0x0000000089a00000| Untracked 
| 155|0x0000000089b00000, 0x0000000089b00000, 0x0000000089c00000|  0%| F|  |TAMS 0x0000000089b00000| PB 0x0000000089b00000| Untracked 
| 156|0x0000000089c00000, 0x0000000089c00000, 0x0000000089d00000|  0%| F|  |TAMS 0x0000000089c00000| PB 0x0000000089c00000| Untracked 
| 157|0x0000000089d00000, 0x0000000089d00000, 0x0000000089e00000|  0%| F|  |TAMS 0x0000000089d00000| PB 0x0000000089d00000| Untracked 
| 158|0x0000000089e00000, 0x0000000089e00000, 0x0000000089f00000|  0%| F|  |TAMS 0x0000000089e00000| PB 0x0000000089e00000| Untracked 
| 159|0x0000000089f00000, 0x0000000089f00000, 0x000000008a000000|  0%| F|  |TAMS 0x0000000089f00000| PB 0x0000000089f00000| Untracked 
| 160|0x000000008a000000, 0x000000008a000000, 0x000000008a100000|  0%| F|  |TAMS 0x000000008a000000| PB 0x000000008a000000| Untracked 
| 161|0x000000008a100000, 0x000000008a100000, 0x000000008a200000|  0%| F|  |TAMS 0x000000008a100000| PB 0x000000008a100000| Untracked 
| 162|0x000000008a200000, 0x000000008a200000, 0x000000008a300000|  0%| F|  |TAMS 0x000000008a200000| PB 0x000000008a200000| Untracked 
| 163|0x000000008a300000, 0x000000008a400000, 0x000000008a400000|100%| O|  |TAMS 0x000000008a300000| PB 0x000000008a300000| Untracked 
| 164|0x000000008a400000, 0x000000008a500000, 0x000000008a500000|100%| O|Cm|TAMS 0x000000008a400000| PB 0x000000008a400000| Complete 
| 165|0x000000008a500000, 0x000000008a600000, 0x000000008a600000|100%| O|  |TAMS 0x000000008a500000| PB 0x000000008a500000| Untracked 
| 166|0x000000008a600000, 0x000000008a600000, 0x000000008a700000|  0%| F|  |TAMS 0x000000008a600000| PB 0x000000008a600000| Untracked 
| 167|0x000000008a700000, 0x000000008a700000, 0x000000008a800000|  0%| F|  |TAMS 0x000000008a700000| PB 0x000000008a700000| Untracked 
| 168|0x000000008a800000, 0x000000008a800000, 0x000000008a900000|  0%| F|  |TAMS 0x000000008a800000| PB 0x000000008a800000| Untracked 
| 169|0x000000008a900000, 0x000000008a900000, 0x000000008aa00000|  0%| F|  |TAMS 0x000000008a900000| PB 0x000000008a900000| Untracked 
| 170|0x000000008aa00000, 0x000000008aa00000, 0x000000008ab00000|  0%| F|  |TAMS 0x000000008aa00000| PB 0x000000008aa00000| Untracked 
| 171|0x000000008ab00000, 0x000000008ab00000, 0x000000008ac00000|  0%| F|  |TAMS 0x000000008ab00000| PB 0x000000008ab00000| Untracked 
| 172|0x000000008ac00000, 0x000000008ac00000, 0x000000008ad00000|  0%| F|  |TAMS 0x000000008ac00000| PB 0x000000008ac00000| Untracked 
| 173|0x000000008ad00000, 0x000000008ad00000, 0x000000008ae00000|  0%| F|  |TAMS 0x000000008ad00000| PB 0x000000008ad00000| Untracked 
| 174|0x000000008ae00000, 0x000000008ae00000, 0x000000008af00000|  0%| F|  |TAMS 0x000000008ae00000| PB 0x000000008ae00000| Untracked 
| 175|0x000000008af00000, 0x000000008b000000, 0x000000008b000000|100%| O|  |TAMS 0x000000008af00000| PB 0x000000008af00000| Untracked 
| 176|0x000000008b000000, 0x000000008b000000, 0x000000008b100000|  0%| F|  |TAMS 0x000000008b000000| PB 0x000000008b000000| Untracked 
| 177|0x000000008b100000, 0x000000008b200000, 0x000000008b200000|100%| O|  |TAMS 0x000000008b100000| PB 0x000000008b100000| Untracked 
| 178|0x000000008b200000, 0x000000008b300000, 0x000000008b300000|100%| O|Cm|TAMS 0x000000008b200000| PB 0x000000008b200000| Complete 
| 179|0x000000008b300000, 0x000000008b300000, 0x000000008b400000|  0%| F|  |TAMS 0x000000008b300000| PB 0x000000008b300000| Untracked 
| 180|0x000000008b400000, 0x000000008b500000, 0x000000008b500000|100%| O|  |TAMS 0x000000008b400000| PB 0x000000008b400000| Untracked 
| 181|0x000000008b500000, 0x000000008b500000, 0x000000008b600000|  0%| F|  |TAMS 0x000000008b500000| PB 0x000000008b500000| Untracked 
| 182|0x000000008b600000, 0x000000008b600000, 0x000000008b700000|  0%| F|  |TAMS 0x000000008b600000| PB 0x000000008b600000| Untracked 
| 183|0x000000008b700000, 0x000000008b700000, 0x000000008b800000|  0%| F|  |TAMS 0x000000008b700000| PB 0x000000008b700000| Untracked 
| 184|0x000000008b800000, 0x000000008b800000, 0x000000008b900000|  0%| F|  |TAMS 0x000000008b800000| PB 0x000000008b800000| Untracked 
| 185|0x000000008b900000, 0x000000008b900000, 0x000000008ba00000|  0%| F|  |TAMS 0x000000008b900000| PB 0x000000008b900000| Untracked 
| 186|0x000000008ba00000, 0x000000008ba00000, 0x000000008bb00000|  0%| F|  |TAMS 0x000000008ba00000| PB 0x000000008ba00000| Untracked 
| 187|0x000000008bb00000, 0x000000008bb00000, 0x000000008bc00000|  0%| F|  |TAMS 0x000000008bb00000| PB 0x000000008bb00000| Untracked 
| 188|0x000000008bc00000, 0x000000008bc00000, 0x000000008bd00000|  0%| F|  |TAMS 0x000000008bc00000| PB 0x000000008bc00000| Untracked 
| 189|0x000000008bd00000, 0x000000008bd00000, 0x000000008be00000|  0%| F|  |TAMS 0x000000008bd00000| PB 0x000000008bd00000| Untracked 
| 190|0x000000008be00000, 0x000000008be00000, 0x000000008bf00000|  0%| F|  |TAMS 0x000000008be00000| PB 0x000000008be00000| Untracked 
| 191|0x000000008bf00000, 0x000000008bf00000, 0x000000008c000000|  0%| F|  |TAMS 0x000000008bf00000| PB 0x000000008bf00000| Untracked 
| 192|0x000000008c000000, 0x000000008c000000, 0x000000008c100000|  0%| F|  |TAMS 0x000000008c000000| PB 0x000000008c000000| Untracked 
| 193|0x000000008c100000, 0x000000008c100000, 0x000000008c200000|  0%| F|  |TAMS 0x000000008c100000| PB 0x000000008c100000| Untracked 
| 194|0x000000008c200000, 0x000000008c200000, 0x000000008c300000|  0%| F|  |TAMS 0x000000008c200000| PB 0x000000008c200000| Untracked 
| 195|0x000000008c300000, 0x000000008c300000, 0x000000008c400000|  0%| F|  |TAMS 0x000000008c300000| PB 0x000000008c300000| Untracked 
| 196|0x000000008c400000, 0x000000008c400000, 0x000000008c500000|  0%| F|  |TAMS 0x000000008c400000| PB 0x000000008c400000| Untracked 
| 197|0x000000008c500000, 0x000000008c500000, 0x000000008c600000|  0%| F|  |TAMS 0x000000008c500000| PB 0x000000008c500000| Untracked 
| 198|0x000000008c600000, 0x000000008c600000, 0x000000008c700000|  0%| F|  |TAMS 0x000000008c600000| PB 0x000000008c600000| Untracked 
| 199|0x000000008c700000, 0x000000008c700000, 0x000000008c800000|  0%| F|  |TAMS 0x000000008c700000| PB 0x000000008c700000| Untracked 
| 200|0x000000008c800000, 0x000000008c800000, 0x000000008c900000|  0%| F|  |TAMS 0x000000008c800000| PB 0x000000008c800000| Untracked 
| 201|0x000000008c900000, 0x000000008c900000, 0x000000008ca00000|  0%| F|  |TAMS 0x000000008c900000| PB 0x000000008c900000| Untracked 
| 202|0x000000008ca00000, 0x000000008ca00000, 0x000000008cb00000|  0%| F|  |TAMS 0x000000008ca00000| PB 0x000000008ca00000| Untracked 
| 203|0x000000008cb00000, 0x000000008cb00000, 0x000000008cc00000|  0%| F|  |TAMS 0x000000008cb00000| PB 0x000000008cb00000| Untracked 
| 204|0x000000008cc00000, 0x000000008cc00000, 0x000000008cd00000|  0%| F|  |TAMS 0x000000008cc00000| PB 0x000000008cc00000| Untracked 
| 205|0x000000008cd00000, 0x000000008cd00000, 0x000000008ce00000|  0%| F|  |TAMS 0x000000008cd00000| PB 0x000000008cd00000| Untracked 
| 206|0x000000008ce00000, 0x000000008ce00000, 0x000000008cf00000|  0%| F|  |TAMS 0x000000008ce00000| PB 0x000000008ce00000| Untracked 
| 207|0x000000008cf00000, 0x000000008cf00000, 0x000000008d000000|  0%| F|  |TAMS 0x000000008cf00000| PB 0x000000008cf00000| Untracked 
| 208|0x000000008d000000, 0x000000008d000000, 0x000000008d100000|  0%| F|  |TAMS 0x000000008d000000| PB 0x000000008d000000| Untracked 
| 209|0x000000008d100000, 0x000000008d100000, 0x000000008d200000|  0%| F|  |TAMS 0x000000008d100000| PB 0x000000008d100000| Untracked 
| 210|0x000000008d200000, 0x000000008d200000, 0x000000008d300000|  0%| F|  |TAMS 0x000000008d200000| PB 0x000000008d200000| Untracked 
| 211|0x000000008d300000, 0x000000008d400000, 0x000000008d400000|100%| O|Cm|TAMS 0x000000008d300000| PB 0x000000008d300000| Complete 
| 212|0x000000008d400000, 0x000000008d400000, 0x000000008d500000|  0%| F|  |TAMS 0x000000008d400000| PB 0x000000008d400000| Untracked 
| 213|0x000000008d500000, 0x000000008d600000, 0x000000008d600000|100%| O|Cm|TAMS 0x000000008d500000| PB 0x000000008d500000| Complete 
| 214|0x000000008d600000, 0x000000008d600000, 0x000000008d700000|  0%| F|  |TAMS 0x000000008d600000| PB 0x000000008d600000| Untracked 
| 215|0x000000008d700000, 0x000000008d700000, 0x000000008d800000|  0%| F|  |TAMS 0x000000008d700000| PB 0x000000008d700000| Untracked 
| 216|0x000000008d800000, 0x000000008d800000, 0x000000008d900000|  0%| F|  |TAMS 0x000000008d800000| PB 0x000000008d800000| Untracked 
| 217|0x000000008d900000, 0x000000008d900000, 0x000000008da00000|  0%| F|  |TAMS 0x000000008d900000| PB 0x000000008d900000| Untracked 
| 218|0x000000008da00000, 0x000000008db00000, 0x000000008db00000|100%| O|  |TAMS 0x000000008da00000| PB 0x000000008da00000| Untracked 
| 219|0x000000008db00000, 0x000000008dc00000, 0x000000008dc00000|100%| O|Cm|TAMS 0x000000008db00000| PB 0x000000008db00000| Complete 
| 220|0x000000008dc00000, 0x000000008dc00000, 0x000000008dd00000|  0%| F|  |TAMS 0x000000008dc00000| PB 0x000000008dc00000| Untracked 
| 221|0x000000008dd00000, 0x000000008dd00000, 0x000000008de00000|  0%| F|  |TAMS 0x000000008dd00000| PB 0x000000008dd00000| Untracked 
| 222|0x000000008de00000, 0x000000008de00000, 0x000000008df00000|  0%| F|  |TAMS 0x000000008de00000| PB 0x000000008de00000| Untracked 
| 223|0x000000008df00000, 0x000000008e000000, 0x000000008e000000|100%| O|Cm|TAMS 0x000000008df00000| PB 0x000000008df00000| Complete 
| 224|0x000000008e000000, 0x000000008e100000, 0x000000008e100000|100%| O|  |TAMS 0x000000008e000000| PB 0x000000008e000000| Untracked 
| 225|0x000000008e100000, 0x000000008e200000, 0x000000008e200000|100%| O|  |TAMS 0x000000008e100000| PB 0x000000008e100000| Untracked 
| 226|0x000000008e200000, 0x000000008e300000, 0x000000008e300000|100%| O|  |TAMS 0x000000008e200000| PB 0x000000008e200000| Untracked 
| 227|0x000000008e300000, 0x000000008e400000, 0x000000008e400000|100%| O|  |TAMS 0x000000008e300000| PB 0x000000008e300000| Untracked 
| 228|0x000000008e400000, 0x000000008e500000, 0x000000008e500000|100%| O|  |TAMS 0x000000008e400000| PB 0x000000008e400000| Untracked 
| 229|0x000000008e500000, 0x000000008e500000, 0x000000008e600000|  0%| F|  |TAMS 0x000000008e500000| PB 0x000000008e500000| Untracked 
| 230|0x000000008e600000, 0x000000008e600000, 0x000000008e700000|  0%| F|  |TAMS 0x000000008e600000| PB 0x000000008e600000| Untracked 
| 231|0x000000008e700000, 0x000000008e700000, 0x000000008e800000|  0%| F|  |TAMS 0x000000008e700000| PB 0x000000008e700000| Untracked 
| 232|0x000000008e800000, 0x000000008e800000, 0x000000008e900000|  0%| F|  |TAMS 0x000000008e800000| PB 0x000000008e800000| Untracked 
| 233|0x000000008e900000, 0x000000008ea00000, 0x000000008ea00000|100%| O|  |TAMS 0x000000008e900000| PB 0x000000008e900000| Untracked 
| 234|0x000000008ea00000, 0x000000008ea00000, 0x000000008eb00000|  0%| F|  |TAMS 0x000000008ea00000| PB 0x000000008ea00000| Untracked 
| 235|0x000000008eb00000, 0x000000008ec00000, 0x000000008ec00000|100%| O|  |TAMS 0x000000008eb00000| PB 0x000000008eb00000| Untracked 
| 236|0x000000008ec00000, 0x000000008ed00000, 0x000000008ed00000|100%|HS|  |TAMS 0x000000008ec00000| PB 0x000000008ec00000| Complete 
| 237|0x000000008ed00000, 0x000000008ee00000, 0x000000008ee00000|100%| O|  |TAMS 0x000000008ed00000| PB 0x000000008ed00000| Untracked 
| 238|0x000000008ee00000, 0x000000008ef00000, 0x000000008ef00000|100%| O|  |TAMS 0x000000008ee00000| PB 0x000000008ee00000| Untracked 
| 239|0x000000008ef00000, 0x000000008f000000, 0x000000008f000000|100%|HS|  |TAMS 0x000000008ef00000| PB 0x000000008ef00000| Complete 
| 240|0x000000008f000000, 0x000000008f100000, 0x000000008f100000|100%| O|  |TAMS 0x000000008f000000| PB 0x000000008f000000| Untracked 
| 241|0x000000008f100000, 0x000000008f200000, 0x000000008f200000|100%| O|  |TAMS 0x000000008f100000| PB 0x000000008f100000| Untracked 
| 242|0x000000008f200000, 0x000000008f300000, 0x000000008f300000|100%| O|  |TAMS 0x000000008f200000| PB 0x000000008f200000| Untracked 
| 243|0x000000008f300000, 0x000000008f400000, 0x000000008f400000|100%| O|  |TAMS 0x000000008f300000| PB 0x000000008f300000| Untracked 
| 244|0x000000008f400000, 0x000000008f500000, 0x000000008f500000|100%| O|  |TAMS 0x000000008f400000| PB 0x000000008f400000| Untracked 
| 245|0x000000008f500000, 0x000000008f600000, 0x000000008f600000|100%| O|  |TAMS 0x000000008f500000| PB 0x000000008f500000| Untracked 
| 246|0x000000008f600000, 0x000000008f700000, 0x000000008f700000|100%| O|  |TAMS 0x000000008f600000| PB 0x000000008f600000| Untracked 
| 247|0x000000008f700000, 0x000000008f800000, 0x000000008f800000|100%| O|  |TAMS 0x000000008f700000| PB 0x000000008f700000| Untracked 
| 248|0x000000008f800000, 0x000000008f900000, 0x000000008f900000|100%| O|  |TAMS 0x000000008f800000| PB 0x000000008f800000| Untracked 
| 249|0x000000008f900000, 0x000000008fa00000, 0x000000008fa00000|100%| O|  |TAMS 0x000000008f900000| PB 0x000000008f900000| Untracked 
| 250|0x000000008fa00000, 0x000000008fb00000, 0x000000008fb00000|100%| O|  |TAMS 0x000000008fa00000| PB 0x000000008fa00000| Untracked 
| 251|0x000000008fb00000, 0x000000008fc00000, 0x000000008fc00000|100%| O|  |TAMS 0x000000008fb00000| PB 0x000000008fb00000| Untracked 
| 252|0x000000008fc00000, 0x000000008fd00000, 0x000000008fd00000|100%| O|  |TAMS 0x000000008fc00000| PB 0x000000008fc00000| Untracked 
| 253|0x000000008fd00000, 0x000000008fe00000, 0x000000008fe00000|100%| O|  |TAMS 0x000000008fd00000| PB 0x000000008fd00000| Untracked 
| 254|0x000000008fe00000, 0x000000008ff00000, 0x000000008ff00000|100%| O|  |TAMS 0x000000008fe00000| PB 0x000000008fe00000| Untracked 
| 255|0x000000008ff00000, 0x0000000090000000, 0x0000000090000000|100%| O|  |TAMS 0x000000008ff00000| PB 0x000000008ff00000| Untracked 
| 256|0x0000000090000000, 0x0000000090100000, 0x0000000090100000|100%| O|  |TAMS 0x0000000090000000| PB 0x0000000090000000| Untracked 
| 257|0x0000000090100000, 0x0000000090200000, 0x0000000090200000|100%| O|  |TAMS 0x0000000090100000| PB 0x0000000090100000| Untracked 
| 258|0x0000000090200000, 0x0000000090300000, 0x0000000090300000|100%| O|  |TAMS 0x0000000090200000| PB 0x0000000090200000| Untracked 
| 259|0x0000000090300000, 0x0000000090400000, 0x0000000090400000|100%| O|  |TAMS 0x0000000090300000| PB 0x0000000090300000| Untracked 
| 260|0x0000000090400000, 0x0000000090500000, 0x0000000090500000|100%| O|  |TAMS 0x0000000090400000| PB 0x0000000090400000| Untracked 
| 261|0x0000000090500000, 0x0000000090600000, 0x0000000090600000|100%| O|  |TAMS 0x0000000090500000| PB 0x0000000090500000| Untracked 
| 262|0x0000000090600000, 0x0000000090700000, 0x0000000090700000|100%| O|  |TAMS 0x0000000090600000| PB 0x0000000090600000| Untracked 
| 263|0x0000000090700000, 0x0000000090800000, 0x0000000090800000|100%| O|  |TAMS 0x0000000090700000| PB 0x0000000090700000| Untracked 
| 264|0x0000000090800000, 0x0000000090900000, 0x0000000090900000|100%| O|  |TAMS 0x0000000090800000| PB 0x0000000090800000| Untracked 
| 265|0x0000000090900000, 0x0000000090a00000, 0x0000000090a00000|100%| O|  |TAMS 0x0000000090900000| PB 0x0000000090900000| Untracked 
| 266|0x0000000090a00000, 0x0000000090b00000, 0x0000000090b00000|100%| O|  |TAMS 0x0000000090a00000| PB 0x0000000090a00000| Untracked 
| 267|0x0000000090b00000, 0x0000000090c00000, 0x0000000090c00000|100%| O|  |TAMS 0x0000000090b00000| PB 0x0000000090b00000| Untracked 
| 268|0x0000000090c00000, 0x0000000090d00000, 0x0000000090d00000|100%| O|  |TAMS 0x0000000090c00000| PB 0x0000000090c00000| Untracked 
| 269|0x0000000090d00000, 0x0000000090e00000, 0x0000000090e00000|100%| O|Cm|TAMS 0x0000000090d00000| PB 0x0000000090d00000| Complete 
| 270|0x0000000090e00000, 0x0000000090f00000, 0x0000000090f00000|100%| O|Cm|TAMS 0x0000000090e00000| PB 0x0000000090e00000| Complete 
| 271|0x0000000090f00000, 0x0000000091000000, 0x0000000091000000|100%| O|Cm|TAMS 0x0000000090f00000| PB 0x0000000090f00000| Complete 
| 272|0x0000000091000000, 0x0000000091100000, 0x0000000091100000|100%| O|Cm|TAMS 0x0000000091000000| PB 0x0000000091000000| Complete 
| 273|0x0000000091100000, 0x0000000091200000, 0x0000000091200000|100%| O|Cm|TAMS 0x0000000091100000| PB 0x0000000091100000| Complete 
| 274|0x0000000091200000, 0x0000000091200000, 0x0000000091300000|  0%| F|  |TAMS 0x0000000091200000| PB 0x0000000091200000| Untracked 
| 275|0x0000000091300000, 0x0000000091300000, 0x0000000091400000|  0%| F|  |TAMS 0x0000000091300000| PB 0x0000000091300000| Untracked 
| 276|0x0000000091400000, 0x0000000091400000, 0x0000000091500000|  0%| F|  |TAMS 0x0000000091400000| PB 0x0000000091400000| Untracked 
| 277|0x0000000091500000, 0x0000000091500000, 0x0000000091600000|  0%| F|  |TAMS 0x0000000091500000| PB 0x0000000091500000| Untracked 
| 278|0x0000000091600000, 0x0000000091600000, 0x0000000091700000|  0%| F|  |TAMS 0x0000000091600000| PB 0x0000000091600000| Untracked 
| 279|0x0000000091700000, 0x0000000091800000, 0x0000000091800000|100%|HS|  |TAMS 0x0000000091700000| PB 0x0000000091700000| Complete 
| 280|0x0000000091800000, 0x0000000091900000, 0x0000000091900000|100%|HC|  |TAMS 0x0000000091800000| PB 0x0000000091800000| Complete 
| 281|0x0000000091900000, 0x0000000091a00000, 0x0000000091a00000|100%|HS|  |TAMS 0x0000000091900000| PB 0x0000000091900000| Complete 
| 282|0x0000000091a00000, 0x0000000091b00000, 0x0000000091b00000|100%|HS|  |TAMS 0x0000000091a00000| PB 0x0000000091a00000| Complete 
| 283|0x0000000091b00000, 0x0000000091c00000, 0x0000000091c00000|100%|HS|  |TAMS 0x0000000091b00000| PB 0x0000000091b00000| Complete 
| 284|0x0000000091c00000, 0x0000000091d00000, 0x0000000091d00000|100%|HS|  |TAMS 0x0000000091c00000| PB 0x0000000091c00000| Complete 
| 285|0x0000000091d00000, 0x0000000091e00000, 0x0000000091e00000|100%|HC|  |TAMS 0x0000000091d00000| PB 0x0000000091d00000| Complete 
| 286|0x0000000091e00000, 0x0000000091f00000, 0x0000000091f00000|100%|HS|  |TAMS 0x0000000091e00000| PB 0x0000000091e00000| Complete 
| 287|0x0000000091f00000, 0x0000000092000000, 0x0000000092000000|100%|HS|  |TAMS 0x0000000091f00000| PB 0x0000000091f00000| Complete 
| 288|0x0000000092000000, 0x0000000092100000, 0x0000000092100000|100%|HS|  |TAMS 0x0000000092000000| PB 0x0000000092000000| Complete 
| 289|0x0000000092100000, 0x0000000092200000, 0x0000000092200000|100%|HC|  |TAMS 0x0000000092100000| PB 0x0000000092100000| Complete 
| 290|0x0000000092200000, 0x0000000092300000, 0x0000000092300000|100%| O|  |TAMS 0x0000000092200000| PB 0x0000000092200000| Untracked 
| 291|0x0000000092300000, 0x0000000092400000, 0x0000000092400000|100%| O|  |TAMS 0x0000000092300000| PB 0x0000000092300000| Untracked 
| 292|0x0000000092400000, 0x0000000092500000, 0x0000000092500000|100%|HS|  |TAMS 0x0000000092400000| PB 0x0000000092400000| Complete 
| 293|0x0000000092500000, 0x0000000092500000, 0x0000000092600000|  0%| F|  |TAMS 0x0000000092500000| PB 0x0000000092500000| Untracked 
| 294|0x0000000092600000, 0x0000000092600000, 0x0000000092700000|  0%| F|  |TAMS 0x0000000092600000| PB 0x0000000092600000| Untracked 
| 295|0x0000000092700000, 0x0000000092700000, 0x0000000092800000|  0%| F|  |TAMS 0x0000000092700000| PB 0x0000000092700000| Untracked 
| 296|0x0000000092800000, 0x0000000092800000, 0x0000000092900000|  0%| F|  |TAMS 0x0000000092800000| PB 0x0000000092800000| Untracked 
| 297|0x0000000092900000, 0x0000000092a00000, 0x0000000092a00000|100%|HS|  |TAMS 0x0000000092900000| PB 0x0000000092900000| Complete 
| 298|0x0000000092a00000, 0x0000000092b00000, 0x0000000092b00000|100%| O|  |TAMS 0x0000000092a00000| PB 0x0000000092a00000| Untracked 
| 299|0x0000000092b00000, 0x0000000092c00000, 0x0000000092c00000|100%| O|  |TAMS 0x0000000092b00000| PB 0x0000000092b00000| Untracked 
| 300|0x0000000092c00000, 0x0000000092d00000, 0x0000000092d00000|100%| O|Cm|TAMS 0x0000000092c00000| PB 0x0000000092c00000| Complete 
| 301|0x0000000092d00000, 0x0000000092e00000, 0x0000000092e00000|100%| O|Cm|TAMS 0x0000000092d00000| PB 0x0000000092d00000| Complete 
| 302|0x0000000092e00000, 0x0000000092f00000, 0x0000000092f00000|100%| O|Cm|TAMS 0x0000000092e00000| PB 0x0000000092e00000| Complete 
| 303|0x0000000092f00000, 0x0000000093000000, 0x0000000093000000|100%|HS|  |TAMS 0x0000000092f00000| PB 0x0000000092f00000| Complete 
| 304|0x0000000093000000, 0x0000000093100000, 0x0000000093100000|100%| O|Cm|TAMS 0x0000000093000000| PB 0x0000000093000000| Complete 
| 305|0x0000000093100000, 0x0000000093100000, 0x0000000093200000|  0%| F|  |TAMS 0x0000000093100000| PB 0x0000000093100000| Untracked 
| 306|0x0000000093200000, 0x0000000093300000, 0x0000000093300000|100%| O|Cm|TAMS 0x0000000093200000| PB 0x0000000093200000| Complete 
| 307|0x0000000093300000, 0x0000000093300000, 0x0000000093400000|  0%| F|  |TAMS 0x0000000093300000| PB 0x0000000093300000| Untracked 
| 308|0x0000000093400000, 0x0000000093500000, 0x0000000093500000|100%| O|Cm|TAMS 0x0000000093400000| PB 0x0000000093400000| Complete 
| 309|0x0000000093500000, 0x0000000093600000, 0x0000000093600000|100%| O|Cm|TAMS 0x0000000093500000| PB 0x0000000093500000| Complete 
| 310|0x0000000093600000, 0x0000000093700000, 0x0000000093700000|100%| O|Cm|TAMS 0x0000000093600000| PB 0x0000000093600000| Complete 
| 311|0x0000000093700000, 0x0000000093800000, 0x0000000093800000|100%|HS|  |TAMS 0x0000000093700000| PB 0x0000000093700000| Complete 
| 312|0x0000000093800000, 0x0000000093900000, 0x0000000093900000|100%|HC|  |TAMS 0x0000000093800000| PB 0x0000000093800000| Complete 
| 313|0x0000000093900000, 0x0000000093a00000, 0x0000000093a00000|100%| O|Cm|TAMS 0x0000000093900000| PB 0x0000000093900000| Complete 
| 314|0x0000000093a00000, 0x0000000093b00000, 0x0000000093b00000|100%| O|Cm|TAMS 0x0000000093a00000| PB 0x0000000093a00000| Complete 
| 315|0x0000000093b00000, 0x0000000093c00000, 0x0000000093c00000|100%| O|Cm|TAMS 0x0000000093b00000| PB 0x0000000093b00000| Complete 
| 316|0x0000000093c00000, 0x0000000093d00000, 0x0000000093d00000|100%| O|Cm|TAMS 0x0000000093c00000| PB 0x0000000093c00000| Complete 
| 317|0x0000000093d00000, 0x0000000093e00000, 0x0000000093e00000|100%| O|Cm|TAMS 0x0000000093d00000| PB 0x0000000093d00000| Complete 
| 318|0x0000000093e00000, 0x0000000093f00000, 0x0000000093f00000|100%| O|Cm|TAMS 0x0000000093e00000| PB 0x0000000093e00000| Complete 
| 319|0x0000000093f00000, 0x0000000094000000, 0x0000000094000000|100%|HS|  |TAMS 0x0000000093f00000| PB 0x0000000093f00000| Complete 
| 320|0x0000000094000000, 0x0000000094100000, 0x0000000094100000|100%|HC|  |TAMS 0x0000000094000000| PB 0x0000000094000000| Complete 
| 321|0x0000000094100000, 0x0000000094200000, 0x0000000094200000|100%| O|Cm|TAMS 0x0000000094100000| PB 0x0000000094100000| Complete 
| 322|0x0000000094200000, 0x0000000094300000, 0x0000000094300000|100%| O|Cm|TAMS 0x0000000094200000| PB 0x0000000094200000| Complete 
| 323|0x0000000094300000, 0x0000000094400000, 0x0000000094400000|100%| O|Cm|TAMS 0x0000000094300000| PB 0x0000000094300000| Complete 
| 324|0x0000000094400000, 0x0000000094500000, 0x0000000094500000|100%| O|Cm|TAMS 0x0000000094400000| PB 0x0000000094400000| Complete 
| 325|0x0000000094500000, 0x0000000094600000, 0x0000000094600000|100%| O|Cm|TAMS 0x0000000094500000| PB 0x0000000094500000| Complete 
| 326|0x0000000094600000, 0x0000000094700000, 0x0000000094700000|100%| O|Cm|TAMS 0x0000000094600000| PB 0x0000000094600000| Complete 
| 327|0x0000000094700000, 0x0000000094700000, 0x0000000094800000|  0%| F|  |TAMS 0x0000000094700000| PB 0x0000000094700000| Untracked 
| 328|0x0000000094800000, 0x0000000094800000, 0x0000000094900000|  0%| F|  |TAMS 0x0000000094800000| PB 0x0000000094800000| Untracked 
| 329|0x0000000094900000, 0x0000000094a00000, 0x0000000094a00000|100%| O|Cm|TAMS 0x0000000094900000| PB 0x0000000094900000| Complete 
| 330|0x0000000094a00000, 0x0000000094b00000, 0x0000000094b00000|100%| O|Cm|TAMS 0x0000000094a00000| PB 0x0000000094a00000| Complete 
| 331|0x0000000094b00000, 0x0000000094c00000, 0x0000000094c00000|100%| O|Cm|TAMS 0x0000000094b00000| PB 0x0000000094b00000| Complete 
| 332|0x0000000094c00000, 0x0000000094d00000, 0x0000000094d00000|100%| O|Cm|TAMS 0x0000000094c00000| PB 0x0000000094c00000| Complete 
| 333|0x0000000094d00000, 0x0000000094d00000, 0x0000000094e00000|  0%| F|  |TAMS 0x0000000094d00000| PB 0x0000000094d00000| Untracked 
| 334|0x0000000094e00000, 0x0000000094f00000, 0x0000000094f00000|100%| O|Cm|TAMS 0x0000000094e00000| PB 0x0000000094e00000| Complete 
| 335|0x0000000094f00000, 0x0000000095000000, 0x0000000095000000|100%| O|Cm|TAMS 0x0000000094f00000| PB 0x0000000094f00000| Complete 
| 336|0x0000000095000000, 0x0000000095100000, 0x0000000095100000|100%| O|Cm|TAMS 0x0000000095000000| PB 0x0000000095000000| Complete 
| 337|0x0000000095100000, 0x0000000095200000, 0x0000000095200000|100%| O|Cm|TAMS 0x0000000095100000| PB 0x0000000095100000| Complete 
| 338|0x0000000095200000, 0x0000000095300000, 0x0000000095300000|100%| O|Cm|TAMS 0x0000000095200000| PB 0x0000000095200000| Complete 
| 339|0x0000000095300000, 0x0000000095400000, 0x0000000095400000|100%| O|Cm|TAMS 0x0000000095300000| PB 0x0000000095300000| Complete 
| 340|0x0000000095400000, 0x0000000095500000, 0x0000000095500000|100%| O|Cm|TAMS 0x0000000095400000| PB 0x0000000095400000| Complete 
| 341|0x0000000095500000, 0x0000000095600000, 0x0000000095600000|100%| O|Cm|TAMS 0x0000000095500000| PB 0x0000000095500000| Complete 
| 342|0x0000000095600000, 0x0000000095700000, 0x0000000095700000|100%| O|  |TAMS 0x0000000095600000| PB 0x0000000095600000| Untracked 
| 343|0x0000000095700000, 0x0000000095800000, 0x0000000095800000|100%| O|Cm|TAMS 0x0000000095700000| PB 0x0000000095700000| Complete 
| 344|0x0000000095800000, 0x0000000095900000, 0x0000000095900000|100%| O|Cm|TAMS 0x0000000095800000| PB 0x0000000095800000| Complete 
| 345|0x0000000095900000, 0x0000000095a00000, 0x0000000095a00000|100%| O|Cm|TAMS 0x0000000095900000| PB 0x0000000095900000| Complete 
| 346|0x0000000095a00000, 0x0000000095b00000, 0x0000000095b00000|100%|HS|  |TAMS 0x0000000095a00000| PB 0x0000000095a00000| Complete 
| 347|0x0000000095b00000, 0x0000000095c00000, 0x0000000095c00000|100%|HC|  |TAMS 0x0000000095b00000| PB 0x0000000095b00000| Complete 
| 348|0x0000000095c00000, 0x0000000095d00000, 0x0000000095d00000|100%| O|Cm|TAMS 0x0000000095c00000| PB 0x0000000095c00000| Complete 
| 349|0x0000000095d00000, 0x0000000095e00000, 0x0000000095e00000|100%| O|Cm|TAMS 0x0000000095d00000| PB 0x0000000095d00000| Complete 
| 350|0x0000000095e00000, 0x0000000095f00000, 0x0000000095f00000|100%| O|Cm|TAMS 0x0000000095e00000| PB 0x0000000095e00000| Complete 
| 351|0x0000000095f00000, 0x0000000096000000, 0x0000000096000000|100%| O|Cm|TAMS 0x0000000095f00000| PB 0x0000000095f00000| Complete 
| 352|0x0000000096000000, 0x0000000096100000, 0x0000000096100000|100%| O|Cm|TAMS 0x0000000096000000| PB 0x0000000096000000| Complete 
| 353|0x0000000096100000, 0x0000000096200000, 0x0000000096200000|100%| O|Cm|TAMS 0x0000000096100000| PB 0x0000000096100000| Complete 
| 354|0x0000000096200000, 0x0000000096300000, 0x0000000096300000|100%|HS|  |TAMS 0x0000000096200000| PB 0x0000000096200000| Complete 
| 355|0x0000000096300000, 0x0000000096400000, 0x0000000096400000|100%|HC|  |TAMS 0x0000000096300000| PB 0x0000000096300000| Complete 
| 356|0x0000000096400000, 0x0000000096500000, 0x0000000096500000|100%|HC|  |TAMS 0x0000000096400000| PB 0x0000000096400000| Complete 
| 357|0x0000000096500000, 0x0000000096600000, 0x0000000096600000|100%| O|Cm|TAMS 0x0000000096500000| PB 0x0000000096500000| Complete 
| 358|0x0000000096600000, 0x0000000096700000, 0x0000000096700000|100%| O|Cm|TAMS 0x0000000096600000| PB 0x0000000096600000| Complete 
| 359|0x0000000096700000, 0x0000000096800000, 0x0000000096800000|100%| O|Cm|TAMS 0x0000000096700000| PB 0x0000000096700000| Complete 
| 360|0x0000000096800000, 0x0000000096900000, 0x0000000096900000|100%| O|Cm|TAMS 0x0000000096800000| PB 0x0000000096800000| Complete 
| 361|0x0000000096900000, 0x0000000096a00000, 0x0000000096a00000|100%| O|Cm|TAMS 0x0000000096900000| PB 0x0000000096900000| Complete 
| 362|0x0000000096a00000, 0x0000000096b00000, 0x0000000096b00000|100%| O|Cm|TAMS 0x0000000096a00000| PB 0x0000000096a00000| Complete 
| 363|0x0000000096b00000, 0x0000000096c00000, 0x0000000096c00000|100%|HS|  |TAMS 0x0000000096b00000| PB 0x0000000096b00000| Complete 
| 364|0x0000000096c00000, 0x0000000096d00000, 0x0000000096d00000|100%|HC|  |TAMS 0x0000000096c00000| PB 0x0000000096c00000| Complete 
| 365|0x0000000096d00000, 0x0000000096e00000, 0x0000000096e00000|100%| O|  |TAMS 0x0000000096d00000| PB 0x0000000096d00000| Untracked 
| 366|0x0000000096e00000, 0x0000000096f00000, 0x0000000096f00000|100%| O|  |TAMS 0x0000000096e00000| PB 0x0000000096e00000| Untracked 
| 367|0x0000000096f00000, 0x0000000097000000, 0x0000000097000000|100%| O|Cm|TAMS 0x0000000096f00000| PB 0x0000000096f00000| Complete 
| 368|0x0000000097000000, 0x0000000097100000, 0x0000000097100000|100%| O|  |TAMS 0x0000000097000000| PB 0x0000000097000000| Untracked 
| 369|0x0000000097100000, 0x0000000097200000, 0x0000000097200000|100%| O|Cm|TAMS 0x0000000097100000| PB 0x0000000097100000| Complete 
| 370|0x0000000097200000, 0x0000000097300000, 0x0000000097300000|100%| O|Cm|TAMS 0x0000000097200000| PB 0x0000000097200000| Complete 
| 371|0x0000000097300000, 0x0000000097400000, 0x0000000097400000|100%| O|Cm|TAMS 0x0000000097300000| PB 0x0000000097300000| Complete 
| 372|0x0000000097400000, 0x0000000097500000, 0x0000000097500000|100%| O|  |TAMS 0x0000000097400000| PB 0x0000000097400000| Untracked 
| 373|0x0000000097500000, 0x0000000097600000, 0x0000000097600000|100%| O|  |TAMS 0x0000000097500000| PB 0x0000000097500000| Untracked 
| 374|0x0000000097600000, 0x0000000097700000, 0x0000000097700000|100%| O|  |TAMS 0x0000000097600000| PB 0x0000000097600000| Untracked 
| 375|0x0000000097700000, 0x0000000097700000, 0x0000000097800000|  0%| F|  |TAMS 0x0000000097700000| PB 0x0000000097700000| Untracked 
| 376|0x0000000097800000, 0x0000000097900000, 0x0000000097900000|100%| O|  |TAMS 0x0000000097800000| PB 0x0000000097800000| Untracked 
| 377|0x0000000097900000, 0x0000000097a00000, 0x0000000097a00000|100%| O|  |TAMS 0x0000000097900000| PB 0x0000000097900000| Untracked 
| 378|0x0000000097a00000, 0x0000000097b00000, 0x0000000097b00000|100%| O|  |TAMS 0x0000000097a00000| PB 0x0000000097a00000| Untracked 
| 379|0x0000000097b00000, 0x0000000097c00000, 0x0000000097c00000|100%| O|  |TAMS 0x0000000097b00000| PB 0x0000000097b00000| Untracked 
| 380|0x0000000097c00000, 0x0000000097c00000, 0x0000000097d00000|  0%| F|  |TAMS 0x0000000097c00000| PB 0x0000000097c00000| Untracked 
| 381|0x0000000097d00000, 0x0000000097e00000, 0x0000000097e00000|100%| O|Cm|TAMS 0x0000000097d00000| PB 0x0000000097d00000| Complete 
| 382|0x0000000097e00000, 0x0000000097f00000, 0x0000000097f00000|100%| O|Cm|TAMS 0x0000000097e00000| PB 0x0000000097e00000| Complete 
| 383|0x0000000097f00000, 0x0000000097f00000, 0x0000000098000000|  0%| F|  |TAMS 0x0000000097f00000| PB 0x0000000097f00000| Untracked 
| 384|0x0000000098000000, 0x0000000098000000, 0x0000000098100000|  0%| F|  |TAMS 0x0000000098000000| PB 0x0000000098000000| Untracked 
| 385|0x0000000098100000, 0x0000000098100000, 0x0000000098200000|  0%| F|  |TAMS 0x0000000098100000| PB 0x0000000098100000| Untracked 
| 386|0x0000000098200000, 0x0000000098300000, 0x0000000098300000|100%| O|  |TAMS 0x0000000098200000| PB 0x0000000098200000| Untracked 
| 387|0x0000000098300000, 0x0000000098400000, 0x0000000098400000|100%| O|  |TAMS 0x0000000098300000| PB 0x0000000098300000| Untracked 
| 388|0x0000000098400000, 0x0000000098500000, 0x0000000098500000|100%| O|  |TAMS 0x0000000098400000| PB 0x0000000098400000| Untracked 
| 389|0x0000000098500000, 0x0000000098600000, 0x0000000098600000|100%| O|  |TAMS 0x0000000098500000| PB 0x0000000098500000| Untracked 
| 390|0x0000000098600000, 0x0000000098700000, 0x0000000098700000|100%| O|  |TAMS 0x0000000098600000| PB 0x0000000098600000| Untracked 
| 391|0x0000000098700000, 0x0000000098800000, 0x0000000098800000|100%| O|  |TAMS 0x0000000098700000| PB 0x0000000098700000| Untracked 
| 392|0x0000000098800000, 0x0000000098900000, 0x0000000098900000|100%| O|  |TAMS 0x0000000098800000| PB 0x0000000098800000| Untracked 
| 393|0x0000000098900000, 0x0000000098a00000, 0x0000000098a00000|100%| O|Cm|TAMS 0x0000000098900000| PB 0x0000000098900000| Complete 
| 394|0x0000000098a00000, 0x0000000098b00000, 0x0000000098b00000|100%| O|  |TAMS 0x0000000098a00000| PB 0x0000000098a00000| Untracked 
| 395|0x0000000098b00000, 0x0000000098c00000, 0x0000000098c00000|100%| O|  |TAMS 0x0000000098b00000| PB 0x0000000098b00000| Untracked 
| 396|0x0000000098c00000, 0x0000000098d00000, 0x0000000098d00000|100%| O|  |TAMS 0x0000000098c00000| PB 0x0000000098c00000| Untracked 
| 397|0x0000000098d00000, 0x0000000098e00000, 0x0000000098e00000|100%| O|  |TAMS 0x0000000098d00000| PB 0x0000000098d00000| Untracked 
| 398|0x0000000098e00000, 0x0000000098f00000, 0x0000000098f00000|100%| O|  |TAMS 0x0000000098e00000| PB 0x0000000098e00000| Untracked 
| 399|0x0000000098f00000, 0x0000000099000000, 0x0000000099000000|100%| O|  |TAMS 0x0000000098f00000| PB 0x0000000098f00000| Untracked 
| 400|0x0000000099000000, 0x0000000099100000, 0x0000000099100000|100%| O|  |TAMS 0x0000000099000000| PB 0x0000000099000000| Untracked 
| 401|0x0000000099100000, 0x0000000099200000, 0x0000000099200000|100%| O|  |TAMS 0x0000000099100000| PB 0x0000000099100000| Untracked 
| 402|0x0000000099200000, 0x0000000099300000, 0x0000000099300000|100%| O|  |TAMS 0x0000000099200000| PB 0x0000000099200000| Untracked 
| 403|0x0000000099300000, 0x0000000099400000, 0x0000000099400000|100%| O|  |TAMS 0x0000000099300000| PB 0x0000000099300000| Untracked 
| 404|0x0000000099400000, 0x0000000099500000, 0x0000000099500000|100%| O|Cm|TAMS 0x0000000099400000| PB 0x0000000099400000| Complete 
| 405|0x0000000099500000, 0x0000000099600000, 0x0000000099600000|100%| O|  |TAMS 0x0000000099500000| PB 0x0000000099500000| Untracked 
| 406|0x0000000099600000, 0x0000000099700000, 0x0000000099700000|100%| O|Cm|TAMS 0x0000000099600000| PB 0x0000000099600000| Complete 
| 407|0x0000000099700000, 0x0000000099800000, 0x0000000099800000|100%| O|Cm|TAMS 0x0000000099700000| PB 0x0000000099700000| Complete 
| 408|0x0000000099800000, 0x0000000099900000, 0x0000000099900000|100%| O|Cm|TAMS 0x0000000099800000| PB 0x0000000099800000| Complete 
| 409|0x0000000099900000, 0x0000000099a00000, 0x0000000099a00000|100%| O|Cm|TAMS 0x0000000099900000| PB 0x0000000099900000| Complete 
| 410|0x0000000099a00000, 0x0000000099b00000, 0x0000000099b00000|100%| O|Cm|TAMS 0x0000000099a00000| PB 0x0000000099a00000| Complete 
| 411|0x0000000099b00000, 0x0000000099c00000, 0x0000000099c00000|100%| O|Cm|TAMS 0x0000000099b00000| PB 0x0000000099b00000| Complete 
| 412|0x0000000099c00000, 0x0000000099d00000, 0x0000000099d00000|100%| O|Cm|TAMS 0x0000000099c00000| PB 0x0000000099c00000| Complete 
| 413|0x0000000099d00000, 0x0000000099e00000, 0x0000000099e00000|100%| O|Cm|TAMS 0x0000000099d00000| PB 0x0000000099d00000| Complete 
| 414|0x0000000099e00000, 0x0000000099f00000, 0x0000000099f00000|100%| O|Cm|TAMS 0x0000000099e00000| PB 0x0000000099e00000| Complete 
| 415|0x0000000099f00000, 0x000000009a000000, 0x000000009a000000|100%| O|Cm|TAMS 0x0000000099f00000| PB 0x0000000099f00000| Complete 
| 416|0x000000009a000000, 0x000000009a100000, 0x000000009a100000|100%| O|Cm|TAMS 0x000000009a000000| PB 0x000000009a000000| Complete 
| 417|0x000000009a100000, 0x000000009a200000, 0x000000009a200000|100%| O|Cm|TAMS 0x000000009a100000| PB 0x000000009a100000| Complete 
| 418|0x000000009a200000, 0x000000009a300000, 0x000000009a300000|100%| O|Cm|TAMS 0x000000009a200000| PB 0x000000009a200000| Complete 
| 419|0x000000009a300000, 0x000000009a400000, 0x000000009a400000|100%| O|Cm|TAMS 0x000000009a300000| PB 0x000000009a300000| Complete 
| 420|0x000000009a400000, 0x000000009a500000, 0x000000009a500000|100%| O|Cm|TAMS 0x000000009a400000| PB 0x000000009a400000| Complete 
| 421|0x000000009a500000, 0x000000009a600000, 0x000000009a600000|100%| O|  |TAMS 0x000000009a500000| PB 0x000000009a500000| Untracked 
| 422|0x000000009a600000, 0x000000009a700000, 0x000000009a700000|100%| O|  |TAMS 0x000000009a600000| PB 0x000000009a600000| Untracked 
| 423|0x000000009a700000, 0x000000009a800000, 0x000000009a800000|100%| O|Cm|TAMS 0x000000009a700000| PB 0x000000009a700000| Complete 
| 424|0x000000009a800000, 0x000000009a900000, 0x000000009a900000|100%| O|Cm|TAMS 0x000000009a800000| PB 0x000000009a800000| Complete 
| 425|0x000000009a900000, 0x000000009aa00000, 0x000000009aa00000|100%| O|Cm|TAMS 0x000000009a900000| PB 0x000000009a900000| Complete 
| 426|0x000000009aa00000, 0x000000009ab00000, 0x000000009ab00000|100%| O|Cm|TAMS 0x000000009aa00000| PB 0x000000009aa00000| Complete 
| 427|0x000000009ab00000, 0x000000009ac00000, 0x000000009ac00000|100%| O|Cm|TAMS 0x000000009ab00000| PB 0x000000009ab00000| Complete 
| 428|0x000000009ac00000, 0x000000009ad00000, 0x000000009ad00000|100%| O|Cm|TAMS 0x000000009ac00000| PB 0x000000009ac00000| Complete 
| 429|0x000000009ad00000, 0x000000009ae00000, 0x000000009ae00000|100%| O|Cm|TAMS 0x000000009ad00000| PB 0x000000009ad00000| Complete 
| 430|0x000000009ae00000, 0x000000009af00000, 0x000000009af00000|100%| O|Cm|TAMS 0x000000009ae00000| PB 0x000000009ae00000| Complete 
| 431|0x000000009af00000, 0x000000009b000000, 0x000000009b000000|100%| O|Cm|TAMS 0x000000009af00000| PB 0x000000009af00000| Complete 
| 432|0x000000009b000000, 0x000000009b100000, 0x000000009b100000|100%| O|Cm|TAMS 0x000000009b000000| PB 0x000000009b000000| Complete 
| 433|0x000000009b100000, 0x000000009b200000, 0x000000009b200000|100%| O|Cm|TAMS 0x000000009b100000| PB 0x000000009b100000| Complete 
| 434|0x000000009b200000, 0x000000009b300000, 0x000000009b300000|100%| O|Cm|TAMS 0x000000009b200000| PB 0x000000009b200000| Complete 
| 435|0x000000009b300000, 0x000000009b400000, 0x000000009b400000|100%| O|Cm|TAMS 0x000000009b300000| PB 0x000000009b300000| Complete 
| 436|0x000000009b400000, 0x000000009b500000, 0x000000009b500000|100%| O|Cm|TAMS 0x000000009b400000| PB 0x000000009b400000| Complete 
| 437|0x000000009b500000, 0x000000009b600000, 0x000000009b600000|100%| O|Cm|TAMS 0x000000009b500000| PB 0x000000009b500000| Complete 
| 438|0x000000009b600000, 0x000000009b700000, 0x000000009b700000|100%| O|Cm|TAMS 0x000000009b600000| PB 0x000000009b600000| Complete 
| 439|0x000000009b700000, 0x000000009b800000, 0x000000009b800000|100%| O|Cm|TAMS 0x000000009b700000| PB 0x000000009b700000| Complete 
| 440|0x000000009b800000, 0x000000009b900000, 0x000000009b900000|100%| O|Cm|TAMS 0x000000009b800000| PB 0x000000009b800000| Complete 
| 441|0x000000009b900000, 0x000000009ba00000, 0x000000009ba00000|100%| O|Cm|TAMS 0x000000009b900000| PB 0x000000009b900000| Complete 
| 442|0x000000009ba00000, 0x000000009bb00000, 0x000000009bb00000|100%| O|Cm|TAMS 0x000000009ba00000| PB 0x000000009ba00000| Complete 
| 443|0x000000009bb00000, 0x000000009bc00000, 0x000000009bc00000|100%| O|  |TAMS 0x000000009bb00000| PB 0x000000009bb00000| Untracked 
| 444|0x000000009bc00000, 0x000000009bd00000, 0x000000009bd00000|100%| O|Cm|TAMS 0x000000009bc00000| PB 0x000000009bc00000| Complete 
| 445|0x000000009bd00000, 0x000000009be00000, 0x000000009be00000|100%| O|  |TAMS 0x000000009bd00000| PB 0x000000009bd00000| Untracked 
| 446|0x000000009be00000, 0x000000009bf00000, 0x000000009bf00000|100%| O|  |TAMS 0x000000009be00000| PB 0x000000009be00000| Untracked 
| 447|0x000000009bf00000, 0x000000009c000000, 0x000000009c000000|100%| O|  |TAMS 0x000000009bf00000| PB 0x000000009bf00000| Untracked 
| 448|0x000000009c000000, 0x000000009c100000, 0x000000009c100000|100%| O|  |TAMS 0x000000009c000000| PB 0x000000009c000000| Untracked 
| 449|0x000000009c100000, 0x000000009c200000, 0x000000009c200000|100%| O|  |TAMS 0x000000009c100000| PB 0x000000009c100000| Untracked 
| 450|0x000000009c200000, 0x000000009c300000, 0x000000009c300000|100%| O|  |TAMS 0x000000009c200000| PB 0x000000009c200000| Untracked 
| 451|0x000000009c300000, 0x000000009c400000, 0x000000009c400000|100%| O|  |TAMS 0x000000009c300000| PB 0x000000009c300000| Untracked 
| 452|0x000000009c400000, 0x000000009c500000, 0x000000009c500000|100%| O|  |TAMS 0x000000009c400000| PB 0x000000009c400000| Untracked 
| 453|0x000000009c500000, 0x000000009c600000, 0x000000009c600000|100%| O|Cm|TAMS 0x000000009c500000| PB 0x000000009c500000| Complete 
| 454|0x000000009c600000, 0x000000009c700000, 0x000000009c700000|100%| O|  |TAMS 0x000000009c600000| PB 0x000000009c600000| Untracked 
| 455|0x000000009c700000, 0x000000009c800000, 0x000000009c800000|100%| O|  |TAMS 0x000000009c700000| PB 0x000000009c700000| Untracked 
| 456|0x000000009c800000, 0x000000009c800000, 0x000000009c900000|  0%| F|  |TAMS 0x000000009c800000| PB 0x000000009c800000| Untracked 
| 457|0x000000009c900000, 0x000000009ca00000, 0x000000009ca00000|100%| O|Cm|TAMS 0x000000009c900000| PB 0x000000009c900000| Complete 
| 458|0x000000009ca00000, 0x000000009cb00000, 0x000000009cb00000|100%| O|Cm|TAMS 0x000000009ca00000| PB 0x000000009ca00000| Complete 
| 459|0x000000009cb00000, 0x000000009cc00000, 0x000000009cc00000|100%| O|Cm|TAMS 0x000000009cb00000| PB 0x000000009cb00000| Complete 
| 460|0x000000009cc00000, 0x000000009cc00000, 0x000000009cd00000|  0%| F|  |TAMS 0x000000009cc00000| PB 0x000000009cc00000| Untracked 
| 461|0x000000009cd00000, 0x000000009ce00000, 0x000000009ce00000|100%| O|Cm|TAMS 0x000000009cd00000| PB 0x000000009cd00000| Complete 
| 462|0x000000009ce00000, 0x000000009cf00000, 0x000000009cf00000|100%| O|  |TAMS 0x000000009ce00000| PB 0x000000009ce00000| Untracked 
| 463|0x000000009cf00000, 0x000000009cf00000, 0x000000009d000000|  0%| F|  |TAMS 0x000000009cf00000| PB 0x000000009cf00000| Untracked 
| 464|0x000000009d000000, 0x000000009d100000, 0x000000009d100000|100%| O|Cm|TAMS 0x000000009d000000| PB 0x000000009d000000| Complete 
| 465|0x000000009d100000, 0x000000009d200000, 0x000000009d200000|100%| O|Cm|TAMS 0x000000009d100000| PB 0x000000009d100000| Complete 
| 466|0x000000009d200000, 0x000000009d300000, 0x000000009d300000|100%| O|Cm|TAMS 0x000000009d200000| PB 0x000000009d200000| Complete 
| 467|0x000000009d300000, 0x000000009d400000, 0x000000009d400000|100%| O|Cm|TAMS 0x000000009d300000| PB 0x000000009d300000| Complete 
| 468|0x000000009d400000, 0x000000009d500000, 0x000000009d500000|100%| O|Cm|TAMS 0x000000009d400000| PB 0x000000009d400000| Complete 
| 469|0x000000009d500000, 0x000000009d600000, 0x000000009d600000|100%| O|Cm|TAMS 0x000000009d500000| PB 0x000000009d500000| Complete 
| 470|0x000000009d600000, 0x000000009d700000, 0x000000009d700000|100%| O|Cm|TAMS 0x000000009d600000| PB 0x000000009d600000| Complete 
| 471|0x000000009d700000, 0x000000009d800000, 0x000000009d800000|100%| O|Cm|TAMS 0x000000009d700000| PB 0x000000009d700000| Complete 
| 472|0x000000009d800000, 0x000000009d900000, 0x000000009d900000|100%| O|Cm|TAMS 0x000000009d800000| PB 0x000000009d800000| Complete 
| 473|0x000000009d900000, 0x000000009da00000, 0x000000009da00000|100%| O|Cm|TAMS 0x000000009d900000| PB 0x000000009d900000| Complete 
| 474|0x000000009da00000, 0x000000009db00000, 0x000000009db00000|100%| O|Cm|TAMS 0x000000009da00000| PB 0x000000009da00000| Complete 
| 475|0x000000009db00000, 0x000000009dc00000, 0x000000009dc00000|100%| O|Cm|TAMS 0x000000009db00000| PB 0x000000009db00000| Complete 
| 476|0x000000009dc00000, 0x000000009dd00000, 0x000000009dd00000|100%| O|Cm|TAMS 0x000000009dc00000| PB 0x000000009dc00000| Complete 
| 477|0x000000009dd00000, 0x000000009de00000, 0x000000009de00000|100%| O|Cm|TAMS 0x000000009dd00000| PB 0x000000009dd00000| Complete 
| 478|0x000000009de00000, 0x000000009df00000, 0x000000009df00000|100%| O|Cm|TAMS 0x000000009de00000| PB 0x000000009de00000| Complete 
| 479|0x000000009df00000, 0x000000009e000000, 0x000000009e000000|100%| O|Cm|TAMS 0x000000009df00000| PB 0x000000009df00000| Complete 
| 480|0x000000009e000000, 0x000000009e100000, 0x000000009e100000|100%| O|Cm|TAMS 0x000000009e000000| PB 0x000000009e000000| Complete 
| 481|0x000000009e100000, 0x000000009e200000, 0x000000009e200000|100%| O|Cm|TAMS 0x000000009e100000| PB 0x000000009e100000| Complete 
| 482|0x000000009e200000, 0x000000009e300000, 0x000000009e300000|100%| O|Cm|TAMS 0x000000009e200000| PB 0x000000009e200000| Complete 
| 483|0x000000009e300000, 0x000000009e400000, 0x000000009e400000|100%| O|Cm|TAMS 0x000000009e300000| PB 0x000000009e300000| Complete 
| 484|0x000000009e400000, 0x000000009e500000, 0x000000009e500000|100%| O|Cm|TAMS 0x000000009e400000| PB 0x000000009e400000| Complete 
| 485|0x000000009e500000, 0x000000009e600000, 0x000000009e600000|100%| O|Cm|TAMS 0x000000009e500000| PB 0x000000009e500000| Complete 
| 486|0x000000009e600000, 0x000000009e700000, 0x000000009e700000|100%| O|Cm|TAMS 0x000000009e600000| PB 0x000000009e600000| Complete 
| 487|0x000000009e700000, 0x000000009e800000, 0x000000009e800000|100%| O|Cm|TAMS 0x000000009e700000| PB 0x000000009e700000| Complete 
| 488|0x000000009e800000, 0x000000009e800000, 0x000000009e900000|  0%| F|  |TAMS 0x000000009e800000| PB 0x000000009e800000| Untracked 
| 489|0x000000009e900000, 0x000000009ea00000, 0x000000009ea00000|100%| O|Cm|TAMS 0x000000009e900000| PB 0x000000009e900000| Complete 
| 490|0x000000009ea00000, 0x000000009eb00000, 0x000000009eb00000|100%| O|Cm|TAMS 0x000000009ea00000| PB 0x000000009ea00000| Complete 
| 491|0x000000009eb00000, 0x000000009ec00000, 0x000000009ec00000|100%| O|  |TAMS 0x000000009eb00000| PB 0x000000009eb00000| Untracked 
| 492|0x000000009ec00000, 0x000000009ed00000, 0x000000009ed00000|100%| O|  |TAMS 0x000000009ec00000| PB 0x000000009ec00000| Untracked 
| 493|0x000000009ed00000, 0x000000009ee00000, 0x000000009ee00000|100%| O|  |TAMS 0x000000009ed00000| PB 0x000000009ed00000| Untracked 
| 494|0x000000009ee00000, 0x000000009ef00000, 0x000000009ef00000|100%| O|  |TAMS 0x000000009ee00000| PB 0x000000009ee00000| Untracked 
| 495|0x000000009ef00000, 0x000000009f000000, 0x000000009f000000|100%| O|  |TAMS 0x000000009ef00000| PB 0x000000009ef00000| Untracked 
| 496|0x000000009f000000, 0x000000009f100000, 0x000000009f100000|100%| O|  |TAMS 0x000000009f000000| PB 0x000000009f000000| Untracked 
| 497|0x000000009f100000, 0x000000009f200000, 0x000000009f200000|100%| O|  |TAMS 0x000000009f100000| PB 0x000000009f100000| Untracked 
| 498|0x000000009f200000, 0x000000009f300000, 0x000000009f300000|100%| O|  |TAMS 0x000000009f200000| PB 0x000000009f200000| Untracked 
| 499|0x000000009f300000, 0x000000009f400000, 0x000000009f400000|100%| O|  |TAMS 0x000000009f300000| PB 0x000000009f300000| Untracked 
| 500|0x000000009f400000, 0x000000009f500000, 0x000000009f500000|100%| O|Cm|TAMS 0x000000009f400000| PB 0x000000009f400000| Complete 
| 501|0x000000009f500000, 0x000000009f600000, 0x000000009f600000|100%| O|Cm|TAMS 0x000000009f500000| PB 0x000000009f500000| Complete 
| 502|0x000000009f600000, 0x000000009f700000, 0x000000009f700000|100%| O|  |TAMS 0x000000009f600000| PB 0x000000009f600000| Untracked 
| 503|0x000000009f700000, 0x000000009f800000, 0x000000009f800000|100%| O|  |TAMS 0x000000009f700000| PB 0x000000009f700000| Untracked 
| 504|0x000000009f800000, 0x000000009f900000, 0x000000009f900000|100%| O|  |TAMS 0x000000009f800000| PB 0x000000009f800000| Untracked 
| 505|0x000000009f900000, 0x000000009fa00000, 0x000000009fa00000|100%| O|Cm|TAMS 0x000000009f900000| PB 0x000000009f900000| Complete 
| 506|0x000000009fa00000, 0x000000009fb00000, 0x000000009fb00000|100%| O|  |TAMS 0x000000009fa00000| PB 0x000000009fa00000| Untracked 
| 507|0x000000009fb00000, 0x000000009fc00000, 0x000000009fc00000|100%| O|Cm|TAMS 0x000000009fb00000| PB 0x000000009fb00000| Complete 
| 508|0x000000009fc00000, 0x000000009fd00000, 0x000000009fd00000|100%| O|Cm|TAMS 0x000000009fc00000| PB 0x000000009fc00000| Complete 
| 509|0x000000009fd00000, 0x000000009fe00000, 0x000000009fe00000|100%| O|Cm|TAMS 0x000000009fd00000| PB 0x000000009fd00000| Complete 
| 510|0x000000009fe00000, 0x000000009ff00000, 0x000000009ff00000|100%| O|Cm|TAMS 0x000000009fe00000| PB 0x000000009fe00000| Complete 
| 511|0x000000009ff00000, 0x00000000a0000000, 0x00000000a0000000|100%| O|Cm|TAMS 0x000000009ff00000| PB 0x000000009ff00000| Complete 
| 512|0x00000000a0000000, 0x00000000a0100000, 0x00000000a0100000|100%| O|Cm|TAMS 0x00000000a0000000| PB 0x00000000a0000000| Complete 
| 513|0x00000000a0100000, 0x00000000a0200000, 0x00000000a0200000|100%| O|Cm|TAMS 0x00000000a0100000| PB 0x00000000a0100000| Complete 
| 514|0x00000000a0200000, 0x00000000a0300000, 0x00000000a0300000|100%| O|Cm|TAMS 0x00000000a0200000| PB 0x00000000a0200000| Complete 
| 515|0x00000000a0300000, 0x00000000a0400000, 0x00000000a0400000|100%| O|Cm|TAMS 0x00000000a0300000| PB 0x00000000a0300000| Complete 
| 516|0x00000000a0400000, 0x00000000a0500000, 0x00000000a0500000|100%| O|Cm|TAMS 0x00000000a0400000| PB 0x00000000a0400000| Complete 
| 517|0x00000000a0500000, 0x00000000a0600000, 0x00000000a0600000|100%| O|Cm|TAMS 0x00000000a0500000| PB 0x00000000a0500000| Complete 
| 518|0x00000000a0600000, 0x00000000a0700000, 0x00000000a0700000|100%| O|Cm|TAMS 0x00000000a0600000| PB 0x00000000a0600000| Complete 
| 519|0x00000000a0700000, 0x00000000a0800000, 0x00000000a0800000|100%| O|Cm|TAMS 0x00000000a0700000| PB 0x00000000a0700000| Complete 
| 520|0x00000000a0800000, 0x00000000a0900000, 0x00000000a0900000|100%| O|Cm|TAMS 0x00000000a0800000| PB 0x00000000a0800000| Complete 
| 521|0x00000000a0900000, 0x00000000a0a00000, 0x00000000a0a00000|100%| O|Cm|TAMS 0x00000000a0900000| PB 0x00000000a0900000| Complete 
| 522|0x00000000a0a00000, 0x00000000a0b00000, 0x00000000a0b00000|100%| O|Cm|TAMS 0x00000000a0a00000| PB 0x00000000a0a00000| Complete 
| 523|0x00000000a0b00000, 0x00000000a0c00000, 0x00000000a0c00000|100%| O|Cm|TAMS 0x00000000a0b00000| PB 0x00000000a0b00000| Complete 
| 524|0x00000000a0c00000, 0x00000000a0d00000, 0x00000000a0d00000|100%| O|Cm|TAMS 0x00000000a0c00000| PB 0x00000000a0c00000| Complete 
| 525|0x00000000a0d00000, 0x00000000a0e00000, 0x00000000a0e00000|100%| O|  |TAMS 0x00000000a0d00000| PB 0x00000000a0d00000| Untracked 
| 526|0x00000000a0e00000, 0x00000000a0f00000, 0x00000000a0f00000|100%| O|  |TAMS 0x00000000a0e00000| PB 0x00000000a0e00000| Untracked 
| 527|0x00000000a0f00000, 0x00000000a1000000, 0x00000000a1000000|100%| O|Cm|TAMS 0x00000000a0f00000| PB 0x00000000a0f00000| Complete 
| 528|0x00000000a1000000, 0x00000000a1100000, 0x00000000a1100000|100%| O|Cm|TAMS 0x00000000a1000000| PB 0x00000000a1000000| Complete 
| 529|0x00000000a1100000, 0x00000000a1200000, 0x00000000a1200000|100%| O|Cm|TAMS 0x00000000a1100000| PB 0x00000000a1100000| Complete 
| 530|0x00000000a1200000, 0x00000000a1300000, 0x00000000a1300000|100%| O|  |TAMS 0x00000000a1200000| PB 0x00000000a1200000| Untracked 
| 531|0x00000000a1300000, 0x00000000a1400000, 0x00000000a1400000|100%| O|  |TAMS 0x00000000a1300000| PB 0x00000000a1300000| Untracked 
| 532|0x00000000a1400000, 0x00000000a1500000, 0x00000000a1500000|100%| O|Cm|TAMS 0x00000000a1400000| PB 0x00000000a1400000| Complete 
| 533|0x00000000a1500000, 0x00000000a1600000, 0x00000000a1600000|100%| O|Cm|TAMS 0x00000000a1500000| PB 0x00000000a1500000| Complete 
| 534|0x00000000a1600000, 0x00000000a1700000, 0x00000000a1700000|100%| O|Cm|TAMS 0x00000000a1600000| PB 0x00000000a1600000| Complete 
| 535|0x00000000a1700000, 0x00000000a1800000, 0x00000000a1800000|100%| O|Cm|TAMS 0x00000000a1700000| PB 0x00000000a1700000| Complete 
| 536|0x00000000a1800000, 0x00000000a1900000, 0x00000000a1900000|100%| O|Cm|TAMS 0x00000000a1800000| PB 0x00000000a1800000| Complete 
| 537|0x00000000a1900000, 0x00000000a1a00000, 0x00000000a1a00000|100%| O|Cm|TAMS 0x00000000a1900000| PB 0x00000000a1900000| Complete 
| 538|0x00000000a1a00000, 0x00000000a1b00000, 0x00000000a1b00000|100%| O|Cm|TAMS 0x00000000a1a00000| PB 0x00000000a1a00000| Complete 
| 539|0x00000000a1b00000, 0x00000000a1c00000, 0x00000000a1c00000|100%| O|Cm|TAMS 0x00000000a1b00000| PB 0x00000000a1b00000| Complete 
| 540|0x00000000a1c00000, 0x00000000a1d00000, 0x00000000a1d00000|100%| O|  |TAMS 0x00000000a1c00000| PB 0x00000000a1c00000| Untracked 
| 541|0x00000000a1d00000, 0x00000000a1d00000, 0x00000000a1e00000|  0%| F|  |TAMS 0x00000000a1d00000| PB 0x00000000a1d00000| Untracked 
| 542|0x00000000a1e00000, 0x00000000a1f00000, 0x00000000a1f00000|100%| O|Cm|TAMS 0x00000000a1e00000| PB 0x00000000a1e00000| Complete 
| 543|0x00000000a1f00000, 0x00000000a2000000, 0x00000000a2000000|100%| O|  |TAMS 0x00000000a1f00000| PB 0x00000000a1f00000| Untracked 
| 544|0x00000000a2000000, 0x00000000a2100000, 0x00000000a2100000|100%| O|Cm|TAMS 0x00000000a2000000| PB 0x00000000a2000000| Complete 
| 545|0x00000000a2100000, 0x00000000a2200000, 0x00000000a2200000|100%| O|Cm|TAMS 0x00000000a2100000| PB 0x00000000a2100000| Complete 
| 546|0x00000000a2200000, 0x00000000a2300000, 0x00000000a2300000|100%| O|Cm|TAMS 0x00000000a2200000| PB 0x00000000a2200000| Complete 
| 547|0x00000000a2300000, 0x00000000a2400000, 0x00000000a2400000|100%| O|Cm|TAMS 0x00000000a2300000| PB 0x00000000a2300000| Complete 
| 548|0x00000000a2400000, 0x00000000a2500000, 0x00000000a2500000|100%| O|Cm|TAMS 0x00000000a2400000| PB 0x00000000a2400000| Complete 
| 549|0x00000000a2500000, 0x00000000a2600000, 0x00000000a2600000|100%| O|Cm|TAMS 0x00000000a2500000| PB 0x00000000a2500000| Complete 
| 550|0x00000000a2600000, 0x00000000a2700000, 0x00000000a2700000|100%| O|Cm|TAMS 0x00000000a2600000| PB 0x00000000a2600000| Complete 
| 551|0x00000000a2700000, 0x00000000a2800000, 0x00000000a2800000|100%| O|Cm|TAMS 0x00000000a2700000| PB 0x00000000a2700000| Complete 
| 552|0x00000000a2800000, 0x00000000a2900000, 0x00000000a2900000|100%| O|Cm|TAMS 0x00000000a2800000| PB 0x00000000a2800000| Complete 
| 553|0x00000000a2900000, 0x00000000a2a00000, 0x00000000a2a00000|100%| O|Cm|TAMS 0x00000000a2900000| PB 0x00000000a2900000| Complete 
| 554|0x00000000a2a00000, 0x00000000a2b00000, 0x00000000a2b00000|100%| O|Cm|TAMS 0x00000000a2a00000| PB 0x00000000a2a00000| Complete 
| 555|0x00000000a2b00000, 0x00000000a2c00000, 0x00000000a2c00000|100%| O|Cm|TAMS 0x00000000a2b00000| PB 0x00000000a2b00000| Complete 
| 556|0x00000000a2c00000, 0x00000000a2d00000, 0x00000000a2d00000|100%| O|Cm|TAMS 0x00000000a2c00000| PB 0x00000000a2c00000| Complete 
| 557|0x00000000a2d00000, 0x00000000a2e00000, 0x00000000a2e00000|100%| O|Cm|TAMS 0x00000000a2d00000| PB 0x00000000a2d00000| Complete 
| 558|0x00000000a2e00000, 0x00000000a2f00000, 0x00000000a2f00000|100%| O|Cm|TAMS 0x00000000a2e00000| PB 0x00000000a2e00000| Complete 
| 559|0x00000000a2f00000, 0x00000000a2f00000, 0x00000000a3000000|  0%| F|  |TAMS 0x00000000a2f00000| PB 0x00000000a2f00000| Untracked 
| 560|0x00000000a3000000, 0x00000000a3100000, 0x00000000a3100000|100%| O|Cm|TAMS 0x00000000a3000000| PB 0x00000000a3000000| Complete 
| 561|0x00000000a3100000, 0x00000000a3200000, 0x00000000a3200000|100%| O|  |TAMS 0x00000000a3100000| PB 0x00000000a3100000| Untracked 
| 562|0x00000000a3200000, 0x00000000a3300000, 0x00000000a3300000|100%| O|Cm|TAMS 0x00000000a3200000| PB 0x00000000a3200000| Complete 
| 563|0x00000000a3300000, 0x00000000a3400000, 0x00000000a3400000|100%| O|  |TAMS 0x00000000a3300000| PB 0x00000000a3300000| Untracked 
| 564|0x00000000a3400000, 0x00000000a3500000, 0x00000000a3500000|100%| O|  |TAMS 0x00000000a3400000| PB 0x00000000a3400000| Untracked 
| 565|0x00000000a3500000, 0x00000000a3600000, 0x00000000a3600000|100%| O|  |TAMS 0x00000000a3500000| PB 0x00000000a3500000| Untracked 
| 566|0x00000000a3600000, 0x00000000a3700000, 0x00000000a3700000|100%| O|  |TAMS 0x00000000a3600000| PB 0x00000000a3600000| Untracked 
| 567|0x00000000a3700000, 0x00000000a3800000, 0x00000000a3800000|100%| O|Cm|TAMS 0x00000000a3700000| PB 0x00000000a3700000| Complete 
| 568|0x00000000a3800000, 0x00000000a3900000, 0x00000000a3900000|100%| O|Cm|TAMS 0x00000000a3800000| PB 0x00000000a3800000| Complete 
| 569|0x00000000a3900000, 0x00000000a3a00000, 0x00000000a3a00000|100%| O|Cm|TAMS 0x00000000a3900000| PB 0x00000000a3900000| Complete 
| 570|0x00000000a3a00000, 0x00000000a3b00000, 0x00000000a3b00000|100%| O|Cm|TAMS 0x00000000a3a00000| PB 0x00000000a3a00000| Complete 
| 571|0x00000000a3b00000, 0x00000000a3c00000, 0x00000000a3c00000|100%| O|Cm|TAMS 0x00000000a3b00000| PB 0x00000000a3b00000| Complete 
| 572|0x00000000a3c00000, 0x00000000a3d00000, 0x00000000a3d00000|100%| O|Cm|TAMS 0x00000000a3c00000| PB 0x00000000a3c00000| Complete 
| 573|0x00000000a3d00000, 0x00000000a3e00000, 0x00000000a3e00000|100%| O|Cm|TAMS 0x00000000a3d00000| PB 0x00000000a3d00000| Complete 
| 574|0x00000000a3e00000, 0x00000000a3f00000, 0x00000000a3f00000|100%| O|Cm|TAMS 0x00000000a3e00000| PB 0x00000000a3e00000| Complete 
| 575|0x00000000a3f00000, 0x00000000a4000000, 0x00000000a4000000|100%| O|Cm|TAMS 0x00000000a3f00000| PB 0x00000000a3f00000| Complete 
| 576|0x00000000a4000000, 0x00000000a4100000, 0x00000000a4100000|100%| O|Cm|TAMS 0x00000000a4000000| PB 0x00000000a4000000| Complete 
| 577|0x00000000a4100000, 0x00000000a4200000, 0x00000000a4200000|100%| O|Cm|TAMS 0x00000000a4100000| PB 0x00000000a4100000| Complete 
| 578|0x00000000a4200000, 0x00000000a4300000, 0x00000000a4300000|100%| O|Cm|TAMS 0x00000000a4200000| PB 0x00000000a4200000| Complete 
| 579|0x00000000a4300000, 0x00000000a4400000, 0x00000000a4400000|100%| O|Cm|TAMS 0x00000000a4300000| PB 0x00000000a4300000| Complete 
| 580|0x00000000a4400000, 0x00000000a4500000, 0x00000000a4500000|100%| O|Cm|TAMS 0x00000000a4400000| PB 0x00000000a4400000| Complete 
| 581|0x00000000a4500000, 0x00000000a4600000, 0x00000000a4600000|100%| O|Cm|TAMS 0x00000000a4500000| PB 0x00000000a4500000| Complete 
| 582|0x00000000a4600000, 0x00000000a4700000, 0x00000000a4700000|100%| O|Cm|TAMS 0x00000000a4600000| PB 0x00000000a4600000| Complete 
| 583|0x00000000a4700000, 0x00000000a4800000, 0x00000000a4800000|100%| O|Cm|TAMS 0x00000000a4700000| PB 0x00000000a4700000| Complete 
| 584|0x00000000a4800000, 0x00000000a4900000, 0x00000000a4900000|100%| O|Cm|TAMS 0x00000000a4800000| PB 0x00000000a4800000| Complete 
| 585|0x00000000a4900000, 0x00000000a4a00000, 0x00000000a4a00000|100%| O|Cm|TAMS 0x00000000a4900000| PB 0x00000000a4900000| Complete 
| 586|0x00000000a4a00000, 0x00000000a4b00000, 0x00000000a4b00000|100%| O|Cm|TAMS 0x00000000a4a00000| PB 0x00000000a4a00000| Complete 
| 587|0x00000000a4b00000, 0x00000000a4c00000, 0x00000000a4c00000|100%| O|Cm|TAMS 0x00000000a4b00000| PB 0x00000000a4b00000| Complete 
| 588|0x00000000a4c00000, 0x00000000a4d00000, 0x00000000a4d00000|100%| O|Cm|TAMS 0x00000000a4c00000| PB 0x00000000a4c00000| Complete 
| 589|0x00000000a4d00000, 0x00000000a4e00000, 0x00000000a4e00000|100%| O|Cm|TAMS 0x00000000a4d00000| PB 0x00000000a4d00000| Complete 
| 590|0x00000000a4e00000, 0x00000000a4f00000, 0x00000000a4f00000|100%| O|Cm|TAMS 0x00000000a4e00000| PB 0x00000000a4e00000| Complete 
| 591|0x00000000a4f00000, 0x00000000a5000000, 0x00000000a5000000|100%| O|Cm|TAMS 0x00000000a4f00000| PB 0x00000000a4f00000| Complete 
| 592|0x00000000a5000000, 0x00000000a5100000, 0x00000000a5100000|100%| O|Cm|TAMS 0x00000000a5000000| PB 0x00000000a5000000| Complete 
| 593|0x00000000a5100000, 0x00000000a5200000, 0x00000000a5200000|100%| O|Cm|TAMS 0x00000000a5100000| PB 0x00000000a5100000| Complete 
| 594|0x00000000a5200000, 0x00000000a5300000, 0x00000000a5300000|100%| O|Cm|TAMS 0x00000000a5200000| PB 0x00000000a5200000| Complete 
| 595|0x00000000a5300000, 0x00000000a5400000, 0x00000000a5400000|100%| O|Cm|TAMS 0x00000000a5300000| PB 0x00000000a5300000| Complete 
| 596|0x00000000a5400000, 0x00000000a5500000, 0x00000000a5500000|100%| O|Cm|TAMS 0x00000000a5400000| PB 0x00000000a5400000| Complete 
| 597|0x00000000a5500000, 0x00000000a5600000, 0x00000000a5600000|100%| O|Cm|TAMS 0x00000000a5500000| PB 0x00000000a5500000| Complete 
| 598|0x00000000a5600000, 0x00000000a5700000, 0x00000000a5700000|100%| O|Cm|TAMS 0x00000000a5600000| PB 0x00000000a5600000| Complete 
| 599|0x00000000a5700000, 0x00000000a5800000, 0x00000000a5800000|100%| O|Cm|TAMS 0x00000000a5700000| PB 0x00000000a5700000| Complete 
| 600|0x00000000a5800000, 0x00000000a5900000, 0x00000000a5900000|100%| O|Cm|TAMS 0x00000000a5800000| PB 0x00000000a5800000| Complete 
| 601|0x00000000a5900000, 0x00000000a5a00000, 0x00000000a5a00000|100%| O|Cm|TAMS 0x00000000a5900000| PB 0x00000000a5900000| Complete 
| 602|0x00000000a5a00000, 0x00000000a5b00000, 0x00000000a5b00000|100%| O|Cm|TAMS 0x00000000a5a00000| PB 0x00000000a5a00000| Complete 
| 603|0x00000000a5b00000, 0x00000000a5c00000, 0x00000000a5c00000|100%| O|Cm|TAMS 0x00000000a5b00000| PB 0x00000000a5b00000| Complete 
| 604|0x00000000a5c00000, 0x00000000a5c00000, 0x00000000a5d00000|  0%| F|  |TAMS 0x00000000a5c00000| PB 0x00000000a5c00000| Untracked 
| 605|0x00000000a5d00000, 0x00000000a5d00000, 0x00000000a5e00000|  0%| F|  |TAMS 0x00000000a5d00000| PB 0x00000000a5d00000| Untracked 
| 606|0x00000000a5e00000, 0x00000000a5e00000, 0x00000000a5f00000|  0%| F|  |TAMS 0x00000000a5e00000| PB 0x00000000a5e00000| Untracked 
| 607|0x00000000a5f00000, 0x00000000a6000000, 0x00000000a6000000|100%| O|Cm|TAMS 0x00000000a5f00000| PB 0x00000000a5f00000| Complete 
| 608|0x00000000a6000000, 0x00000000a6100000, 0x00000000a6100000|100%| O|Cm|TAMS 0x00000000a6000000| PB 0x00000000a6000000| Complete 
| 609|0x00000000a6100000, 0x00000000a6200000, 0x00000000a6200000|100%| O|Cm|TAMS 0x00000000a6100000| PB 0x00000000a6100000| Complete 
| 610|0x00000000a6200000, 0x00000000a6300000, 0x00000000a6300000|100%| O|  |TAMS 0x00000000a6200000| PB 0x00000000a6200000| Untracked 
| 611|0x00000000a6300000, 0x00000000a6400000, 0x00000000a6400000|100%| O|  |TAMS 0x00000000a6300000| PB 0x00000000a6300000| Untracked 
| 612|0x00000000a6400000, 0x00000000a6500000, 0x00000000a6500000|100%| O|Cm|TAMS 0x00000000a6400000| PB 0x00000000a6400000| Complete 
| 613|0x00000000a6500000, 0x00000000a6600000, 0x00000000a6600000|100%| O|Cm|TAMS 0x00000000a6500000| PB 0x00000000a6500000| Complete 
| 614|0x00000000a6600000, 0x00000000a6700000, 0x00000000a6700000|100%| O|Cm|TAMS 0x00000000a6600000| PB 0x00000000a6600000| Complete 
| 615|0x00000000a6700000, 0x00000000a6800000, 0x00000000a6800000|100%| O|Cm|TAMS 0x00000000a6700000| PB 0x00000000a6700000| Complete 
| 616|0x00000000a6800000, 0x00000000a6800000, 0x00000000a6900000|  0%| F|  |TAMS 0x00000000a6800000| PB 0x00000000a6800000| Untracked 
| 617|0x00000000a6900000, 0x00000000a6a00000, 0x00000000a6a00000|100%| O|Cm|TAMS 0x00000000a6900000| PB 0x00000000a6900000| Complete 
| 618|0x00000000a6a00000, 0x00000000a6b00000, 0x00000000a6b00000|100%| O|  |TAMS 0x00000000a6a00000| PB 0x00000000a6a00000| Untracked 
| 619|0x00000000a6b00000, 0x00000000a6c00000, 0x00000000a6c00000|100%| O|  |TAMS 0x00000000a6b00000| PB 0x00000000a6b00000| Untracked 
| 620|0x00000000a6c00000, 0x00000000a6d00000, 0x00000000a6d00000|100%| O|  |TAMS 0x00000000a6c00000| PB 0x00000000a6c00000| Untracked 
| 621|0x00000000a6d00000, 0x00000000a6e00000, 0x00000000a6e00000|100%| O|  |TAMS 0x00000000a6d00000| PB 0x00000000a6d00000| Untracked 
| 622|0x00000000a6e00000, 0x00000000a6f00000, 0x00000000a6f00000|100%| O|  |TAMS 0x00000000a6e00000| PB 0x00000000a6e00000| Untracked 
| 623|0x00000000a6f00000, 0x00000000a7000000, 0x00000000a7000000|100%| O|Cm|TAMS 0x00000000a6f00000| PB 0x00000000a6f00000| Complete 
| 624|0x00000000a7000000, 0x00000000a7100000, 0x00000000a7100000|100%| O|Cm|TAMS 0x00000000a7000000| PB 0x00000000a7000000| Complete 
| 625|0x00000000a7100000, 0x00000000a7200000, 0x00000000a7200000|100%| O|  |TAMS 0x00000000a7100000| PB 0x00000000a7100000| Untracked 
| 626|0x00000000a7200000, 0x00000000a7300000, 0x00000000a7300000|100%| O|Cm|TAMS 0x00000000a7200000| PB 0x00000000a7200000| Complete 
| 627|0x00000000a7300000, 0x00000000a7400000, 0x00000000a7400000|100%| O|Cm|TAMS 0x00000000a7300000| PB 0x00000000a7300000| Complete 
| 628|0x00000000a7400000, 0x00000000a7500000, 0x00000000a7500000|100%| O|Cm|TAMS 0x00000000a7400000| PB 0x00000000a7400000| Complete 
| 629|0x00000000a7500000, 0x00000000a7600000, 0x00000000a7600000|100%| O|Cm|TAMS 0x00000000a7500000| PB 0x00000000a7500000| Complete 
| 630|0x00000000a7600000, 0x00000000a7700000, 0x00000000a7700000|100%| O|Cm|TAMS 0x00000000a7600000| PB 0x00000000a7600000| Complete 
| 631|0x00000000a7700000, 0x00000000a7800000, 0x00000000a7800000|100%| O|  |TAMS 0x00000000a7700000| PB 0x00000000a7700000| Untracked 
| 632|0x00000000a7800000, 0x00000000a7900000, 0x00000000a7900000|100%| O|Cm|TAMS 0x00000000a7800000| PB 0x00000000a7800000| Complete 
| 633|0x00000000a7900000, 0x00000000a7a00000, 0x00000000a7a00000|100%| O|Cm|TAMS 0x00000000a7900000| PB 0x00000000a7900000| Complete 
| 634|0x00000000a7a00000, 0x00000000a7b00000, 0x00000000a7b00000|100%| O|Cm|TAMS 0x00000000a7a00000| PB 0x00000000a7a00000| Complete 
| 635|0x00000000a7b00000, 0x00000000a7c00000, 0x00000000a7c00000|100%| O|Cm|TAMS 0x00000000a7b00000| PB 0x00000000a7b00000| Complete 
| 636|0x00000000a7c00000, 0x00000000a7d00000, 0x00000000a7d00000|100%| O|Cm|TAMS 0x00000000a7c00000| PB 0x00000000a7c00000| Complete 
| 637|0x00000000a7d00000, 0x00000000a7e00000, 0x00000000a7e00000|100%| O|  |TAMS 0x00000000a7d00000| PB 0x00000000a7d00000| Untracked 
| 638|0x00000000a7e00000, 0x00000000a7f00000, 0x00000000a7f00000|100%| O|Cm|TAMS 0x00000000a7e00000| PB 0x00000000a7e00000| Complete 
| 639|0x00000000a7f00000, 0x00000000a8000000, 0x00000000a8000000|100%| O|Cm|TAMS 0x00000000a7f00000| PB 0x00000000a7f00000| Complete 
| 640|0x00000000a8000000, 0x00000000a8100000, 0x00000000a8100000|100%| O|Cm|TAMS 0x00000000a8000000| PB 0x00000000a8000000| Complete 
| 641|0x00000000a8100000, 0x00000000a8200000, 0x00000000a8200000|100%| O|Cm|TAMS 0x00000000a8100000| PB 0x00000000a8100000| Complete 
| 642|0x00000000a8200000, 0x00000000a8300000, 0x00000000a8300000|100%| O|Cm|TAMS 0x00000000a8200000| PB 0x00000000a8200000| Complete 
| 643|0x00000000a8300000, 0x00000000a8400000, 0x00000000a8400000|100%| O|Cm|TAMS 0x00000000a8300000| PB 0x00000000a8300000| Complete 
| 644|0x00000000a8400000, 0x00000000a8400000, 0x00000000a8500000|  0%| F|  |TAMS 0x00000000a8400000| PB 0x00000000a8400000| Untracked 
| 645|0x00000000a8500000, 0x00000000a8600000, 0x00000000a8600000|100%| O|Cm|TAMS 0x00000000a8500000| PB 0x00000000a8500000| Complete 
| 646|0x00000000a8600000, 0x00000000a8700000, 0x00000000a8700000|100%| O|Cm|TAMS 0x00000000a8600000| PB 0x00000000a8600000| Complete 
| 647|0x00000000a8700000, 0x00000000a8800000, 0x00000000a8800000|100%| O|  |TAMS 0x00000000a8700000| PB 0x00000000a8700000| Untracked 
| 648|0x00000000a8800000, 0x00000000a8900000, 0x00000000a8900000|100%| O|Cm|TAMS 0x00000000a8800000| PB 0x00000000a8800000| Complete 
| 649|0x00000000a8900000, 0x00000000a8a00000, 0x00000000a8a00000|100%| O|Cm|TAMS 0x00000000a8900000| PB 0x00000000a8900000| Complete 
| 650|0x00000000a8a00000, 0x00000000a8b00000, 0x00000000a8b00000|100%| O|Cm|TAMS 0x00000000a8a00000| PB 0x00000000a8a00000| Complete 
| 651|0x00000000a8b00000, 0x00000000a8c00000, 0x00000000a8c00000|100%| O|Cm|TAMS 0x00000000a8b00000| PB 0x00000000a8b00000| Complete 
| 652|0x00000000a8c00000, 0x00000000a8d00000, 0x00000000a8d00000|100%| O|Cm|TAMS 0x00000000a8c00000| PB 0x00000000a8c00000| Complete 
| 653|0x00000000a8d00000, 0x00000000a8e00000, 0x00000000a8e00000|100%| O|Cm|TAMS 0x00000000a8d00000| PB 0x00000000a8d00000| Complete 
| 654|0x00000000a8e00000, 0x00000000a8f00000, 0x00000000a8f00000|100%| O|Cm|TAMS 0x00000000a8e00000| PB 0x00000000a8e00000| Complete 
| 655|0x00000000a8f00000, 0x00000000a9000000, 0x00000000a9000000|100%| O|Cm|TAMS 0x00000000a8f00000| PB 0x00000000a8f00000| Complete 
| 656|0x00000000a9000000, 0x00000000a9100000, 0x00000000a9100000|100%| O|Cm|TAMS 0x00000000a9000000| PB 0x00000000a9000000| Complete 
| 657|0x00000000a9100000, 0x00000000a9200000, 0x00000000a9200000|100%| O|  |TAMS 0x00000000a9100000| PB 0x00000000a9100000| Untracked 
| 658|0x00000000a9200000, 0x00000000a9300000, 0x00000000a9300000|100%| O|Cm|TAMS 0x00000000a9200000| PB 0x00000000a9200000| Complete 
| 659|0x00000000a9300000, 0x00000000a9400000, 0x00000000a9400000|100%| O|  |TAMS 0x00000000a9300000| PB 0x00000000a9300000| Untracked 
| 660|0x00000000a9400000, 0x00000000a9500000, 0x00000000a9500000|100%|HS|  |TAMS 0x00000000a9400000| PB 0x00000000a9400000| Complete 
| 661|0x00000000a9500000, 0x00000000a9600000, 0x00000000a9600000|100%|HC|  |TAMS 0x00000000a9500000| PB 0x00000000a9500000| Complete 
| 662|0x00000000a9600000, 0x00000000a9700000, 0x00000000a9700000|100%|HC|  |TAMS 0x00000000a9600000| PB 0x00000000a9600000| Complete 
| 663|0x00000000a9700000, 0x00000000a9800000, 0x00000000a9800000|100%| O|Cm|TAMS 0x00000000a9700000| PB 0x00000000a9700000| Complete 
| 664|0x00000000a9800000, 0x00000000a9900000, 0x00000000a9900000|100%| O|Cm|TAMS 0x00000000a9800000| PB 0x00000000a9800000| Complete 
| 665|0x00000000a9900000, 0x00000000a9a00000, 0x00000000a9a00000|100%| O|  |TAMS 0x00000000a9900000| PB 0x00000000a9900000| Untracked 
| 666|0x00000000a9a00000, 0x00000000a9b00000, 0x00000000a9b00000|100%| O|Cm|TAMS 0x00000000a9a00000| PB 0x00000000a9a00000| Complete 
| 667|0x00000000a9b00000, 0x00000000a9c00000, 0x00000000a9c00000|100%| O|Cm|TAMS 0x00000000a9b00000| PB 0x00000000a9b00000| Complete 
| 668|0x00000000a9c00000, 0x00000000a9d00000, 0x00000000a9d00000|100%| O|Cm|TAMS 0x00000000a9c00000| PB 0x00000000a9c00000| Complete 
| 669|0x00000000a9d00000, 0x00000000a9e00000, 0x00000000a9e00000|100%| O|  |TAMS 0x00000000a9d00000| PB 0x00000000a9d00000| Untracked 
| 670|0x00000000a9e00000, 0x00000000a9f00000, 0x00000000a9f00000|100%| O|  |TAMS 0x00000000a9e00000| PB 0x00000000a9e00000| Untracked 
| 671|0x00000000a9f00000, 0x00000000aa000000, 0x00000000aa000000|100%| O|  |TAMS 0x00000000a9f00000| PB 0x00000000a9f00000| Untracked 
| 672|0x00000000aa000000, 0x00000000aa100000, 0x00000000aa100000|100%| O|Cm|TAMS 0x00000000aa000000| PB 0x00000000aa000000| Complete 
| 673|0x00000000aa100000, 0x00000000aa200000, 0x00000000aa200000|100%| O|Cm|TAMS 0x00000000aa100000| PB 0x00000000aa100000| Complete 
| 674|0x00000000aa200000, 0x00000000aa300000, 0x00000000aa300000|100%| O|Cm|TAMS 0x00000000aa200000| PB 0x00000000aa200000| Complete 
| 675|0x00000000aa300000, 0x00000000aa400000, 0x00000000aa400000|100%| O|Cm|TAMS 0x00000000aa300000| PB 0x00000000aa300000| Complete 
| 676|0x00000000aa400000, 0x00000000aa500000, 0x00000000aa500000|100%| O|Cm|TAMS 0x00000000aa400000| PB 0x00000000aa400000| Complete 
| 677|0x00000000aa500000, 0x00000000aa600000, 0x00000000aa600000|100%| O|Cm|TAMS 0x00000000aa500000| PB 0x00000000aa500000| Complete 
| 678|0x00000000aa600000, 0x00000000aa700000, 0x00000000aa700000|100%| O|Cm|TAMS 0x00000000aa600000| PB 0x00000000aa600000| Complete 
| 679|0x00000000aa700000, 0x00000000aa800000, 0x00000000aa800000|100%| O|  |TAMS 0x00000000aa700000| PB 0x00000000aa700000| Untracked 
| 680|0x00000000aa800000, 0x00000000aa900000, 0x00000000aa900000|100%| O|Cm|TAMS 0x00000000aa800000| PB 0x00000000aa800000| Complete 
| 681|0x00000000aa900000, 0x00000000aaa00000, 0x00000000aaa00000|100%| O|  |TAMS 0x00000000aa900000| PB 0x00000000aa900000| Untracked 
| 682|0x00000000aaa00000, 0x00000000aab00000, 0x00000000aab00000|100%| O|  |TAMS 0x00000000aaa00000| PB 0x00000000aaa00000| Untracked 
| 683|0x00000000aab00000, 0x00000000aac00000, 0x00000000aac00000|100%| O|Cm|TAMS 0x00000000aab00000| PB 0x00000000aab00000| Complete 
| 684|0x00000000aac00000, 0x00000000aad00000, 0x00000000aad00000|100%| O|  |TAMS 0x00000000aac00000| PB 0x00000000aac00000| Untracked 
| 685|0x00000000aad00000, 0x00000000aad00000, 0x00000000aae00000|  0%| F|  |TAMS 0x00000000aad00000| PB 0x00000000aad00000| Untracked 
| 686|0x00000000aae00000, 0x00000000aaf00000, 0x00000000aaf00000|100%| O|  |TAMS 0x00000000aae00000| PB 0x00000000aae00000| Untracked 
| 687|0x00000000aaf00000, 0x00000000ab000000, 0x00000000ab000000|100%| O|  |TAMS 0x00000000aaf00000| PB 0x00000000aaf00000| Untracked 
| 688|0x00000000ab000000, 0x00000000ab100000, 0x00000000ab100000|100%| O|  |TAMS 0x00000000ab000000| PB 0x00000000ab000000| Untracked 
| 689|0x00000000ab100000, 0x00000000ab200000, 0x00000000ab200000|100%| O|  |TAMS 0x00000000ab100000| PB 0x00000000ab100000| Untracked 
| 690|0x00000000ab200000, 0x00000000ab300000, 0x00000000ab300000|100%| O|  |TAMS 0x00000000ab200000| PB 0x00000000ab200000| Untracked 
| 691|0x00000000ab300000, 0x00000000ab400000, 0x00000000ab400000|100%| O|  |TAMS 0x00000000ab300000| PB 0x00000000ab300000| Untracked 
| 692|0x00000000ab400000, 0x00000000ab500000, 0x00000000ab500000|100%| O|  |TAMS 0x00000000ab400000| PB 0x00000000ab400000| Untracked 
| 693|0x00000000ab500000, 0x00000000ab600000, 0x00000000ab600000|100%| O|  |TAMS 0x00000000ab500000| PB 0x00000000ab500000| Untracked 
| 694|0x00000000ab600000, 0x00000000ab700000, 0x00000000ab700000|100%| O|  |TAMS 0x00000000ab600000| PB 0x00000000ab600000| Untracked 
| 695|0x00000000ab700000, 0x00000000ab800000, 0x00000000ab800000|100%| O|  |TAMS 0x00000000ab700000| PB 0x00000000ab700000| Untracked 
| 696|0x00000000ab800000, 0x00000000ab900000, 0x00000000ab900000|100%| O|  |TAMS 0x00000000ab800000| PB 0x00000000ab800000| Untracked 
| 697|0x00000000ab900000, 0x00000000aba00000, 0x00000000aba00000|100%| O|  |TAMS 0x00000000ab900000| PB 0x00000000ab900000| Untracked 
| 698|0x00000000aba00000, 0x00000000abb00000, 0x00000000abb00000|100%| O|  |TAMS 0x00000000aba00000| PB 0x00000000aba00000| Untracked 
| 699|0x00000000abb00000, 0x00000000abc00000, 0x00000000abc00000|100%| O|  |TAMS 0x00000000abb00000| PB 0x00000000abb00000| Untracked 
| 700|0x00000000abc00000, 0x00000000abd00000, 0x00000000abd00000|100%| O|  |TAMS 0x00000000abc00000| PB 0x00000000abc00000| Untracked 
| 701|0x00000000abd00000, 0x00000000abe00000, 0x00000000abe00000|100%| O|  |TAMS 0x00000000abd00000| PB 0x00000000abd00000| Untracked 
| 702|0x00000000abe00000, 0x00000000abf00000, 0x00000000abf00000|100%| O|  |TAMS 0x00000000abe00000| PB 0x00000000abe00000| Untracked 
| 703|0x00000000abf00000, 0x00000000ac000000, 0x00000000ac000000|100%| O|  |TAMS 0x00000000abf00000| PB 0x00000000abf00000| Untracked 
| 704|0x00000000ac000000, 0x00000000ac100000, 0x00000000ac100000|100%| O|  |TAMS 0x00000000ac000000| PB 0x00000000ac000000| Untracked 
| 705|0x00000000ac100000, 0x00000000ac200000, 0x00000000ac200000|100%| O|  |TAMS 0x00000000ac100000| PB 0x00000000ac100000| Untracked 
| 706|0x00000000ac200000, 0x00000000ac300000, 0x00000000ac300000|100%| O|  |TAMS 0x00000000ac200000| PB 0x00000000ac200000| Untracked 
| 707|0x00000000ac300000, 0x00000000ac400000, 0x00000000ac400000|100%| O|  |TAMS 0x00000000ac300000| PB 0x00000000ac300000| Untracked 
| 708|0x00000000ac400000, 0x00000000ac400000, 0x00000000ac500000|  0%| F|  |TAMS 0x00000000ac400000| PB 0x00000000ac400000| Untracked 
| 709|0x00000000ac500000, 0x00000000ac500000, 0x00000000ac600000|  0%| F|  |TAMS 0x00000000ac500000| PB 0x00000000ac500000| Untracked 
| 710|0x00000000ac600000, 0x00000000ac600000, 0x00000000ac700000|  0%| F|  |TAMS 0x00000000ac600000| PB 0x00000000ac600000| Untracked 
| 711|0x00000000ac700000, 0x00000000ac700000, 0x00000000ac800000|  0%| F|  |TAMS 0x00000000ac700000| PB 0x00000000ac700000| Untracked 
| 712|0x00000000ac800000, 0x00000000ac800000, 0x00000000ac900000|  0%| F|  |TAMS 0x00000000ac800000| PB 0x00000000ac800000| Untracked 
| 713|0x00000000ac900000, 0x00000000ac900000, 0x00000000aca00000|  0%| F|  |TAMS 0x00000000ac900000| PB 0x00000000ac900000| Untracked 
| 714|0x00000000aca00000, 0x00000000acb00000, 0x00000000acb00000|100%| O|Cm|TAMS 0x00000000aca00000| PB 0x00000000aca00000| Complete 
| 715|0x00000000acb00000, 0x00000000acb00000, 0x00000000acc00000|  0%| F|  |TAMS 0x00000000acb00000| PB 0x00000000acb00000| Untracked 
| 716|0x00000000acc00000, 0x00000000acc00000, 0x00000000acd00000|  0%| F|  |TAMS 0x00000000acc00000| PB 0x00000000acc00000| Untracked 
| 717|0x00000000acd00000, 0x00000000acd00000, 0x00000000ace00000|  0%| F|  |TAMS 0x00000000acd00000| PB 0x00000000acd00000| Untracked 
| 718|0x00000000ace00000, 0x00000000ace00000, 0x00000000acf00000|  0%| F|  |TAMS 0x00000000ace00000| PB 0x00000000ace00000| Untracked 
| 719|0x00000000acf00000, 0x00000000acf00000, 0x00000000ad000000|  0%| F|  |TAMS 0x00000000acf00000| PB 0x00000000acf00000| Untracked 
| 720|0x00000000ad000000, 0x00000000ad000000, 0x00000000ad100000|  0%| F|  |TAMS 0x00000000ad000000| PB 0x00000000ad000000| Untracked 
| 721|0x00000000ad100000, 0x00000000ad100000, 0x00000000ad200000|  0%| F|  |TAMS 0x00000000ad100000| PB 0x00000000ad100000| Untracked 
| 722|0x00000000ad200000, 0x00000000ad200000, 0x00000000ad300000|  0%| F|  |TAMS 0x00000000ad200000| PB 0x00000000ad200000| Untracked 
| 723|0x00000000ad300000, 0x00000000ad300000, 0x00000000ad400000|  0%| F|  |TAMS 0x00000000ad300000| PB 0x00000000ad300000| Untracked 
| 724|0x00000000ad400000, 0x00000000ad500000, 0x00000000ad500000|100%| O|  |TAMS 0x00000000ad400000| PB 0x00000000ad400000| Untracked 
| 725|0x00000000ad500000, 0x00000000ad600000, 0x00000000ad600000|100%| O|  |TAMS 0x00000000ad500000| PB 0x00000000ad500000| Untracked 
| 726|0x00000000ad600000, 0x00000000ad700000, 0x00000000ad700000|100%| O|  |TAMS 0x00000000ad600000| PB 0x00000000ad600000| Untracked 
| 727|0x00000000ad700000, 0x00000000ad800000, 0x00000000ad800000|100%| O|Cm|TAMS 0x00000000ad700000| PB 0x00000000ad700000| Complete 
| 728|0x00000000ad800000, 0x00000000ad800000, 0x00000000ad900000|  0%| F|  |TAMS 0x00000000ad800000| PB 0x00000000ad800000| Untracked 
| 729|0x00000000ad900000, 0x00000000ad900000, 0x00000000ada00000|  0%| F|  |TAMS 0x00000000ad900000| PB 0x00000000ad900000| Untracked 
| 730|0x00000000ada00000, 0x00000000ada00000, 0x00000000adb00000|  0%| F|  |TAMS 0x00000000ada00000| PB 0x00000000ada00000| Untracked 
| 731|0x00000000adb00000, 0x00000000adb00000, 0x00000000adc00000|  0%| F|  |TAMS 0x00000000adb00000| PB 0x00000000adb00000| Untracked 
| 732|0x00000000adc00000, 0x00000000adc00000, 0x00000000add00000|  0%| F|  |TAMS 0x00000000adc00000| PB 0x00000000adc00000| Untracked 
| 733|0x00000000add00000, 0x00000000add00000, 0x00000000ade00000|  0%| F|  |TAMS 0x00000000add00000| PB 0x00000000add00000| Untracked 
| 734|0x00000000ade00000, 0x00000000ade00000, 0x00000000adf00000|  0%| F|  |TAMS 0x00000000ade00000| PB 0x00000000ade00000| Untracked 
| 735|0x00000000adf00000, 0x00000000adf00000, 0x00000000ae000000|  0%| F|  |TAMS 0x00000000adf00000| PB 0x00000000adf00000| Untracked 
| 736|0x00000000ae000000, 0x00000000ae000000, 0x00000000ae100000|  0%| F|  |TAMS 0x00000000ae000000| PB 0x00000000ae000000| Untracked 
| 737|0x00000000ae100000, 0x00000000ae100000, 0x00000000ae200000|  0%| F|  |TAMS 0x00000000ae100000| PB 0x00000000ae100000| Untracked 
| 738|0x00000000ae200000, 0x00000000ae200000, 0x00000000ae300000|  0%| F|  |TAMS 0x00000000ae200000| PB 0x00000000ae200000| Untracked 
| 739|0x00000000ae300000, 0x00000000ae300000, 0x00000000ae400000|  0%| F|  |TAMS 0x00000000ae300000| PB 0x00000000ae300000| Untracked 
| 740|0x00000000ae400000, 0x00000000ae500000, 0x00000000ae500000|100%| O|Cm|TAMS 0x00000000ae400000| PB 0x00000000ae400000| Complete 
| 741|0x00000000ae500000, 0x00000000ae600000, 0x00000000ae600000|100%| O|  |TAMS 0x00000000ae500000| PB 0x00000000ae500000| Untracked 
| 742|0x00000000ae600000, 0x00000000ae700000, 0x00000000ae700000|100%| O|Cm|TAMS 0x00000000ae600000| PB 0x00000000ae600000| Complete 
| 743|0x00000000ae700000, 0x00000000ae700000, 0x00000000ae800000|  0%| F|  |TAMS 0x00000000ae700000| PB 0x00000000ae700000| Untracked 
| 744|0x00000000ae800000, 0x00000000ae900000, 0x00000000ae900000|100%|HS|  |TAMS 0x00000000ae800000| PB 0x00000000ae800000| Complete 
| 745|0x00000000ae900000, 0x00000000aea00000, 0x00000000aea00000|100%|HC|  |TAMS 0x00000000ae900000| PB 0x00000000ae900000| Complete 
| 746|0x00000000aea00000, 0x00000000aeb00000, 0x00000000aeb00000|100%| O|Cm|TAMS 0x00000000aea00000| PB 0x00000000aea00000| Complete 
| 747|0x00000000aeb00000, 0x00000000aec00000, 0x00000000aec00000|100%| O|Cm|TAMS 0x00000000aeb00000| PB 0x00000000aeb00000| Complete 
| 748|0x00000000aec00000, 0x00000000aed00000, 0x00000000aed00000|100%|HS|  |TAMS 0x00000000aec00000| PB 0x00000000aec00000| Complete 
| 749|0x00000000aed00000, 0x00000000aee00000, 0x00000000aee00000|100%| O|  |TAMS 0x00000000aed00000| PB 0x00000000aed00000| Untracked 
| 750|0x00000000aee00000, 0x00000000aef00000, 0x00000000aef00000|100%| O|Cm|TAMS 0x00000000aee00000| PB 0x00000000aee00000| Complete 
| 751|0x00000000aef00000, 0x00000000af000000, 0x00000000af000000|100%| O|  |TAMS 0x00000000aef00000| PB 0x00000000aef00000| Untracked 
| 752|0x00000000af000000, 0x00000000af100000, 0x00000000af100000|100%|HS|  |TAMS 0x00000000af000000| PB 0x00000000af000000| Complete 
| 753|0x00000000af100000, 0x00000000af200000, 0x00000000af200000|100%| O|  |TAMS 0x00000000af100000| PB 0x00000000af100000| Untracked 
| 754|0x00000000af200000, 0x00000000af300000, 0x00000000af300000|100%| O|  |TAMS 0x00000000af200000| PB 0x00000000af200000| Untracked 
| 755|0x00000000af300000, 0x00000000af400000, 0x00000000af400000|100%| O|Cm|TAMS 0x00000000af300000| PB 0x00000000af300000| Complete 
| 756|0x00000000af400000, 0x00000000af500000, 0x00000000af500000|100%| O|  |TAMS 0x00000000af400000| PB 0x00000000af400000| Untracked 
| 757|0x00000000af500000, 0x00000000af600000, 0x00000000af600000|100%| O|Cm|TAMS 0x00000000af500000| PB 0x00000000af500000| Complete 
| 758|0x00000000af600000, 0x00000000af700000, 0x00000000af700000|100%| O|Cm|TAMS 0x00000000af600000| PB 0x00000000af600000| Complete 
| 759|0x00000000af700000, 0x00000000af800000, 0x00000000af800000|100%| O|  |TAMS 0x00000000af700000| PB 0x00000000af700000| Untracked 
| 760|0x00000000af800000, 0x00000000af880000, 0x00000000af900000| 50%| O|  |TAMS 0x00000000af800000| PB 0x00000000af800000| Untracked 
| 761|0x00000000af900000, 0x00000000af900000, 0x00000000afa00000|  0%| F|  |TAMS 0x00000000af900000| PB 0x00000000af900000| Untracked 
| 762|0x00000000afa00000, 0x00000000afa00000, 0x00000000afb00000|  0%| F|  |TAMS 0x00000000afa00000| PB 0x00000000afa00000| Untracked 
| 763|0x00000000afb00000, 0x00000000afb00000, 0x00000000afc00000|  0%| F|  |TAMS 0x00000000afb00000| PB 0x00000000afb00000| Untracked 
| 764|0x00000000afc00000, 0x00000000afc00000, 0x00000000afd00000|  0%| F|  |TAMS 0x00000000afc00000| PB 0x00000000afc00000| Untracked 
| 765|0x00000000afd00000, 0x00000000afd00000, 0x00000000afe00000|  0%| F|  |TAMS 0x00000000afd00000| PB 0x00000000afd00000| Untracked 
| 766|0x00000000afe00000, 0x00000000afe00000, 0x00000000aff00000|  0%| F|  |TAMS 0x00000000afe00000| PB 0x00000000afe00000| Untracked 
| 767|0x00000000aff00000, 0x00000000aff00000, 0x00000000b0000000|  0%| F|  |TAMS 0x00000000aff00000| PB 0x00000000aff00000| Untracked 
| 768|0x00000000b0000000, 0x00000000b0000000, 0x00000000b0100000|  0%| F|  |TAMS 0x00000000b0000000| PB 0x00000000b0000000| Untracked 
| 769|0x00000000b0100000, 0x00000000b0100000, 0x00000000b0200000|  0%| F|  |TAMS 0x00000000b0100000| PB 0x00000000b0100000| Untracked 
| 770|0x00000000b0200000, 0x00000000b0200000, 0x00000000b0300000|  0%| F|  |TAMS 0x00000000b0200000| PB 0x00000000b0200000| Untracked 
| 771|0x00000000b0300000, 0x00000000b0300000, 0x00000000b0400000|  0%| F|  |TAMS 0x00000000b0300000| PB 0x00000000b0300000| Untracked 
| 772|0x00000000b0400000, 0x00000000b0400000, 0x00000000b0500000|  0%| F|  |TAMS 0x00000000b0400000| PB 0x00000000b0400000| Untracked 
| 773|0x00000000b0500000, 0x00000000b0500000, 0x00000000b0600000|  0%| F|  |TAMS 0x00000000b0500000| PB 0x00000000b0500000| Untracked 
| 774|0x00000000b0600000, 0x00000000b0600000, 0x00000000b0700000|  0%| F|  |TAMS 0x00000000b0600000| PB 0x00000000b0600000| Untracked 
| 775|0x00000000b0700000, 0x00000000b0700000, 0x00000000b0800000|  0%| F|  |TAMS 0x00000000b0700000| PB 0x00000000b0700000| Untracked 
| 776|0x00000000b0800000, 0x00000000b0800000, 0x00000000b0900000|  0%| F|  |TAMS 0x00000000b0800000| PB 0x00000000b0800000| Untracked 
| 777|0x00000000b0900000, 0x00000000b0900000, 0x00000000b0a00000|  0%| F|  |TAMS 0x00000000b0900000| PB 0x00000000b0900000| Untracked 
| 778|0x00000000b0a00000, 0x00000000b0a00000, 0x00000000b0b00000|  0%| F|  |TAMS 0x00000000b0a00000| PB 0x00000000b0a00000| Untracked 
| 779|0x00000000b0b00000, 0x00000000b0b00000, 0x00000000b0c00000|  0%| F|  |TAMS 0x00000000b0b00000| PB 0x00000000b0b00000| Untracked 
| 780|0x00000000b0c00000, 0x00000000b0c00000, 0x00000000b0d00000|  0%| F|  |TAMS 0x00000000b0c00000| PB 0x00000000b0c00000| Untracked 
| 781|0x00000000b0d00000, 0x00000000b0d00000, 0x00000000b0e00000|  0%| F|  |TAMS 0x00000000b0d00000| PB 0x00000000b0d00000| Untracked 
| 782|0x00000000b0e00000, 0x00000000b0e00000, 0x00000000b0f00000|  0%| F|  |TAMS 0x00000000b0e00000| PB 0x00000000b0e00000| Untracked 
| 783|0x00000000b0f00000, 0x00000000b0f00000, 0x00000000b1000000|  0%| F|  |TAMS 0x00000000b0f00000| PB 0x00000000b0f00000| Untracked 
| 784|0x00000000b1000000, 0x00000000b1000000, 0x00000000b1100000|  0%| F|  |TAMS 0x00000000b1000000| PB 0x00000000b1000000| Untracked 
| 785|0x00000000b1100000, 0x00000000b1100000, 0x00000000b1200000|  0%| F|  |TAMS 0x00000000b1100000| PB 0x00000000b1100000| Untracked 
| 786|0x00000000b1200000, 0x00000000b1200000, 0x00000000b1300000|  0%| F|  |TAMS 0x00000000b1200000| PB 0x00000000b1200000| Untracked 
| 787|0x00000000b1300000, 0x00000000b1300000, 0x00000000b1400000|  0%| F|  |TAMS 0x00000000b1300000| PB 0x00000000b1300000| Untracked 
| 788|0x00000000b1400000, 0x00000000b1400000, 0x00000000b1500000|  0%| F|  |TAMS 0x00000000b1400000| PB 0x00000000b1400000| Untracked 
| 789|0x00000000b1500000, 0x00000000b1500000, 0x00000000b1600000|  0%| F|  |TAMS 0x00000000b1500000| PB 0x00000000b1500000| Untracked 
| 790|0x00000000b1600000, 0x00000000b1600000, 0x00000000b1700000|  0%| F|  |TAMS 0x00000000b1600000| PB 0x00000000b1600000| Untracked 
| 791|0x00000000b1700000, 0x00000000b1700000, 0x00000000b1800000|  0%| F|  |TAMS 0x00000000b1700000| PB 0x00000000b1700000| Untracked 
| 792|0x00000000b1800000, 0x00000000b1800000, 0x00000000b1900000|  0%| F|  |TAMS 0x00000000b1800000| PB 0x00000000b1800000| Untracked 
| 793|0x00000000b1900000, 0x00000000b1900000, 0x00000000b1a00000|  0%| F|  |TAMS 0x00000000b1900000| PB 0x00000000b1900000| Untracked 
| 794|0x00000000b1a00000, 0x00000000b1a00000, 0x00000000b1b00000|  0%| F|  |TAMS 0x00000000b1a00000| PB 0x00000000b1a00000| Untracked 
| 795|0x00000000b1b00000, 0x00000000b1b00000, 0x00000000b1c00000|  0%| F|  |TAMS 0x00000000b1b00000| PB 0x00000000b1b00000| Untracked 
| 796|0x00000000b1c00000, 0x00000000b1c00000, 0x00000000b1d00000|  0%| F|  |TAMS 0x00000000b1c00000| PB 0x00000000b1c00000| Untracked 
| 797|0x00000000b1d00000, 0x00000000b1d00000, 0x00000000b1e00000|  0%| F|  |TAMS 0x00000000b1d00000| PB 0x00000000b1d00000| Untracked 
| 798|0x00000000b1e00000, 0x00000000b1e00000, 0x00000000b1f00000|  0%| F|  |TAMS 0x00000000b1e00000| PB 0x00000000b1e00000| Untracked 
| 799|0x00000000b1f00000, 0x00000000b1f00000, 0x00000000b2000000|  0%| F|  |TAMS 0x00000000b1f00000| PB 0x00000000b1f00000| Untracked 
| 800|0x00000000b2000000, 0x00000000b2000000, 0x00000000b2100000|  0%| F|  |TAMS 0x00000000b2000000| PB 0x00000000b2000000| Untracked 
| 801|0x00000000b2100000, 0x00000000b2100000, 0x00000000b2200000|  0%| F|  |TAMS 0x00000000b2100000| PB 0x00000000b2100000| Untracked 
| 802|0x00000000b2200000, 0x00000000b2200000, 0x00000000b2300000|  0%| F|  |TAMS 0x00000000b2200000| PB 0x00000000b2200000| Untracked 
| 803|0x00000000b2300000, 0x00000000b2300000, 0x00000000b2400000|  0%| F|  |TAMS 0x00000000b2300000| PB 0x00000000b2300000| Untracked 
| 804|0x00000000b2400000, 0x00000000b2400000, 0x00000000b2500000|  0%| F|  |TAMS 0x00000000b2400000| PB 0x00000000b2400000| Untracked 
| 805|0x00000000b2500000, 0x00000000b2500000, 0x00000000b2600000|  0%| F|  |TAMS 0x00000000b2500000| PB 0x00000000b2500000| Untracked 
| 806|0x00000000b2600000, 0x00000000b2600000, 0x00000000b2700000|  0%| F|  |TAMS 0x00000000b2600000| PB 0x00000000b2600000| Untracked 
| 807|0x00000000b2700000, 0x00000000b2800000, 0x00000000b2800000|100%| O|  |TAMS 0x00000000b2700000| PB 0x00000000b2700000| Untracked 
| 808|0x00000000b2800000, 0x00000000b2900000, 0x00000000b2900000|100%| O|Cm|TAMS 0x00000000b2800000| PB 0x00000000b2800000| Complete 
| 809|0x00000000b2900000, 0x00000000b2a00000, 0x00000000b2a00000|100%| O|  |TAMS 0x00000000b2900000| PB 0x00000000b2900000| Untracked 
| 810|0x00000000b2a00000, 0x00000000b2b00000, 0x00000000b2b00000|100%| O|  |TAMS 0x00000000b2a00000| PB 0x00000000b2a00000| Untracked 
| 811|0x00000000b2b00000, 0x00000000b2c00000, 0x00000000b2c00000|100%| O|  |TAMS 0x00000000b2b00000| PB 0x00000000b2b00000| Untracked 
| 812|0x00000000b2c00000, 0x00000000b2d00000, 0x00000000b2d00000|100%| O|Cm|TAMS 0x00000000b2c00000| PB 0x00000000b2c00000| Complete 
| 813|0x00000000b2d00000, 0x00000000b2e00000, 0x00000000b2e00000|100%| O|  |TAMS 0x00000000b2d00000| PB 0x00000000b2d00000| Untracked 
| 814|0x00000000b2e00000, 0x00000000b2e00000, 0x00000000b2f00000|  0%| F|  |TAMS 0x00000000b2e00000| PB 0x00000000b2e00000| Untracked 
| 815|0x00000000b2f00000, 0x00000000b2f00000, 0x00000000b3000000|  0%| F|  |TAMS 0x00000000b2f00000| PB 0x00000000b2f00000| Untracked 
| 816|0x00000000b3000000, 0x00000000b3000000, 0x00000000b3100000|  0%| F|  |TAMS 0x00000000b3000000| PB 0x00000000b3000000| Untracked 
| 817|0x00000000b3100000, 0x00000000b3100000, 0x00000000b3200000|  0%| F|  |TAMS 0x00000000b3100000| PB 0x00000000b3100000| Untracked 
| 818|0x00000000b3200000, 0x00000000b3200000, 0x00000000b3300000|  0%| F|  |TAMS 0x00000000b3200000| PB 0x00000000b3200000| Untracked 
| 819|0x00000000b3300000, 0x00000000b3300000, 0x00000000b3400000|  0%| F|  |TAMS 0x00000000b3300000| PB 0x00000000b3300000| Untracked 
| 820|0x00000000b3400000, 0x00000000b3400000, 0x00000000b3500000|  0%| F|  |TAMS 0x00000000b3400000| PB 0x00000000b3400000| Untracked 
| 821|0x00000000b3500000, 0x00000000b3500000, 0x00000000b3600000|  0%| F|  |TAMS 0x00000000b3500000| PB 0x00000000b3500000| Untracked 
| 822|0x00000000b3600000, 0x00000000b3600000, 0x00000000b3700000|  0%| F|  |TAMS 0x00000000b3600000| PB 0x00000000b3600000| Untracked 
| 823|0x00000000b3700000, 0x00000000b3700000, 0x00000000b3800000|  0%| F|  |TAMS 0x00000000b3700000| PB 0x00000000b3700000| Untracked 
| 824|0x00000000b3800000, 0x00000000b3800000, 0x00000000b3900000|  0%| F|  |TAMS 0x00000000b3800000| PB 0x00000000b3800000| Untracked 
| 825|0x00000000b3900000, 0x00000000b3900000, 0x00000000b3a00000|  0%| F|  |TAMS 0x00000000b3900000| PB 0x00000000b3900000| Untracked 
| 826|0x00000000b3a00000, 0x00000000b3a00000, 0x00000000b3b00000|  0%| F|  |TAMS 0x00000000b3a00000| PB 0x00000000b3a00000| Untracked 
| 827|0x00000000b3b00000, 0x00000000b3b00000, 0x00000000b3c00000|  0%| F|  |TAMS 0x00000000b3b00000| PB 0x00000000b3b00000| Untracked 
| 828|0x00000000b3c00000, 0x00000000b3c00000, 0x00000000b3d00000|  0%| F|  |TAMS 0x00000000b3c00000| PB 0x00000000b3c00000| Untracked 
| 829|0x00000000b3d00000, 0x00000000b3d00000, 0x00000000b3e00000|  0%| F|  |TAMS 0x00000000b3d00000| PB 0x00000000b3d00000| Untracked 
| 830|0x00000000b3e00000, 0x00000000b3e00000, 0x00000000b3f00000|  0%| F|  |TAMS 0x00000000b3e00000| PB 0x00000000b3e00000| Untracked 
| 831|0x00000000b3f00000, 0x00000000b3f00000, 0x00000000b4000000|  0%| F|  |TAMS 0x00000000b3f00000| PB 0x00000000b3f00000| Untracked 
| 832|0x00000000b4000000, 0x00000000b4000000, 0x00000000b4100000|  0%| F|  |TAMS 0x00000000b4000000| PB 0x00000000b4000000| Untracked 
| 833|0x00000000b4100000, 0x00000000b4100000, 0x00000000b4200000|  0%| F|  |TAMS 0x00000000b4100000| PB 0x00000000b4100000| Untracked 
| 834|0x00000000b4200000, 0x00000000b4200000, 0x00000000b4300000|  0%| F|  |TAMS 0x00000000b4200000| PB 0x00000000b4200000| Untracked 
| 835|0x00000000b4300000, 0x00000000b4300000, 0x00000000b4400000|  0%| F|  |TAMS 0x00000000b4300000| PB 0x00000000b4300000| Untracked 
| 836|0x00000000b4400000, 0x00000000b4400000, 0x00000000b4500000|  0%| F|  |TAMS 0x00000000b4400000| PB 0x00000000b4400000| Untracked 
| 837|0x00000000b4500000, 0x00000000b4500000, 0x00000000b4600000|  0%| F|  |TAMS 0x00000000b4500000| PB 0x00000000b4500000| Untracked 
| 838|0x00000000b4600000, 0x00000000b4600000, 0x00000000b4700000|  0%| F|  |TAMS 0x00000000b4600000| PB 0x00000000b4600000| Untracked 
| 839|0x00000000b4700000, 0x00000000b4700000, 0x00000000b4800000|  0%| F|  |TAMS 0x00000000b4700000| PB 0x00000000b4700000| Untracked 
| 840|0x00000000b4800000, 0x00000000b4800000, 0x00000000b4900000|  0%| F|  |TAMS 0x00000000b4800000| PB 0x00000000b4800000| Untracked 
| 841|0x00000000b4900000, 0x00000000b4900000, 0x00000000b4a00000|  0%| F|  |TAMS 0x00000000b4900000| PB 0x00000000b4900000| Untracked 
| 842|0x00000000b4a00000, 0x00000000b4a00000, 0x00000000b4b00000|  0%| F|  |TAMS 0x00000000b4a00000| PB 0x00000000b4a00000| Untracked 
| 843|0x00000000b4b00000, 0x00000000b4b00000, 0x00000000b4c00000|  0%| F|  |TAMS 0x00000000b4b00000| PB 0x00000000b4b00000| Untracked 
| 844|0x00000000b4c00000, 0x00000000b4d00000, 0x00000000b4d00000|100%| S|CS|TAMS 0x00000000b4c00000| PB 0x00000000b4c00000| Complete 
| 845|0x00000000b4d00000, 0x00000000b4e00000, 0x00000000b4e00000|100%| S|CS|TAMS 0x00000000b4d00000| PB 0x00000000b4d00000| Complete 
| 846|0x00000000b4e00000, 0x00000000b4f00000, 0x00000000b4f00000|100%| S|CS|TAMS 0x00000000b4e00000| PB 0x00000000b4e00000| Complete 
| 847|0x00000000b4f00000, 0x00000000b5000000, 0x00000000b5000000|100%| S|CS|TAMS 0x00000000b4f00000| PB 0x00000000b4f00000| Complete 
| 848|0x00000000b5000000, 0x00000000b5100000, 0x00000000b5100000|100%| S|CS|TAMS 0x00000000b5000000| PB 0x00000000b5000000| Complete 
| 849|0x00000000b5100000, 0x00000000b5200000, 0x00000000b5200000|100%| S|CS|TAMS 0x00000000b5100000| PB 0x00000000b5100000| Complete 
| 850|0x00000000b5200000, 0x00000000b5300000, 0x00000000b5300000|100%| S|CS|TAMS 0x00000000b5200000| PB 0x00000000b5200000| Complete 
| 851|0x00000000b5300000, 0x00000000b5400000, 0x00000000b5400000|100%| S|CS|TAMS 0x00000000b5300000| PB 0x00000000b5300000| Complete 
| 852|0x00000000b5400000, 0x00000000b5500000, 0x00000000b5500000|100%| S|CS|TAMS 0x00000000b5400000| PB 0x00000000b5400000| Complete 
| 853|0x00000000b5500000, 0x00000000b5600000, 0x00000000b5600000|100%| S|CS|TAMS 0x00000000b5500000| PB 0x00000000b5500000| Complete 
| 854|0x00000000b5600000, 0x00000000b5700000, 0x00000000b5700000|100%| S|CS|TAMS 0x00000000b5600000| PB 0x00000000b5600000| Complete 
| 855|0x00000000b5700000, 0x00000000b5800000, 0x00000000b5800000|100%| S|CS|TAMS 0x00000000b5700000| PB 0x00000000b5700000| Complete 
| 856|0x00000000b5800000, 0x00000000b5900000, 0x00000000b5900000|100%| S|CS|TAMS 0x00000000b5800000| PB 0x00000000b5800000| Complete 
| 857|0x00000000b5900000, 0x00000000b5a00000, 0x00000000b5a00000|100%| S|CS|TAMS 0x00000000b5900000| PB 0x00000000b5900000| Complete 
| 858|0x00000000b5a00000, 0x00000000b5b00000, 0x00000000b5b00000|100%| S|CS|TAMS 0x00000000b5a00000| PB 0x00000000b5a00000| Complete 
| 859|0x00000000b5b00000, 0x00000000b5c00000, 0x00000000b5c00000|100%| S|CS|TAMS 0x00000000b5b00000| PB 0x00000000b5b00000| Complete 
| 860|0x00000000b5c00000, 0x00000000b5d00000, 0x00000000b5d00000|100%| S|CS|TAMS 0x00000000b5c00000| PB 0x00000000b5c00000| Complete 
| 861|0x00000000b5d00000, 0x00000000b5e00000, 0x00000000b5e00000|100%| S|CS|TAMS 0x00000000b5d00000| PB 0x00000000b5d00000| Complete 
| 862|0x00000000b5e00000, 0x00000000b5f00000, 0x00000000b5f00000|100%| S|CS|TAMS 0x00000000b5e00000| PB 0x00000000b5e00000| Complete 
| 863|0x00000000b5f00000, 0x00000000b6000000, 0x00000000b6000000|100%| S|CS|TAMS 0x00000000b5f00000| PB 0x00000000b5f00000| Complete 
| 864|0x00000000b6000000, 0x00000000b6100000, 0x00000000b6100000|100%| S|CS|TAMS 0x00000000b6000000| PB 0x00000000b6000000| Complete 
| 865|0x00000000b6100000, 0x00000000b6200000, 0x00000000b6200000|100%| S|CS|TAMS 0x00000000b6100000| PB 0x00000000b6100000| Complete 
| 866|0x00000000b6200000, 0x00000000b6300000, 0x00000000b6300000|100%| S|CS|TAMS 0x00000000b6200000| PB 0x00000000b6200000| Complete 
| 867|0x00000000b6300000, 0x00000000b6400000, 0x00000000b6400000|100%| S|CS|TAMS 0x00000000b6300000| PB 0x00000000b6300000| Complete 
| 868|0x00000000b6400000, 0x00000000b6500000, 0x00000000b6500000|100%| S|CS|TAMS 0x00000000b6400000| PB 0x00000000b6400000| Complete 
| 869|0x00000000b6500000, 0x00000000b6600000, 0x00000000b6600000|100%| S|CS|TAMS 0x00000000b6500000| PB 0x00000000b6500000| Complete 
| 870|0x00000000b6600000, 0x00000000b6700000, 0x00000000b6700000|100%| S|CS|TAMS 0x00000000b6600000| PB 0x00000000b6600000| Complete 
| 871|0x00000000b6700000, 0x00000000b6800000, 0x00000000b6800000|100%| S|CS|TAMS 0x00000000b6700000| PB 0x00000000b6700000| Complete 
| 872|0x00000000b6800000, 0x00000000b6900000, 0x00000000b6900000|100%| S|CS|TAMS 0x00000000b6800000| PB 0x00000000b6800000| Complete 
| 873|0x00000000b6900000, 0x00000000b6a00000, 0x00000000b6a00000|100%| S|CS|TAMS 0x00000000b6900000| PB 0x00000000b6900000| Complete 
| 874|0x00000000b6a00000, 0x00000000b6b00000, 0x00000000b6b00000|100%| S|CS|TAMS 0x00000000b6a00000| PB 0x00000000b6a00000| Complete 
| 875|0x00000000b6b00000, 0x00000000b6c00000, 0x00000000b6c00000|100%| S|CS|TAMS 0x00000000b6b00000| PB 0x00000000b6b00000| Complete 
| 876|0x00000000b6c00000, 0x00000000b6d00000, 0x00000000b6d00000|100%| S|CS|TAMS 0x00000000b6c00000| PB 0x00000000b6c00000| Complete 
| 877|0x00000000b6d00000, 0x00000000b6e00000, 0x00000000b6e00000|100%| S|CS|TAMS 0x00000000b6d00000| PB 0x00000000b6d00000| Complete 
| 878|0x00000000b6e00000, 0x00000000b6f00000, 0x00000000b6f00000|100%| S|CS|TAMS 0x00000000b6e00000| PB 0x00000000b6e00000| Complete 
| 879|0x00000000b6f00000, 0x00000000b7000000, 0x00000000b7000000|100%| S|CS|TAMS 0x00000000b6f00000| PB 0x00000000b6f00000| Complete 
| 880|0x00000000b7000000, 0x00000000b7100000, 0x00000000b7100000|100%| S|CS|TAMS 0x00000000b7000000| PB 0x00000000b7000000| Complete 
| 881|0x00000000b7100000, 0x00000000b7200000, 0x00000000b7200000|100%| S|CS|TAMS 0x00000000b7100000| PB 0x00000000b7100000| Complete 
| 882|0x00000000b7200000, 0x00000000b7300000, 0x00000000b7300000|100%| S|CS|TAMS 0x00000000b7200000| PB 0x00000000b7200000| Complete 
| 883|0x00000000b7300000, 0x00000000b7400000, 0x00000000b7400000|100%| S|CS|TAMS 0x00000000b7300000| PB 0x00000000b7300000| Complete 
| 884|0x00000000b7400000, 0x00000000b7500000, 0x00000000b7500000|100%| S|CS|TAMS 0x00000000b7400000| PB 0x00000000b7400000| Complete 
| 885|0x00000000b7500000, 0x00000000b7600000, 0x00000000b7600000|100%| S|CS|TAMS 0x00000000b7500000| PB 0x00000000b7500000| Complete 
| 886|0x00000000b7600000, 0x00000000b7700000, 0x00000000b7700000|100%| S|CS|TAMS 0x00000000b7600000| PB 0x00000000b7600000| Complete 
| 887|0x00000000b7700000, 0x00000000b7800000, 0x00000000b7800000|100%| S|CS|TAMS 0x00000000b7700000| PB 0x00000000b7700000| Complete 
| 888|0x00000000b7800000, 0x00000000b7900000, 0x00000000b7900000|100%| S|CS|TAMS 0x00000000b7800000| PB 0x00000000b7800000| Complete 
| 889|0x00000000b7900000, 0x00000000b7a00000, 0x00000000b7a00000|100%| S|CS|TAMS 0x00000000b7900000| PB 0x00000000b7900000| Complete 
| 890|0x00000000b7a00000, 0x00000000b7a00000, 0x00000000b7b00000|  0%| F|  |TAMS 0x00000000b7a00000| PB 0x00000000b7a00000| Untracked 
| 891|0x00000000b7b00000, 0x00000000b7b00000, 0x00000000b7c00000|  0%| F|  |TAMS 0x00000000b7b00000| PB 0x00000000b7b00000| Untracked 
| 892|0x00000000b7c00000, 0x00000000b7c00000, 0x00000000b7d00000|  0%| F|  |TAMS 0x00000000b7c00000| PB 0x00000000b7c00000| Untracked 
| 893|0x00000000b7d00000, 0x00000000b7d00000, 0x00000000b7e00000|  0%| F|  |TAMS 0x00000000b7d00000| PB 0x00000000b7d00000| Untracked 
| 894|0x00000000b7e00000, 0x00000000b7e00000, 0x00000000b7f00000|  0%| F|  |TAMS 0x00000000b7e00000| PB 0x00000000b7e00000| Untracked 
| 895|0x00000000b7f00000, 0x00000000b7f00000, 0x00000000b8000000|  0%| F|  |TAMS 0x00000000b7f00000| PB 0x00000000b7f00000| Untracked 
| 896|0x00000000b8000000, 0x00000000b8000000, 0x00000000b8100000|  0%| F|  |TAMS 0x00000000b8000000| PB 0x00000000b8000000| Untracked 
| 897|0x00000000b8100000, 0x00000000b8100000, 0x00000000b8200000|  0%| F|  |TAMS 0x00000000b8100000| PB 0x00000000b8100000| Untracked 
| 898|0x00000000b8200000, 0x00000000b8200000, 0x00000000b8300000|  0%| F|  |TAMS 0x00000000b8200000| PB 0x00000000b8200000| Untracked 
| 899|0x00000000b8300000, 0x00000000b8300000, 0x00000000b8400000|  0%| F|  |TAMS 0x00000000b8300000| PB 0x00000000b8300000| Untracked 
| 900|0x00000000b8400000, 0x00000000b8400000, 0x00000000b8500000|  0%| F|  |TAMS 0x00000000b8400000| PB 0x00000000b8400000| Untracked 
| 901|0x00000000b8500000, 0x00000000b8500000, 0x00000000b8600000|  0%| F|  |TAMS 0x00000000b8500000| PB 0x00000000b8500000| Untracked 
| 902|0x00000000b8600000, 0x00000000b8600000, 0x00000000b8700000|  0%| F|  |TAMS 0x00000000b8600000| PB 0x00000000b8600000| Untracked 
| 903|0x00000000b8700000, 0x00000000b8700000, 0x00000000b8800000|  0%| F|  |TAMS 0x00000000b8700000| PB 0x00000000b8700000| Untracked 
| 904|0x00000000b8800000, 0x00000000b8800000, 0x00000000b8900000|  0%| F|  |TAMS 0x00000000b8800000| PB 0x00000000b8800000| Untracked 
| 905|0x00000000b8900000, 0x00000000b8900000, 0x00000000b8a00000|  0%| F|  |TAMS 0x00000000b8900000| PB 0x00000000b8900000| Untracked 
| 906|0x00000000b8a00000, 0x00000000b8a00000, 0x00000000b8b00000|  0%| F|  |TAMS 0x00000000b8a00000| PB 0x00000000b8a00000| Untracked 
| 907|0x00000000b8b00000, 0x00000000b8b00000, 0x00000000b8c00000|  0%| F|  |TAMS 0x00000000b8b00000| PB 0x00000000b8b00000| Untracked 
| 908|0x00000000b8c00000, 0x00000000b8c00000, 0x00000000b8d00000|  0%| F|  |TAMS 0x00000000b8c00000| PB 0x00000000b8c00000| Untracked 
| 909|0x00000000b8d00000, 0x00000000b8d00000, 0x00000000b8e00000|  0%| F|  |TAMS 0x00000000b8d00000| PB 0x00000000b8d00000| Untracked 
| 910|0x00000000b8e00000, 0x00000000b8e00000, 0x00000000b8f00000|  0%| F|  |TAMS 0x00000000b8e00000| PB 0x00000000b8e00000| Untracked 
| 911|0x00000000b8f00000, 0x00000000b8f00000, 0x00000000b9000000|  0%| F|  |TAMS 0x00000000b8f00000| PB 0x00000000b8f00000| Untracked 
| 912|0x00000000b9000000, 0x00000000b9000000, 0x00000000b9100000|  0%| F|  |TAMS 0x00000000b9000000| PB 0x00000000b9000000| Untracked 
| 913|0x00000000b9100000, 0x00000000b9100000, 0x00000000b9200000|  0%| F|  |TAMS 0x00000000b9100000| PB 0x00000000b9100000| Untracked 
| 914|0x00000000b9200000, 0x00000000b9200000, 0x00000000b9300000|  0%| F|  |TAMS 0x00000000b9200000| PB 0x00000000b9200000| Untracked 
| 915|0x00000000b9300000, 0x00000000b9300000, 0x00000000b9400000|  0%| F|  |TAMS 0x00000000b9300000| PB 0x00000000b9300000| Untracked 
| 916|0x00000000b9400000, 0x00000000b9400000, 0x00000000b9500000|  0%| F|  |TAMS 0x00000000b9400000| PB 0x00000000b9400000| Untracked 
| 917|0x00000000b9500000, 0x00000000b9500000, 0x00000000b9600000|  0%| F|  |TAMS 0x00000000b9500000| PB 0x00000000b9500000| Untracked 
| 918|0x00000000b9600000, 0x00000000b9600000, 0x00000000b9700000|  0%| F|  |TAMS 0x00000000b9600000| PB 0x00000000b9600000| Untracked 
| 919|0x00000000b9700000, 0x00000000b9700000, 0x00000000b9800000|  0%| F|  |TAMS 0x00000000b9700000| PB 0x00000000b9700000| Untracked 
| 920|0x00000000b9800000, 0x00000000b9800000, 0x00000000b9900000|  0%| F|  |TAMS 0x00000000b9800000| PB 0x00000000b9800000| Untracked 
| 921|0x00000000b9900000, 0x00000000b9900000, 0x00000000b9a00000|  0%| F|  |TAMS 0x00000000b9900000| PB 0x00000000b9900000| Untracked 
| 922|0x00000000b9a00000, 0x00000000b9a00000, 0x00000000b9b00000|  0%| F|  |TAMS 0x00000000b9a00000| PB 0x00000000b9a00000| Untracked 
| 923|0x00000000b9b00000, 0x00000000b9b00000, 0x00000000b9c00000|  0%| F|  |TAMS 0x00000000b9b00000| PB 0x00000000b9b00000| Untracked 
| 924|0x00000000b9c00000, 0x00000000b9c00000, 0x00000000b9d00000|  0%| F|  |TAMS 0x00000000b9c00000| PB 0x00000000b9c00000| Untracked 
| 925|0x00000000b9d00000, 0x00000000b9d00000, 0x00000000b9e00000|  0%| F|  |TAMS 0x00000000b9d00000| PB 0x00000000b9d00000| Untracked 
| 926|0x00000000b9e00000, 0x00000000b9e00000, 0x00000000b9f00000|  0%| F|  |TAMS 0x00000000b9e00000| PB 0x00000000b9e00000| Untracked 
| 927|0x00000000b9f00000, 0x00000000b9f00000, 0x00000000ba000000|  0%| F|  |TAMS 0x00000000b9f00000| PB 0x00000000b9f00000| Untracked 
| 928|0x00000000ba000000, 0x00000000ba000000, 0x00000000ba100000|  0%| F|  |TAMS 0x00000000ba000000| PB 0x00000000ba000000| Untracked 
| 929|0x00000000ba100000, 0x00000000ba100000, 0x00000000ba200000|  0%| F|  |TAMS 0x00000000ba100000| PB 0x00000000ba100000| Untracked 
| 930|0x00000000ba200000, 0x00000000ba200000, 0x00000000ba300000|  0%| F|  |TAMS 0x00000000ba200000| PB 0x00000000ba200000| Untracked 
| 931|0x00000000ba300000, 0x00000000ba300000, 0x00000000ba400000|  0%| F|  |TAMS 0x00000000ba300000| PB 0x00000000ba300000| Untracked 
| 932|0x00000000ba400000, 0x00000000ba400000, 0x00000000ba500000|  0%| F|  |TAMS 0x00000000ba400000| PB 0x00000000ba400000| Untracked 
| 933|0x00000000ba500000, 0x00000000ba500000, 0x00000000ba600000|  0%| F|  |TAMS 0x00000000ba500000| PB 0x00000000ba500000| Untracked 
| 934|0x00000000ba600000, 0x00000000ba600000, 0x00000000ba700000|  0%| F|  |TAMS 0x00000000ba600000| PB 0x00000000ba600000| Untracked 
| 935|0x00000000ba700000, 0x00000000ba700000, 0x00000000ba800000|  0%| F|  |TAMS 0x00000000ba700000| PB 0x00000000ba700000| Untracked 
| 936|0x00000000ba800000, 0x00000000ba800000, 0x00000000ba900000|  0%| F|  |TAMS 0x00000000ba800000| PB 0x00000000ba800000| Untracked 
| 937|0x00000000ba900000, 0x00000000ba900000, 0x00000000baa00000|  0%| F|  |TAMS 0x00000000ba900000| PB 0x00000000ba900000| Untracked 
| 938|0x00000000baa00000, 0x00000000baa00000, 0x00000000bab00000|  0%| F|  |TAMS 0x00000000baa00000| PB 0x00000000baa00000| Untracked 
| 939|0x00000000bab00000, 0x00000000bab00000, 0x00000000bac00000|  0%| F|  |TAMS 0x00000000bab00000| PB 0x00000000bab00000| Untracked 
| 940|0x00000000bac00000, 0x00000000bac00000, 0x00000000bad00000|  0%| F|  |TAMS 0x00000000bac00000| PB 0x00000000bac00000| Untracked 
| 941|0x00000000bad00000, 0x00000000bad00000, 0x00000000bae00000|  0%| F|  |TAMS 0x00000000bad00000| PB 0x00000000bad00000| Untracked 
| 942|0x00000000bae00000, 0x00000000bae00000, 0x00000000baf00000|  0%| F|  |TAMS 0x00000000bae00000| PB 0x00000000bae00000| Untracked 
| 943|0x00000000baf00000, 0x00000000baf00000, 0x00000000bb000000|  0%| F|  |TAMS 0x00000000baf00000| PB 0x00000000baf00000| Untracked 
| 944|0x00000000bb000000, 0x00000000bb000000, 0x00000000bb100000|  0%| F|  |TAMS 0x00000000bb000000| PB 0x00000000bb000000| Untracked 
| 945|0x00000000bb100000, 0x00000000bb100000, 0x00000000bb200000|  0%| F|  |TAMS 0x00000000bb100000| PB 0x00000000bb100000| Untracked 
| 946|0x00000000bb200000, 0x00000000bb200000, 0x00000000bb300000|  0%| F|  |TAMS 0x00000000bb200000| PB 0x00000000bb200000| Untracked 
| 947|0x00000000bb300000, 0x00000000bb300000, 0x00000000bb400000|  0%| F|  |TAMS 0x00000000bb300000| PB 0x00000000bb300000| Untracked 
| 948|0x00000000bb400000, 0x00000000bb400000, 0x00000000bb500000|  0%| F|  |TAMS 0x00000000bb400000| PB 0x00000000bb400000| Untracked 
| 949|0x00000000bb500000, 0x00000000bb500000, 0x00000000bb600000|  0%| F|  |TAMS 0x00000000bb500000| PB 0x00000000bb500000| Untracked 
| 950|0x00000000bb600000, 0x00000000bb600000, 0x00000000bb700000|  0%| F|  |TAMS 0x00000000bb600000| PB 0x00000000bb600000| Untracked 
| 951|0x00000000bb700000, 0x00000000bb700000, 0x00000000bb800000|  0%| F|  |TAMS 0x00000000bb700000| PB 0x00000000bb700000| Untracked 
| 952|0x00000000bb800000, 0x00000000bb800000, 0x00000000bb900000|  0%| F|  |TAMS 0x00000000bb800000| PB 0x00000000bb800000| Untracked 
| 953|0x00000000bb900000, 0x00000000bb900000, 0x00000000bba00000|  0%| F|  |TAMS 0x00000000bb900000| PB 0x00000000bb900000| Untracked 
| 954|0x00000000bba00000, 0x00000000bba00000, 0x00000000bbb00000|  0%| F|  |TAMS 0x00000000bba00000| PB 0x00000000bba00000| Untracked 
| 955|0x00000000bbb00000, 0x00000000bbb00000, 0x00000000bbc00000|  0%| F|  |TAMS 0x00000000bbb00000| PB 0x00000000bbb00000| Untracked 
| 956|0x00000000bbc00000, 0x00000000bbc00000, 0x00000000bbd00000|  0%| F|  |TAMS 0x00000000bbc00000| PB 0x00000000bbc00000| Untracked 
| 957|0x00000000bbd00000, 0x00000000bbd00000, 0x00000000bbe00000|  0%| F|  |TAMS 0x00000000bbd00000| PB 0x00000000bbd00000| Untracked 
| 958|0x00000000bbe00000, 0x00000000bbe00000, 0x00000000bbf00000|  0%| F|  |TAMS 0x00000000bbe00000| PB 0x00000000bbe00000| Untracked 
| 959|0x00000000bbf00000, 0x00000000bbf00000, 0x00000000bc000000|  0%| F|  |TAMS 0x00000000bbf00000| PB 0x00000000bbf00000| Untracked 
| 960|0x00000000bc000000, 0x00000000bc000000, 0x00000000bc100000|  0%| F|  |TAMS 0x00000000bc000000| PB 0x00000000bc000000| Untracked 
| 961|0x00000000bc100000, 0x00000000bc100000, 0x00000000bc200000|  0%| F|  |TAMS 0x00000000bc100000| PB 0x00000000bc100000| Untracked 
| 962|0x00000000bc200000, 0x00000000bc200000, 0x00000000bc300000|  0%| F|  |TAMS 0x00000000bc200000| PB 0x00000000bc200000| Untracked 
| 963|0x00000000bc300000, 0x00000000bc300000, 0x00000000bc400000|  0%| F|  |TAMS 0x00000000bc300000| PB 0x00000000bc300000| Untracked 
| 964|0x00000000bc400000, 0x00000000bc400000, 0x00000000bc500000|  0%| F|  |TAMS 0x00000000bc400000| PB 0x00000000bc400000| Untracked 
| 965|0x00000000bc500000, 0x00000000bc500000, 0x00000000bc600000|  0%| F|  |TAMS 0x00000000bc500000| PB 0x00000000bc500000| Untracked 
| 966|0x00000000bc600000, 0x00000000bc600000, 0x00000000bc700000|  0%| F|  |TAMS 0x00000000bc600000| PB 0x00000000bc600000| Untracked 
| 967|0x00000000bc700000, 0x00000000bc700000, 0x00000000bc800000|  0%| F|  |TAMS 0x00000000bc700000| PB 0x00000000bc700000| Untracked 
| 968|0x00000000bc800000, 0x00000000bc800000, 0x00000000bc900000|  0%| F|  |TAMS 0x00000000bc800000| PB 0x00000000bc800000| Untracked 
| 969|0x00000000bc900000, 0x00000000bc900000, 0x00000000bca00000|  0%| F|  |TAMS 0x00000000bc900000| PB 0x00000000bc900000| Untracked 
| 970|0x00000000bca00000, 0x00000000bca00000, 0x00000000bcb00000|  0%| F|  |TAMS 0x00000000bca00000| PB 0x00000000bca00000| Untracked 
| 971|0x00000000bcb00000, 0x00000000bcb00000, 0x00000000bcc00000|  0%| F|  |TAMS 0x00000000bcb00000| PB 0x00000000bcb00000| Untracked 
| 972|0x00000000bcc00000, 0x00000000bcc00000, 0x00000000bcd00000|  0%| F|  |TAMS 0x00000000bcc00000| PB 0x00000000bcc00000| Untracked 
| 973|0x00000000bcd00000, 0x00000000bcd00000, 0x00000000bce00000|  0%| F|  |TAMS 0x00000000bcd00000| PB 0x00000000bcd00000| Untracked 
| 974|0x00000000bce00000, 0x00000000bce00000, 0x00000000bcf00000|  0%| F|  |TAMS 0x00000000bce00000| PB 0x00000000bce00000| Untracked 
| 975|0x00000000bcf00000, 0x00000000bcf00000, 0x00000000bd000000|  0%| F|  |TAMS 0x00000000bcf00000| PB 0x00000000bcf00000| Untracked 
| 976|0x00000000bd000000, 0x00000000bd000000, 0x00000000bd100000|  0%| F|  |TAMS 0x00000000bd000000| PB 0x00000000bd000000| Untracked 
| 977|0x00000000bd100000, 0x00000000bd100000, 0x00000000bd200000|  0%| F|  |TAMS 0x00000000bd100000| PB 0x00000000bd100000| Untracked 
| 978|0x00000000bd200000, 0x00000000bd200000, 0x00000000bd300000|  0%| F|  |TAMS 0x00000000bd200000| PB 0x00000000bd200000| Untracked 
| 979|0x00000000bd300000, 0x00000000bd300000, 0x00000000bd400000|  0%| F|  |TAMS 0x00000000bd300000| PB 0x00000000bd300000| Untracked 
| 980|0x00000000bd400000, 0x00000000bd400000, 0x00000000bd500000|  0%| F|  |TAMS 0x00000000bd400000| PB 0x00000000bd400000| Untracked 
| 981|0x00000000bd500000, 0x00000000bd500000, 0x00000000bd600000|  0%| F|  |TAMS 0x00000000bd500000| PB 0x00000000bd500000| Untracked 
| 982|0x00000000bd600000, 0x00000000bd600000, 0x00000000bd700000|  0%| F|  |TAMS 0x00000000bd600000| PB 0x00000000bd600000| Untracked 
| 983|0x00000000bd700000, 0x00000000bd700000, 0x00000000bd800000|  0%| F|  |TAMS 0x00000000bd700000| PB 0x00000000bd700000| Untracked 
| 984|0x00000000bd800000, 0x00000000bd800000, 0x00000000bd900000|  0%| F|  |TAMS 0x00000000bd800000| PB 0x00000000bd800000| Untracked 
| 985|0x00000000bd900000, 0x00000000bd900000, 0x00000000bda00000|  0%| F|  |TAMS 0x00000000bd900000| PB 0x00000000bd900000| Untracked 
| 986|0x00000000bda00000, 0x00000000bda00000, 0x00000000bdb00000|  0%| F|  |TAMS 0x00000000bda00000| PB 0x00000000bda00000| Untracked 
| 987|0x00000000bdb00000, 0x00000000bdb00000, 0x00000000bdc00000|  0%| F|  |TAMS 0x00000000bdb00000| PB 0x00000000bdb00000| Untracked 
| 988|0x00000000bdc00000, 0x00000000bdc00000, 0x00000000bdd00000|  0%| F|  |TAMS 0x00000000bdc00000| PB 0x00000000bdc00000| Untracked 
| 989|0x00000000bdd00000, 0x00000000bdd00000, 0x00000000bde00000|  0%| F|  |TAMS 0x00000000bdd00000| PB 0x00000000bdd00000| Untracked 
| 990|0x00000000bde00000, 0x00000000bde00000, 0x00000000bdf00000|  0%| F|  |TAMS 0x00000000bde00000| PB 0x00000000bde00000| Untracked 
| 991|0x00000000bdf00000, 0x00000000bdf00000, 0x00000000be000000|  0%| F|  |TAMS 0x00000000bdf00000| PB 0x00000000bdf00000| Untracked 
| 992|0x00000000be000000, 0x00000000be000000, 0x00000000be100000|  0%| F|  |TAMS 0x00000000be000000| PB 0x00000000be000000| Untracked 
| 993|0x00000000be100000, 0x00000000be100000, 0x00000000be200000|  0%| F|  |TAMS 0x00000000be100000| PB 0x00000000be100000| Untracked 
| 994|0x00000000be200000, 0x00000000be200000, 0x00000000be300000|  0%| F|  |TAMS 0x00000000be200000| PB 0x00000000be200000| Untracked 
| 995|0x00000000be300000, 0x00000000be300000, 0x00000000be400000|  0%| F|  |TAMS 0x00000000be300000| PB 0x00000000be300000| Untracked 
| 996|0x00000000be400000, 0x00000000be400000, 0x00000000be500000|  0%| F|  |TAMS 0x00000000be400000| PB 0x00000000be400000| Untracked 
| 997|0x00000000be500000, 0x00000000be500000, 0x00000000be600000|  0%| F|  |TAMS 0x00000000be500000| PB 0x00000000be500000| Untracked 
| 998|0x00000000be600000, 0x00000000be600000, 0x00000000be700000|  0%| F|  |TAMS 0x00000000be600000| PB 0x00000000be600000| Untracked 
| 999|0x00000000be700000, 0x00000000be700000, 0x00000000be800000|  0%| F|  |TAMS 0x00000000be700000| PB 0x00000000be700000| Untracked 
|1000|0x00000000be800000, 0x00000000be800000, 0x00000000be900000|  0%| F|  |TAMS 0x00000000be800000| PB 0x00000000be800000| Untracked 
|1001|0x00000000be900000, 0x00000000be900000, 0x00000000bea00000|  0%| F|  |TAMS 0x00000000be900000| PB 0x00000000be900000| Untracked 
|1002|0x00000000bea00000, 0x00000000bea00000, 0x00000000beb00000|  0%| F|  |TAMS 0x00000000bea00000| PB 0x00000000bea00000| Untracked 
|1003|0x00000000beb00000, 0x00000000beb00000, 0x00000000bec00000|  0%| F|  |TAMS 0x00000000beb00000| PB 0x00000000beb00000| Untracked 
|1004|0x00000000bec00000, 0x00000000bec00000, 0x00000000bed00000|  0%| F|  |TAMS 0x00000000bec00000| PB 0x00000000bec00000| Untracked 
|1005|0x00000000bed00000, 0x00000000bed00000, 0x00000000bee00000|  0%| F|  |TAMS 0x00000000bed00000| PB 0x00000000bed00000| Untracked 
|1006|0x00000000bee00000, 0x00000000bee00000, 0x00000000bef00000|  0%| F|  |TAMS 0x00000000bee00000| PB 0x00000000bee00000| Untracked 
|1007|0x00000000bef00000, 0x00000000bef00000, 0x00000000bf000000|  0%| F|  |TAMS 0x00000000bef00000| PB 0x00000000bef00000| Untracked 
|1008|0x00000000bf000000, 0x00000000bf000000, 0x00000000bf100000|  0%| F|  |TAMS 0x00000000bf000000| PB 0x00000000bf000000| Untracked 
|1009|0x00000000bf100000, 0x00000000bf100000, 0x00000000bf200000|  0%| F|  |TAMS 0x00000000bf100000| PB 0x00000000bf100000| Untracked 
|1010|0x00000000bf200000, 0x00000000bf200000, 0x00000000bf300000|  0%| F|  |TAMS 0x00000000bf200000| PB 0x00000000bf200000| Untracked 
|1011|0x00000000bf300000, 0x00000000bf300000, 0x00000000bf400000|  0%| F|  |TAMS 0x00000000bf300000| PB 0x00000000bf300000| Untracked 
|1012|0x00000000bf400000, 0x00000000bf400000, 0x00000000bf500000|  0%| F|  |TAMS 0x00000000bf400000| PB 0x00000000bf400000| Untracked 
|1013|0x00000000bf500000, 0x00000000bf500000, 0x00000000bf600000|  0%| F|  |TAMS 0x00000000bf500000| PB 0x00000000bf500000| Untracked 
|1014|0x00000000bf600000, 0x00000000bf600000, 0x00000000bf700000|  0%| F|  |TAMS 0x00000000bf600000| PB 0x00000000bf600000| Untracked 
|1015|0x00000000bf700000, 0x00000000bf700000, 0x00000000bf800000|  0%| F|  |TAMS 0x00000000bf700000| PB 0x00000000bf700000| Untracked 
|1016|0x00000000bf800000, 0x00000000bf800000, 0x00000000bf900000|  0%| F|  |TAMS 0x00000000bf800000| PB 0x00000000bf800000| Untracked 
|1017|0x00000000bf900000, 0x00000000bf900000, 0x00000000bfa00000|  0%| F|  |TAMS 0x00000000bf900000| PB 0x00000000bf900000| Untracked 
|1018|0x00000000bfa00000, 0x00000000bfa00000, 0x00000000bfb00000|  0%| F|  |TAMS 0x00000000bfa00000| PB 0x00000000bfa00000| Untracked 
|1019|0x00000000bfb00000, 0x00000000bfb00000, 0x00000000bfc00000|  0%| F|  |TAMS 0x00000000bfb00000| PB 0x00000000bfb00000| Untracked 
|1020|0x00000000bfc00000, 0x00000000bfc00000, 0x00000000bfd00000|  0%| F|  |TAMS 0x00000000bfc00000| PB 0x00000000bfc00000| Untracked 
|1021|0x00000000bfd00000, 0x00000000bfd00000, 0x00000000bfe00000|  0%| F|  |TAMS 0x00000000bfd00000| PB 0x00000000bfd00000| Untracked 
|1022|0x00000000bfe00000, 0x00000000bfe00000, 0x00000000bff00000|  0%| F|  |TAMS 0x00000000bfe00000| PB 0x00000000bfe00000| Untracked 
|1023|0x00000000bff00000, 0x00000000bff00000, 0x00000000c0000000|  0%| F|  |TAMS 0x00000000bff00000| PB 0x00000000bff00000| Untracked 
|1024|0x00000000c0000000, 0x00000000c0000000, 0x00000000c0100000|  0%| F|  |TAMS 0x00000000c0000000| PB 0x00000000c0000000| Untracked 
|1025|0x00000000c0100000, 0x00000000c0100000, 0x00000000c0200000|  0%| F|  |TAMS 0x00000000c0100000| PB 0x00000000c0100000| Untracked 
|1026|0x00000000c0200000, 0x00000000c0200000, 0x00000000c0300000|  0%| F|  |TAMS 0x00000000c0200000| PB 0x00000000c0200000| Untracked 
|1027|0x00000000c0300000, 0x00000000c0300000, 0x00000000c0400000|  0%| F|  |TAMS 0x00000000c0300000| PB 0x00000000c0300000| Untracked 
|1028|0x00000000c0400000, 0x00000000c0400000, 0x00000000c0500000|  0%| F|  |TAMS 0x00000000c0400000| PB 0x00000000c0400000| Untracked 
|1029|0x00000000c0500000, 0x00000000c0500000, 0x00000000c0600000|  0%| F|  |TAMS 0x00000000c0500000| PB 0x00000000c0500000| Untracked 
|1030|0x00000000c0600000, 0x00000000c0600000, 0x00000000c0700000|  0%| F|  |TAMS 0x00000000c0600000| PB 0x00000000c0600000| Untracked 
|1031|0x00000000c0700000, 0x00000000c0700000, 0x00000000c0800000|  0%| F|  |TAMS 0x00000000c0700000| PB 0x00000000c0700000| Untracked 
|1032|0x00000000c0800000, 0x00000000c0800000, 0x00000000c0900000|  0%| F|  |TAMS 0x00000000c0800000| PB 0x00000000c0800000| Untracked 
|1033|0x00000000c0900000, 0x00000000c0900000, 0x00000000c0a00000|  0%| F|  |TAMS 0x00000000c0900000| PB 0x00000000c0900000| Untracked 
|1034|0x00000000c0a00000, 0x00000000c0a00000, 0x00000000c0b00000|  0%| F|  |TAMS 0x00000000c0a00000| PB 0x00000000c0a00000| Untracked 
|1035|0x00000000c0b00000, 0x00000000c0b00000, 0x00000000c0c00000|  0%| F|  |TAMS 0x00000000c0b00000| PB 0x00000000c0b00000| Untracked 
|1036|0x00000000c0c00000, 0x00000000c0c00000, 0x00000000c0d00000|  0%| F|  |TAMS 0x00000000c0c00000| PB 0x00000000c0c00000| Untracked 
|1037|0x00000000c0d00000, 0x00000000c0d00000, 0x00000000c0e00000|  0%| F|  |TAMS 0x00000000c0d00000| PB 0x00000000c0d00000| Untracked 
|1038|0x00000000c0e00000, 0x00000000c0e00000, 0x00000000c0f00000|  0%| F|  |TAMS 0x00000000c0e00000| PB 0x00000000c0e00000| Untracked 
|1039|0x00000000c0f00000, 0x00000000c0f00000, 0x00000000c1000000|  0%| F|  |TAMS 0x00000000c0f00000| PB 0x00000000c0f00000| Untracked 
|1040|0x00000000c1000000, 0x00000000c1000000, 0x00000000c1100000|  0%| F|  |TAMS 0x00000000c1000000| PB 0x00000000c1000000| Untracked 
|1041|0x00000000c1100000, 0x00000000c1100000, 0x00000000c1200000|  0%| F|  |TAMS 0x00000000c1100000| PB 0x00000000c1100000| Untracked 
|1042|0x00000000c1200000, 0x00000000c1200000, 0x00000000c1300000|  0%| F|  |TAMS 0x00000000c1200000| PB 0x00000000c1200000| Untracked 
|1043|0x00000000c1300000, 0x00000000c1300000, 0x00000000c1400000|  0%| F|  |TAMS 0x00000000c1300000| PB 0x00000000c1300000| Untracked 
|1044|0x00000000c1400000, 0x00000000c1400000, 0x00000000c1500000|  0%| F|  |TAMS 0x00000000c1400000| PB 0x00000000c1400000| Untracked 
|1045|0x00000000c1500000, 0x00000000c1500000, 0x00000000c1600000|  0%| F|  |TAMS 0x00000000c1500000| PB 0x00000000c1500000| Untracked 
|1046|0x00000000c1600000, 0x00000000c1600000, 0x00000000c1700000|  0%| F|  |TAMS 0x00000000c1600000| PB 0x00000000c1600000| Untracked 
|1047|0x00000000c1700000, 0x00000000c1700000, 0x00000000c1800000|  0%| F|  |TAMS 0x00000000c1700000| PB 0x00000000c1700000| Untracked 
|1048|0x00000000c1800000, 0x00000000c1800000, 0x00000000c1900000|  0%| F|  |TAMS 0x00000000c1800000| PB 0x00000000c1800000| Untracked 
|1049|0x00000000c1900000, 0x00000000c1900000, 0x00000000c1a00000|  0%| F|  |TAMS 0x00000000c1900000| PB 0x00000000c1900000| Untracked 
|1050|0x00000000c1a00000, 0x00000000c1a00000, 0x00000000c1b00000|  0%| F|  |TAMS 0x00000000c1a00000| PB 0x00000000c1a00000| Untracked 
|1051|0x00000000c1b00000, 0x00000000c1b00000, 0x00000000c1c00000|  0%| F|  |TAMS 0x00000000c1b00000| PB 0x00000000c1b00000| Untracked 
|1052|0x00000000c1c00000, 0x00000000c1c00000, 0x00000000c1d00000|  0%| F|  |TAMS 0x00000000c1c00000| PB 0x00000000c1c00000| Untracked 
|1053|0x00000000c1d00000, 0x00000000c1d00000, 0x00000000c1e00000|  0%| F|  |TAMS 0x00000000c1d00000| PB 0x00000000c1d00000| Untracked 
|1054|0x00000000c1e00000, 0x00000000c1e00000, 0x00000000c1f00000|  0%| F|  |TAMS 0x00000000c1e00000| PB 0x00000000c1e00000| Untracked 
|1055|0x00000000c1f00000, 0x00000000c1f00000, 0x00000000c2000000|  0%| F|  |TAMS 0x00000000c1f00000| PB 0x00000000c1f00000| Untracked 
|1056|0x00000000c2000000, 0x00000000c2000000, 0x00000000c2100000|  0%| F|  |TAMS 0x00000000c2000000| PB 0x00000000c2000000| Untracked 
|1057|0x00000000c2100000, 0x00000000c2100000, 0x00000000c2200000|  0%| F|  |TAMS 0x00000000c2100000| PB 0x00000000c2100000| Untracked 
|1058|0x00000000c2200000, 0x00000000c2200000, 0x00000000c2300000|  0%| F|  |TAMS 0x00000000c2200000| PB 0x00000000c2200000| Untracked 
|1059|0x00000000c2300000, 0x00000000c2300000, 0x00000000c2400000|  0%| F|  |TAMS 0x00000000c2300000| PB 0x00000000c2300000| Untracked 
|1060|0x00000000c2400000, 0x00000000c2400000, 0x00000000c2500000|  0%| F|  |TAMS 0x00000000c2400000| PB 0x00000000c2400000| Untracked 
|1061|0x00000000c2500000, 0x00000000c2500000, 0x00000000c2600000|  0%| F|  |TAMS 0x00000000c2500000| PB 0x00000000c2500000| Untracked 
|1062|0x00000000c2600000, 0x00000000c2600000, 0x00000000c2700000|  0%| F|  |TAMS 0x00000000c2600000| PB 0x00000000c2600000| Untracked 
|1063|0x00000000c2700000, 0x00000000c2700000, 0x00000000c2800000|  0%| F|  |TAMS 0x00000000c2700000| PB 0x00000000c2700000| Untracked 
|1064|0x00000000c2800000, 0x00000000c2800000, 0x00000000c2900000|  0%| F|  |TAMS 0x00000000c2800000| PB 0x00000000c2800000| Untracked 
|1065|0x00000000c2900000, 0x00000000c2900000, 0x00000000c2a00000|  0%| F|  |TAMS 0x00000000c2900000| PB 0x00000000c2900000| Untracked 
|1066|0x00000000c2a00000, 0x00000000c2a00000, 0x00000000c2b00000|  0%| F|  |TAMS 0x00000000c2a00000| PB 0x00000000c2a00000| Untracked 
|1067|0x00000000c2b00000, 0x00000000c2b00000, 0x00000000c2c00000|  0%| F|  |TAMS 0x00000000c2b00000| PB 0x00000000c2b00000| Untracked 
|1068|0x00000000c2c00000, 0x00000000c2c00000, 0x00000000c2d00000|  0%| F|  |TAMS 0x00000000c2c00000| PB 0x00000000c2c00000| Untracked 
|1069|0x00000000c2d00000, 0x00000000c2d00000, 0x00000000c2e00000|  0%| F|  |TAMS 0x00000000c2d00000| PB 0x00000000c2d00000| Untracked 
|1070|0x00000000c2e00000, 0x00000000c2e00000, 0x00000000c2f00000|  0%| F|  |TAMS 0x00000000c2e00000| PB 0x00000000c2e00000| Untracked 
|1071|0x00000000c2f00000, 0x00000000c2f00000, 0x00000000c3000000|  0%| F|  |TAMS 0x00000000c2f00000| PB 0x00000000c2f00000| Untracked 
|1072|0x00000000c3000000, 0x00000000c3000000, 0x00000000c3100000|  0%| F|  |TAMS 0x00000000c3000000| PB 0x00000000c3000000| Untracked 
|1073|0x00000000c3100000, 0x00000000c3100000, 0x00000000c3200000|  0%| F|  |TAMS 0x00000000c3100000| PB 0x00000000c3100000| Untracked 
|1074|0x00000000c3200000, 0x00000000c3200000, 0x00000000c3300000|  0%| F|  |TAMS 0x00000000c3200000| PB 0x00000000c3200000| Untracked 
|1075|0x00000000c3300000, 0x00000000c3300000, 0x00000000c3400000|  0%| F|  |TAMS 0x00000000c3300000| PB 0x00000000c3300000| Untracked 
|1076|0x00000000c3400000, 0x00000000c3400000, 0x00000000c3500000|  0%| F|  |TAMS 0x00000000c3400000| PB 0x00000000c3400000| Untracked 
|1077|0x00000000c3500000, 0x00000000c3500000, 0x00000000c3600000|  0%| F|  |TAMS 0x00000000c3500000| PB 0x00000000c3500000| Untracked 
|1078|0x00000000c3600000, 0x00000000c3600000, 0x00000000c3700000|  0%| F|  |TAMS 0x00000000c3600000| PB 0x00000000c3600000| Untracked 
|1079|0x00000000c3700000, 0x00000000c3700000, 0x00000000c3800000|  0%| F|  |TAMS 0x00000000c3700000| PB 0x00000000c3700000| Untracked 
|1080|0x00000000c3800000, 0x00000000c3800000, 0x00000000c3900000|  0%| F|  |TAMS 0x00000000c3800000| PB 0x00000000c3800000| Untracked 
|1081|0x00000000c3900000, 0x00000000c3900000, 0x00000000c3a00000|  0%| F|  |TAMS 0x00000000c3900000| PB 0x00000000c3900000| Untracked 
|1082|0x00000000c3a00000, 0x00000000c3a00000, 0x00000000c3b00000|  0%| F|  |TAMS 0x00000000c3a00000| PB 0x00000000c3a00000| Untracked 
|1083|0x00000000c3b00000, 0x00000000c3b00000, 0x00000000c3c00000|  0%| F|  |TAMS 0x00000000c3b00000| PB 0x00000000c3b00000| Untracked 
|1084|0x00000000c3c00000, 0x00000000c3c00000, 0x00000000c3d00000|  0%| F|  |TAMS 0x00000000c3c00000| PB 0x00000000c3c00000| Untracked 
|1085|0x00000000c3d00000, 0x00000000c3d00000, 0x00000000c3e00000|  0%| F|  |TAMS 0x00000000c3d00000| PB 0x00000000c3d00000| Untracked 
|1086|0x00000000c3e00000, 0x00000000c3e00000, 0x00000000c3f00000|  0%| F|  |TAMS 0x00000000c3e00000| PB 0x00000000c3e00000| Untracked 
|1087|0x00000000c3f00000, 0x00000000c3f00000, 0x00000000c4000000|  0%| F|  |TAMS 0x00000000c3f00000| PB 0x00000000c3f00000| Untracked 
|1088|0x00000000c4000000, 0x00000000c4000000, 0x00000000c4100000|  0%| F|  |TAMS 0x00000000c4000000| PB 0x00000000c4000000| Untracked 
|1089|0x00000000c4100000, 0x00000000c4100000, 0x00000000c4200000|  0%| F|  |TAMS 0x00000000c4100000| PB 0x00000000c4100000| Untracked 
|1090|0x00000000c4200000, 0x00000000c4200000, 0x00000000c4300000|  0%| F|  |TAMS 0x00000000c4200000| PB 0x00000000c4200000| Untracked 
|1091|0x00000000c4300000, 0x00000000c4300000, 0x00000000c4400000|  0%| F|  |TAMS 0x00000000c4300000| PB 0x00000000c4300000| Untracked 
|1092|0x00000000c4400000, 0x00000000c4400000, 0x00000000c4500000|  0%| F|  |TAMS 0x00000000c4400000| PB 0x00000000c4400000| Untracked 
|1093|0x00000000c4500000, 0x00000000c4500000, 0x00000000c4600000|  0%| F|  |TAMS 0x00000000c4500000| PB 0x00000000c4500000| Untracked 
|1094|0x00000000c4600000, 0x00000000c4600000, 0x00000000c4700000|  0%| F|  |TAMS 0x00000000c4600000| PB 0x00000000c4600000| Untracked 
|1095|0x00000000c4700000, 0x00000000c4700000, 0x00000000c4800000|  0%| F|  |TAMS 0x00000000c4700000| PB 0x00000000c4700000| Untracked 
|1096|0x00000000c4800000, 0x00000000c4800000, 0x00000000c4900000|  0%| F|  |TAMS 0x00000000c4800000| PB 0x00000000c4800000| Untracked 
|1097|0x00000000c4900000, 0x00000000c4900000, 0x00000000c4a00000|  0%| F|  |TAMS 0x00000000c4900000| PB 0x00000000c4900000| Untracked 
|1098|0x00000000c4a00000, 0x00000000c4a00000, 0x00000000c4b00000|  0%| F|  |TAMS 0x00000000c4a00000| PB 0x00000000c4a00000| Untracked 
|1099|0x00000000c4b00000, 0x00000000c4b00000, 0x00000000c4c00000|  0%| F|  |TAMS 0x00000000c4b00000| PB 0x00000000c4b00000| Untracked 
|1100|0x00000000c4c00000, 0x00000000c4c00000, 0x00000000c4d00000|  0%| F|  |TAMS 0x00000000c4c00000| PB 0x00000000c4c00000| Untracked 
|1101|0x00000000c4d00000, 0x00000000c4d00000, 0x00000000c4e00000|  0%| F|  |TAMS 0x00000000c4d00000| PB 0x00000000c4d00000| Untracked 
|1102|0x00000000c4e00000, 0x00000000c4e00000, 0x00000000c4f00000|  0%| F|  |TAMS 0x00000000c4e00000| PB 0x00000000c4e00000| Untracked 
|1103|0x00000000c4f00000, 0x00000000c4f00000, 0x00000000c5000000|  0%| F|  |TAMS 0x00000000c4f00000| PB 0x00000000c4f00000| Untracked 
|1104|0x00000000c5000000, 0x00000000c5000000, 0x00000000c5100000|  0%| F|  |TAMS 0x00000000c5000000| PB 0x00000000c5000000| Untracked 
|1105|0x00000000c5100000, 0x00000000c5100000, 0x00000000c5200000|  0%| F|  |TAMS 0x00000000c5100000| PB 0x00000000c5100000| Untracked 
|1106|0x00000000c5200000, 0x00000000c5200000, 0x00000000c5300000|  0%| F|  |TAMS 0x00000000c5200000| PB 0x00000000c5200000| Untracked 
|1107|0x00000000c5300000, 0x00000000c5300000, 0x00000000c5400000|  0%| F|  |TAMS 0x00000000c5300000| PB 0x00000000c5300000| Untracked 
|1108|0x00000000c5400000, 0x00000000c5400000, 0x00000000c5500000|  0%| F|  |TAMS 0x00000000c5400000| PB 0x00000000c5400000| Untracked 
|1109|0x00000000c5500000, 0x00000000c5500000, 0x00000000c5600000|  0%| F|  |TAMS 0x00000000c5500000| PB 0x00000000c5500000| Untracked 
|1110|0x00000000c5600000, 0x00000000c5600000, 0x00000000c5700000|  0%| F|  |TAMS 0x00000000c5600000| PB 0x00000000c5600000| Untracked 
|1111|0x00000000c5700000, 0x00000000c5700000, 0x00000000c5800000|  0%| F|  |TAMS 0x00000000c5700000| PB 0x00000000c5700000| Untracked 
|1112|0x00000000c5800000, 0x00000000c5800000, 0x00000000c5900000|  0%| F|  |TAMS 0x00000000c5800000| PB 0x00000000c5800000| Untracked 
|1113|0x00000000c5900000, 0x00000000c5900000, 0x00000000c5a00000|  0%| F|  |TAMS 0x00000000c5900000| PB 0x00000000c5900000| Untracked 
|1114|0x00000000c5a00000, 0x00000000c5a00000, 0x00000000c5b00000|  0%| F|  |TAMS 0x00000000c5a00000| PB 0x00000000c5a00000| Untracked 
|1115|0x00000000c5b00000, 0x00000000c5b00000, 0x00000000c5c00000|  0%| F|  |TAMS 0x00000000c5b00000| PB 0x00000000c5b00000| Untracked 
|1116|0x00000000c5c00000, 0x00000000c5c00000, 0x00000000c5d00000|  0%| F|  |TAMS 0x00000000c5c00000| PB 0x00000000c5c00000| Untracked 
|1117|0x00000000c5d00000, 0x00000000c5d00000, 0x00000000c5e00000|  0%| F|  |TAMS 0x00000000c5d00000| PB 0x00000000c5d00000| Untracked 
|1118|0x00000000c5e00000, 0x00000000c5e00000, 0x00000000c5f00000|  0%| F|  |TAMS 0x00000000c5e00000| PB 0x00000000c5e00000| Untracked 
|1119|0x00000000c5f00000, 0x00000000c5f00000, 0x00000000c6000000|  0%| F|  |TAMS 0x00000000c5f00000| PB 0x00000000c5f00000| Untracked 
|1120|0x00000000c6000000, 0x00000000c6000000, 0x00000000c6100000|  0%| F|  |TAMS 0x00000000c6000000| PB 0x00000000c6000000| Untracked 
|1121|0x00000000c6100000, 0x00000000c6100000, 0x00000000c6200000|  0%| F|  |TAMS 0x00000000c6100000| PB 0x00000000c6100000| Untracked 
|1122|0x00000000c6200000, 0x00000000c6200000, 0x00000000c6300000|  0%| F|  |TAMS 0x00000000c6200000| PB 0x00000000c6200000| Untracked 
|1123|0x00000000c6300000, 0x00000000c6300000, 0x00000000c6400000|  0%| F|  |TAMS 0x00000000c6300000| PB 0x00000000c6300000| Untracked 
|1124|0x00000000c6400000, 0x00000000c6400000, 0x00000000c6500000|  0%| F|  |TAMS 0x00000000c6400000| PB 0x00000000c6400000| Untracked 
|1125|0x00000000c6500000, 0x00000000c6500000, 0x00000000c6600000|  0%| F|  |TAMS 0x00000000c6500000| PB 0x00000000c6500000| Untracked 
|1126|0x00000000c6600000, 0x00000000c6600000, 0x00000000c6700000|  0%| F|  |TAMS 0x00000000c6600000| PB 0x00000000c6600000| Untracked 
|1127|0x00000000c6700000, 0x00000000c6700000, 0x00000000c6800000|  0%| F|  |TAMS 0x00000000c6700000| PB 0x00000000c6700000| Untracked 
|1128|0x00000000c6800000, 0x00000000c6800000, 0x00000000c6900000|  0%| F|  |TAMS 0x00000000c6800000| PB 0x00000000c6800000| Untracked 
|1129|0x00000000c6900000, 0x00000000c6900000, 0x00000000c6a00000|  0%| F|  |TAMS 0x00000000c6900000| PB 0x00000000c6900000| Untracked 
|1130|0x00000000c6a00000, 0x00000000c6a00000, 0x00000000c6b00000|  0%| F|  |TAMS 0x00000000c6a00000| PB 0x00000000c6a00000| Untracked 
|1131|0x00000000c6b00000, 0x00000000c6b00000, 0x00000000c6c00000|  0%| F|  |TAMS 0x00000000c6b00000| PB 0x00000000c6b00000| Untracked 
|1132|0x00000000c6c00000, 0x00000000c6c00000, 0x00000000c6d00000|  0%| F|  |TAMS 0x00000000c6c00000| PB 0x00000000c6c00000| Untracked 
|1133|0x00000000c6d00000, 0x00000000c6d00000, 0x00000000c6e00000|  0%| F|  |TAMS 0x00000000c6d00000| PB 0x00000000c6d00000| Untracked 
|1134|0x00000000c6e00000, 0x00000000c6e00000, 0x00000000c6f00000|  0%| F|  |TAMS 0x00000000c6e00000| PB 0x00000000c6e00000| Untracked 
|1135|0x00000000c6f00000, 0x00000000c6f00000, 0x00000000c7000000|  0%| F|  |TAMS 0x00000000c6f00000| PB 0x00000000c6f00000| Untracked 
|1136|0x00000000c7000000, 0x00000000c7000000, 0x00000000c7100000|  0%| F|  |TAMS 0x00000000c7000000| PB 0x00000000c7000000| Untracked 
|1137|0x00000000c7100000, 0x00000000c7100000, 0x00000000c7200000|  0%| F|  |TAMS 0x00000000c7100000| PB 0x00000000c7100000| Untracked 
|1138|0x00000000c7200000, 0x00000000c7200000, 0x00000000c7300000|  0%| F|  |TAMS 0x00000000c7200000| PB 0x00000000c7200000| Untracked 
|1139|0x00000000c7300000, 0x00000000c7300000, 0x00000000c7400000|  0%| F|  |TAMS 0x00000000c7300000| PB 0x00000000c7300000| Untracked 
|1140|0x00000000c7400000, 0x00000000c7400000, 0x00000000c7500000|  0%| F|  |TAMS 0x00000000c7400000| PB 0x00000000c7400000| Untracked 
|1141|0x00000000c7500000, 0x00000000c7500000, 0x00000000c7600000|  0%| F|  |TAMS 0x00000000c7500000| PB 0x00000000c7500000| Untracked 
|1142|0x00000000c7600000, 0x00000000c7600000, 0x00000000c7700000|  0%| F|  |TAMS 0x00000000c7600000| PB 0x00000000c7600000| Untracked 
|1143|0x00000000c7700000, 0x00000000c7700000, 0x00000000c7800000|  0%| F|  |TAMS 0x00000000c7700000| PB 0x00000000c7700000| Untracked 
|1144|0x00000000c7800000, 0x00000000c7800000, 0x00000000c7900000|  0%| F|  |TAMS 0x00000000c7800000| PB 0x00000000c7800000| Untracked 
|1145|0x00000000c7900000, 0x00000000c7900000, 0x00000000c7a00000|  0%| F|  |TAMS 0x00000000c7900000| PB 0x00000000c7900000| Untracked 
|1146|0x00000000c7a00000, 0x00000000c7a00000, 0x00000000c7b00000|  0%| F|  |TAMS 0x00000000c7a00000| PB 0x00000000c7a00000| Untracked 
|1147|0x00000000c7b00000, 0x00000000c7b00000, 0x00000000c7c00000|  0%| F|  |TAMS 0x00000000c7b00000| PB 0x00000000c7b00000| Untracked 
|1148|0x00000000c7c00000, 0x00000000c7c00000, 0x00000000c7d00000|  0%| F|  |TAMS 0x00000000c7c00000| PB 0x00000000c7c00000| Untracked 
|1149|0x00000000c7d00000, 0x00000000c7d00000, 0x00000000c7e00000|  0%| F|  |TAMS 0x00000000c7d00000| PB 0x00000000c7d00000| Untracked 
|1150|0x00000000c7e00000, 0x00000000c7e00000, 0x00000000c7f00000|  0%| F|  |TAMS 0x00000000c7e00000| PB 0x00000000c7e00000| Untracked 
|1151|0x00000000c7f00000, 0x00000000c7f00000, 0x00000000c8000000|  0%| F|  |TAMS 0x00000000c7f00000| PB 0x00000000c7f00000| Untracked 
|1152|0x00000000c8000000, 0x00000000c8000000, 0x00000000c8100000|  0%| F|  |TAMS 0x00000000c8000000| PB 0x00000000c8000000| Untracked 
|1153|0x00000000c8100000, 0x00000000c8100000, 0x00000000c8200000|  0%| F|  |TAMS 0x00000000c8100000| PB 0x00000000c8100000| Untracked 
|1154|0x00000000c8200000, 0x00000000c8200000, 0x00000000c8300000|  0%| F|  |TAMS 0x00000000c8200000| PB 0x00000000c8200000| Untracked 
|1155|0x00000000c8300000, 0x00000000c8300000, 0x00000000c8400000|  0%| F|  |TAMS 0x00000000c8300000| PB 0x00000000c8300000| Untracked 
|1156|0x00000000c8400000, 0x00000000c8400000, 0x00000000c8500000|  0%| F|  |TAMS 0x00000000c8400000| PB 0x00000000c8400000| Untracked 
|1157|0x00000000c8500000, 0x00000000c8500000, 0x00000000c8600000|  0%| F|  |TAMS 0x00000000c8500000| PB 0x00000000c8500000| Untracked 
|1158|0x00000000c8600000, 0x00000000c8600000, 0x00000000c8700000|  0%| F|  |TAMS 0x00000000c8600000| PB 0x00000000c8600000| Untracked 
|1159|0x00000000c8700000, 0x00000000c8700000, 0x00000000c8800000|  0%| F|  |TAMS 0x00000000c8700000| PB 0x00000000c8700000| Untracked 
|1160|0x00000000c8800000, 0x00000000c8800000, 0x00000000c8900000|  0%| F|  |TAMS 0x00000000c8800000| PB 0x00000000c8800000| Untracked 
|1161|0x00000000c8900000, 0x00000000c8900000, 0x00000000c8a00000|  0%| F|  |TAMS 0x00000000c8900000| PB 0x00000000c8900000| Untracked 
|1162|0x00000000c8a00000, 0x00000000c8a00000, 0x00000000c8b00000|  0%| F|  |TAMS 0x00000000c8a00000| PB 0x00000000c8a00000| Untracked 
|1163|0x00000000c8b00000, 0x00000000c8b00000, 0x00000000c8c00000|  0%| F|  |TAMS 0x00000000c8b00000| PB 0x00000000c8b00000| Untracked 
|1164|0x00000000c8c00000, 0x00000000c8c00000, 0x00000000c8d00000|  0%| F|  |TAMS 0x00000000c8c00000| PB 0x00000000c8c00000| Untracked 
|1165|0x00000000c8d00000, 0x00000000c8d00000, 0x00000000c8e00000|  0%| F|  |TAMS 0x00000000c8d00000| PB 0x00000000c8d00000| Untracked 
|1166|0x00000000c8e00000, 0x00000000c8e00000, 0x00000000c8f00000|  0%| F|  |TAMS 0x00000000c8e00000| PB 0x00000000c8e00000| Untracked 
|1167|0x00000000c8f00000, 0x00000000c8f00000, 0x00000000c9000000|  0%| F|  |TAMS 0x00000000c8f00000| PB 0x00000000c8f00000| Untracked 
|1168|0x00000000c9000000, 0x00000000c9000000, 0x00000000c9100000|  0%| F|  |TAMS 0x00000000c9000000| PB 0x00000000c9000000| Untracked 
|1169|0x00000000c9100000, 0x00000000c9100000, 0x00000000c9200000|  0%| F|  |TAMS 0x00000000c9100000| PB 0x00000000c9100000| Untracked 
|1170|0x00000000c9200000, 0x00000000c9200000, 0x00000000c9300000|  0%| F|  |TAMS 0x00000000c9200000| PB 0x00000000c9200000| Untracked 
|1171|0x00000000c9300000, 0x00000000c9300000, 0x00000000c9400000|  0%| F|  |TAMS 0x00000000c9300000| PB 0x00000000c9300000| Untracked 
|1172|0x00000000c9400000, 0x00000000c9400000, 0x00000000c9500000|  0%| F|  |TAMS 0x00000000c9400000| PB 0x00000000c9400000| Untracked 
|1173|0x00000000c9500000, 0x00000000c9500000, 0x00000000c9600000|  0%| F|  |TAMS 0x00000000c9500000| PB 0x00000000c9500000| Untracked 
|1174|0x00000000c9600000, 0x00000000c9600000, 0x00000000c9700000|  0%| F|  |TAMS 0x00000000c9600000| PB 0x00000000c9600000| Untracked 
|1175|0x00000000c9700000, 0x00000000c9700000, 0x00000000c9800000|  0%| F|  |TAMS 0x00000000c9700000| PB 0x00000000c9700000| Untracked 
|1176|0x00000000c9800000, 0x00000000c9800000, 0x00000000c9900000|  0%| F|  |TAMS 0x00000000c9800000| PB 0x00000000c9800000| Untracked 
|1177|0x00000000c9900000, 0x00000000c9900000, 0x00000000c9a00000|  0%| F|  |TAMS 0x00000000c9900000| PB 0x00000000c9900000| Untracked 
|1178|0x00000000c9a00000, 0x00000000c9a00000, 0x00000000c9b00000|  0%| F|  |TAMS 0x00000000c9a00000| PB 0x00000000c9a00000| Untracked 
|1179|0x00000000c9b00000, 0x00000000c9b00000, 0x00000000c9c00000|  0%| F|  |TAMS 0x00000000c9b00000| PB 0x00000000c9b00000| Untracked 
|1180|0x00000000c9c00000, 0x00000000c9c00000, 0x00000000c9d00000|  0%| F|  |TAMS 0x00000000c9c00000| PB 0x00000000c9c00000| Untracked 
|1181|0x00000000c9d00000, 0x00000000c9d00000, 0x00000000c9e00000|  0%| F|  |TAMS 0x00000000c9d00000| PB 0x00000000c9d00000| Untracked 
|1182|0x00000000c9e00000, 0x00000000c9e00000, 0x00000000c9f00000|  0%| F|  |TAMS 0x00000000c9e00000| PB 0x00000000c9e00000| Untracked 
|1183|0x00000000c9f00000, 0x00000000c9f00000, 0x00000000ca000000|  0%| F|  |TAMS 0x00000000c9f00000| PB 0x00000000c9f00000| Untracked 
|1184|0x00000000ca000000, 0x00000000ca000000, 0x00000000ca100000|  0%| F|  |TAMS 0x00000000ca000000| PB 0x00000000ca000000| Untracked 
|1185|0x00000000ca100000, 0x00000000ca100000, 0x00000000ca200000|  0%| F|  |TAMS 0x00000000ca100000| PB 0x00000000ca100000| Untracked 
|1186|0x00000000ca200000, 0x00000000ca200000, 0x00000000ca300000|  0%| F|  |TAMS 0x00000000ca200000| PB 0x00000000ca200000| Untracked 
|1187|0x00000000ca300000, 0x00000000ca300000, 0x00000000ca400000|  0%| F|  |TAMS 0x00000000ca300000| PB 0x00000000ca300000| Untracked 
|1188|0x00000000ca400000, 0x00000000ca400000, 0x00000000ca500000|  0%| F|  |TAMS 0x00000000ca400000| PB 0x00000000ca400000| Untracked 
|1189|0x00000000ca500000, 0x00000000ca500000, 0x00000000ca600000|  0%| F|  |TAMS 0x00000000ca500000| PB 0x00000000ca500000| Untracked 
|1190|0x00000000ca600000, 0x00000000ca600000, 0x00000000ca700000|  0%| F|  |TAMS 0x00000000ca600000| PB 0x00000000ca600000| Untracked 
|1191|0x00000000ca700000, 0x00000000ca700000, 0x00000000ca800000|  0%| F|  |TAMS 0x00000000ca700000| PB 0x00000000ca700000| Untracked 
|1192|0x00000000ca800000, 0x00000000ca800000, 0x00000000ca900000|  0%| F|  |TAMS 0x00000000ca800000| PB 0x00000000ca800000| Untracked 
|1193|0x00000000ca900000, 0x00000000ca900000, 0x00000000caa00000|  0%| F|  |TAMS 0x00000000ca900000| PB 0x00000000ca900000| Untracked 
|1194|0x00000000caa00000, 0x00000000caa00000, 0x00000000cab00000|  0%| F|  |TAMS 0x00000000caa00000| PB 0x00000000caa00000| Untracked 
|1195|0x00000000cab00000, 0x00000000cab00000, 0x00000000cac00000|  0%| F|  |TAMS 0x00000000cab00000| PB 0x00000000cab00000| Untracked 
|1196|0x00000000cac00000, 0x00000000cac00000, 0x00000000cad00000|  0%| F|  |TAMS 0x00000000cac00000| PB 0x00000000cac00000| Untracked 
|1197|0x00000000cad00000, 0x00000000cad00000, 0x00000000cae00000|  0%| F|  |TAMS 0x00000000cad00000| PB 0x00000000cad00000| Untracked 
|1198|0x00000000cae00000, 0x00000000cae8c3a8, 0x00000000caf00000| 54%| E|  |TAMS 0x00000000cae00000| PB 0x00000000cae00000| Complete 
|1199|0x00000000caf00000, 0x00000000cb000000, 0x00000000cb000000|100%| E|CS|TAMS 0x00000000caf00000| PB 0x00000000caf00000| Complete 
|1200|0x00000000cb000000, 0x00000000cb100000, 0x00000000cb100000|100%| E|CS|TAMS 0x00000000cb000000| PB 0x00000000cb000000| Complete 
|1201|0x00000000cb100000, 0x00000000cb200000, 0x00000000cb200000|100%| E|CS|TAMS 0x00000000cb100000| PB 0x00000000cb100000| Complete 
|1202|0x00000000cb200000, 0x00000000cb300000, 0x00000000cb300000|100%| E|CS|TAMS 0x00000000cb200000| PB 0x00000000cb200000| Complete 
|1203|0x00000000cb300000, 0x00000000cb400000, 0x00000000cb400000|100%| E|CS|TAMS 0x00000000cb300000| PB 0x00000000cb300000| Complete 
|1204|0x00000000cb400000, 0x00000000cb500000, 0x00000000cb500000|100%| E|CS|TAMS 0x00000000cb400000| PB 0x00000000cb400000| Complete 
|1205|0x00000000cb500000, 0x00000000cb600000, 0x00000000cb600000|100%| E|CS|TAMS 0x00000000cb500000| PB 0x00000000cb500000| Complete 
|1206|0x00000000cb600000, 0x00000000cb700000, 0x00000000cb700000|100%| E|CS|TAMS 0x00000000cb600000| PB 0x00000000cb600000| Complete 
|1207|0x00000000cb700000, 0x00000000cb800000, 0x00000000cb800000|100%| E|CS|TAMS 0x00000000cb700000| PB 0x00000000cb700000| Complete 
|1208|0x00000000cb800000, 0x00000000cb900000, 0x00000000cb900000|100%| E|CS|TAMS 0x00000000cb800000| PB 0x00000000cb800000| Complete 
|1209|0x00000000cb900000, 0x00000000cba00000, 0x00000000cba00000|100%| E|CS|TAMS 0x00000000cb900000| PB 0x00000000cb900000| Complete 
|1210|0x00000000cba00000, 0x00000000cbb00000, 0x00000000cbb00000|100%| E|CS|TAMS 0x00000000cba00000| PB 0x00000000cba00000| Complete 
|1211|0x00000000cbb00000, 0x00000000cbc00000, 0x00000000cbc00000|100%| E|CS|TAMS 0x00000000cbb00000| PB 0x00000000cbb00000| Complete 
|1212|0x00000000cbc00000, 0x00000000cbd00000, 0x00000000cbd00000|100%| E|CS|TAMS 0x00000000cbc00000| PB 0x00000000cbc00000| Complete 
|1213|0x00000000cbd00000, 0x00000000cbe00000, 0x00000000cbe00000|100%| E|CS|TAMS 0x00000000cbd00000| PB 0x00000000cbd00000| Complete 
|1214|0x00000000cbe00000, 0x00000000cbf00000, 0x00000000cbf00000|100%| E|CS|TAMS 0x00000000cbe00000| PB 0x00000000cbe00000| Complete 
|1215|0x00000000cbf00000, 0x00000000cc000000, 0x00000000cc000000|100%| E|CS|TAMS 0x00000000cbf00000| PB 0x00000000cbf00000| Complete 
|1216|0x00000000cc000000, 0x00000000cc100000, 0x00000000cc100000|100%| E|CS|TAMS 0x00000000cc000000| PB 0x00000000cc000000| Complete 
|1217|0x00000000cc100000, 0x00000000cc200000, 0x00000000cc200000|100%| E|CS|TAMS 0x00000000cc100000| PB 0x00000000cc100000| Complete 
|1218|0x00000000cc200000, 0x00000000cc300000, 0x00000000cc300000|100%| E|CS|TAMS 0x00000000cc200000| PB 0x00000000cc200000| Complete 
|1219|0x00000000cc300000, 0x00000000cc400000, 0x00000000cc400000|100%| E|CS|TAMS 0x00000000cc300000| PB 0x00000000cc300000| Complete 
|1220|0x00000000cc400000, 0x00000000cc500000, 0x00000000cc500000|100%| E|CS|TAMS 0x00000000cc400000| PB 0x00000000cc400000| Complete 
|1221|0x00000000cc500000, 0x00000000cc600000, 0x00000000cc600000|100%| E|CS|TAMS 0x00000000cc500000| PB 0x00000000cc500000| Complete 
|1222|0x00000000cc600000, 0x00000000cc700000, 0x00000000cc700000|100%| E|CS|TAMS 0x00000000cc600000| PB 0x00000000cc600000| Complete 
|1223|0x00000000cc700000, 0x00000000cc800000, 0x00000000cc800000|100%| E|CS|TAMS 0x00000000cc700000| PB 0x00000000cc700000| Complete 
|1224|0x00000000cc800000, 0x00000000cc900000, 0x00000000cc900000|100%| E|CS|TAMS 0x00000000cc800000| PB 0x00000000cc800000| Complete 
|1225|0x00000000cc900000, 0x00000000cca00000, 0x00000000cca00000|100%| E|CS|TAMS 0x00000000cc900000| PB 0x00000000cc900000| Complete 
|1226|0x00000000cca00000, 0x00000000ccb00000, 0x00000000ccb00000|100%| E|CS|TAMS 0x00000000cca00000| PB 0x00000000cca00000| Complete 
|1227|0x00000000ccb00000, 0x00000000ccc00000, 0x00000000ccc00000|100%| E|CS|TAMS 0x00000000ccb00000| PB 0x00000000ccb00000| Complete 
|1228|0x00000000ccc00000, 0x00000000ccd00000, 0x00000000ccd00000|100%| E|CS|TAMS 0x00000000ccc00000| PB 0x00000000ccc00000| Complete 
|1229|0x00000000ccd00000, 0x00000000cce00000, 0x00000000cce00000|100%| E|CS|TAMS 0x00000000ccd00000| PB 0x00000000ccd00000| Complete 
|1230|0x00000000cce00000, 0x00000000ccf00000, 0x00000000ccf00000|100%| E|CS|TAMS 0x00000000cce00000| PB 0x00000000cce00000| Complete 
|1231|0x00000000ccf00000, 0x00000000cd000000, 0x00000000cd000000|100%| E|CS|TAMS 0x00000000ccf00000| PB 0x00000000ccf00000| Complete 
|1232|0x00000000cd000000, 0x00000000cd100000, 0x00000000cd100000|100%| E|CS|TAMS 0x00000000cd000000| PB 0x00000000cd000000| Complete 
|1233|0x00000000cd100000, 0x00000000cd200000, 0x00000000cd200000|100%| E|CS|TAMS 0x00000000cd100000| PB 0x00000000cd100000| Complete 
|1234|0x00000000cd200000, 0x00000000cd300000, 0x00000000cd300000|100%| E|CS|TAMS 0x00000000cd200000| PB 0x00000000cd200000| Complete 
|1235|0x00000000cd300000, 0x00000000cd400000, 0x00000000cd400000|100%| E|CS|TAMS 0x00000000cd300000| PB 0x00000000cd300000| Complete 
|1236|0x00000000cd400000, 0x00000000cd500000, 0x00000000cd500000|100%| E|CS|TAMS 0x00000000cd400000| PB 0x00000000cd400000| Complete 
|1237|0x00000000cd500000, 0x00000000cd600000, 0x00000000cd600000|100%| E|CS|TAMS 0x00000000cd500000| PB 0x00000000cd500000| Complete 
|1238|0x00000000cd600000, 0x00000000cd700000, 0x00000000cd700000|100%| E|CS|TAMS 0x00000000cd600000| PB 0x00000000cd600000| Complete 
|1239|0x00000000cd700000, 0x00000000cd800000, 0x00000000cd800000|100%| E|CS|TAMS 0x00000000cd700000| PB 0x00000000cd700000| Complete 
|1240|0x00000000cd800000, 0x00000000cd900000, 0x00000000cd900000|100%| E|CS|TAMS 0x00000000cd800000| PB 0x00000000cd800000| Complete 
|1241|0x00000000cd900000, 0x00000000cda00000, 0x00000000cda00000|100%| E|CS|TAMS 0x00000000cd900000| PB 0x00000000cd900000| Complete 
|1242|0x00000000cda00000, 0x00000000cdb00000, 0x00000000cdb00000|100%| E|CS|TAMS 0x00000000cda00000| PB 0x00000000cda00000| Complete 
|1243|0x00000000cdb00000, 0x00000000cdc00000, 0x00000000cdc00000|100%| E|CS|TAMS 0x00000000cdb00000| PB 0x00000000cdb00000| Complete 
|1244|0x00000000cdc00000, 0x00000000cdd00000, 0x00000000cdd00000|100%| E|CS|TAMS 0x00000000cdc00000| PB 0x00000000cdc00000| Complete 
|1245|0x00000000cdd00000, 0x00000000cde00000, 0x00000000cde00000|100%| E|CS|TAMS 0x00000000cdd00000| PB 0x00000000cdd00000| Complete 
|1246|0x00000000cde00000, 0x00000000cdf00000, 0x00000000cdf00000|100%| E|CS|TAMS 0x00000000cde00000| PB 0x00000000cde00000| Complete 
|1247|0x00000000cdf00000, 0x00000000ce000000, 0x00000000ce000000|100%| E|CS|TAMS 0x00000000cdf00000| PB 0x00000000cdf00000| Complete 
|1248|0x00000000ce000000, 0x00000000ce100000, 0x00000000ce100000|100%| E|CS|TAMS 0x00000000ce000000| PB 0x00000000ce000000| Complete 
|1249|0x00000000ce100000, 0x00000000ce200000, 0x00000000ce200000|100%| E|CS|TAMS 0x00000000ce100000| PB 0x00000000ce100000| Complete 
|1250|0x00000000ce200000, 0x00000000ce300000, 0x00000000ce300000|100%| E|CS|TAMS 0x00000000ce200000| PB 0x00000000ce200000| Complete 
|1251|0x00000000ce300000, 0x00000000ce400000, 0x00000000ce400000|100%| E|CS|TAMS 0x00000000ce300000| PB 0x00000000ce300000| Complete 
|1252|0x00000000ce400000, 0x00000000ce500000, 0x00000000ce500000|100%| E|CS|TAMS 0x00000000ce400000| PB 0x00000000ce400000| Complete 
|1253|0x00000000ce500000, 0x00000000ce600000, 0x00000000ce600000|100%| E|CS|TAMS 0x00000000ce500000| PB 0x00000000ce500000| Complete 
|1254|0x00000000ce600000, 0x00000000ce700000, 0x00000000ce700000|100%| E|CS|TAMS 0x00000000ce600000| PB 0x00000000ce600000| Complete 
|1255|0x00000000ce700000, 0x00000000ce800000, 0x00000000ce800000|100%| E|CS|TAMS 0x00000000ce700000| PB 0x00000000ce700000| Complete 
|1256|0x00000000ce800000, 0x00000000ce900000, 0x00000000ce900000|100%| E|CS|TAMS 0x00000000ce800000| PB 0x00000000ce800000| Complete 
|1257|0x00000000ce900000, 0x00000000cea00000, 0x00000000cea00000|100%| E|CS|TAMS 0x00000000ce900000| PB 0x00000000ce900000| Complete 
|1258|0x00000000cea00000, 0x00000000ceb00000, 0x00000000ceb00000|100%| E|CS|TAMS 0x00000000cea00000| PB 0x00000000cea00000| Complete 
|1259|0x00000000ceb00000, 0x00000000cec00000, 0x00000000cec00000|100%| E|CS|TAMS 0x00000000ceb00000| PB 0x00000000ceb00000| Complete 
|1260|0x00000000cec00000, 0x00000000ced00000, 0x00000000ced00000|100%| E|CS|TAMS 0x00000000cec00000| PB 0x00000000cec00000| Complete 
|1261|0x00000000ced00000, 0x00000000cee00000, 0x00000000cee00000|100%| E|CS|TAMS 0x00000000ced00000| PB 0x00000000ced00000| Complete 
|1262|0x00000000cee00000, 0x00000000cef00000, 0x00000000cef00000|100%| E|CS|TAMS 0x00000000cee00000| PB 0x00000000cee00000| Complete 
|1263|0x00000000cef00000, 0x00000000cf000000, 0x00000000cf000000|100%| E|CS|TAMS 0x00000000cef00000| PB 0x00000000cef00000| Complete 
|1264|0x00000000cf000000, 0x00000000cf100000, 0x00000000cf100000|100%| E|CS|TAMS 0x00000000cf000000| PB 0x00000000cf000000| Complete 
|1265|0x00000000cf100000, 0x00000000cf200000, 0x00000000cf200000|100%| E|CS|TAMS 0x00000000cf100000| PB 0x00000000cf100000| Complete 
|1266|0x00000000cf200000, 0x00000000cf300000, 0x00000000cf300000|100%| E|CS|TAMS 0x00000000cf200000| PB 0x00000000cf200000| Complete 
|1267|0x00000000cf300000, 0x00000000cf400000, 0x00000000cf400000|100%| E|CS|TAMS 0x00000000cf300000| PB 0x00000000cf300000| Complete 
|1268|0x00000000cf400000, 0x00000000cf500000, 0x00000000cf500000|100%| E|CS|TAMS 0x00000000cf400000| PB 0x00000000cf400000| Complete 
|1269|0x00000000cf500000, 0x00000000cf600000, 0x00000000cf600000|100%| E|CS|TAMS 0x00000000cf500000| PB 0x00000000cf500000| Complete 
|1270|0x00000000cf600000, 0x00000000cf700000, 0x00000000cf700000|100%| E|CS|TAMS 0x00000000cf600000| PB 0x00000000cf600000| Complete 
|1271|0x00000000cf700000, 0x00000000cf800000, 0x00000000cf800000|100%| E|CS|TAMS 0x00000000cf700000| PB 0x00000000cf700000| Complete 
|1272|0x00000000cf800000, 0x00000000cf900000, 0x00000000cf900000|100%| E|CS|TAMS 0x00000000cf800000| PB 0x00000000cf800000| Complete 
|1273|0x00000000cf900000, 0x00000000cfa00000, 0x00000000cfa00000|100%| E|CS|TAMS 0x00000000cf900000| PB 0x00000000cf900000| Complete 
|1274|0x00000000cfa00000, 0x00000000cfb00000, 0x00000000cfb00000|100%| E|CS|TAMS 0x00000000cfa00000| PB 0x00000000cfa00000| Complete 
|1275|0x00000000cfb00000, 0x00000000cfc00000, 0x00000000cfc00000|100%| E|CS|TAMS 0x00000000cfb00000| PB 0x00000000cfb00000| Complete 
|1276|0x00000000cfc00000, 0x00000000cfd00000, 0x00000000cfd00000|100%| E|CS|TAMS 0x00000000cfc00000| PB 0x00000000cfc00000| Complete 
|1277|0x00000000cfd00000, 0x00000000cfe00000, 0x00000000cfe00000|100%| E|CS|TAMS 0x00000000cfd00000| PB 0x00000000cfd00000| Complete 
|1278|0x00000000cfe00000, 0x00000000cff00000, 0x00000000cff00000|100%| E|CS|TAMS 0x00000000cfe00000| PB 0x00000000cfe00000| Complete 
|1279|0x00000000cff00000, 0x00000000d0000000, 0x00000000d0000000|100%| E|CS|TAMS 0x00000000cff00000| PB 0x00000000cff00000| Complete 
|1280|0x00000000d0000000, 0x00000000d0100000, 0x00000000d0100000|100%| E|CS|TAMS 0x00000000d0000000| PB 0x00000000d0000000| Complete 
|1281|0x00000000d0100000, 0x00000000d0200000, 0x00000000d0200000|100%| E|CS|TAMS 0x00000000d0100000| PB 0x00000000d0100000| Complete 
|1282|0x00000000d0200000, 0x00000000d0300000, 0x00000000d0300000|100%| E|CS|TAMS 0x00000000d0200000| PB 0x00000000d0200000| Complete 
|1283|0x00000000d0300000, 0x00000000d0400000, 0x00000000d0400000|100%| E|CS|TAMS 0x00000000d0300000| PB 0x00000000d0300000| Complete 
|1284|0x00000000d0400000, 0x00000000d0500000, 0x00000000d0500000|100%| E|CS|TAMS 0x00000000d0400000| PB 0x00000000d0400000| Complete 
|1285|0x00000000d0500000, 0x00000000d0600000, 0x00000000d0600000|100%| E|CS|TAMS 0x00000000d0500000| PB 0x00000000d0500000| Complete 
|1286|0x00000000d0600000, 0x00000000d0700000, 0x00000000d0700000|100%| E|CS|TAMS 0x00000000d0600000| PB 0x00000000d0600000| Complete 
|1287|0x00000000d0700000, 0x00000000d0800000, 0x00000000d0800000|100%| E|CS|TAMS 0x00000000d0700000| PB 0x00000000d0700000| Complete 
|1288|0x00000000d0800000, 0x00000000d0900000, 0x00000000d0900000|100%| E|CS|TAMS 0x00000000d0800000| PB 0x00000000d0800000| Complete 
|1289|0x00000000d0900000, 0x00000000d0a00000, 0x00000000d0a00000|100%| E|CS|TAMS 0x00000000d0900000| PB 0x00000000d0900000| Complete 
|1290|0x00000000d0a00000, 0x00000000d0b00000, 0x00000000d0b00000|100%| E|CS|TAMS 0x00000000d0a00000| PB 0x00000000d0a00000| Complete 
|1291|0x00000000d0b00000, 0x00000000d0c00000, 0x00000000d0c00000|100%| E|CS|TAMS 0x00000000d0b00000| PB 0x00000000d0b00000| Complete 
|1292|0x00000000d0c00000, 0x00000000d0d00000, 0x00000000d0d00000|100%| E|CS|TAMS 0x00000000d0c00000| PB 0x00000000d0c00000| Complete 
|1293|0x00000000d0d00000, 0x00000000d0e00000, 0x00000000d0e00000|100%| E|CS|TAMS 0x00000000d0d00000| PB 0x00000000d0d00000| Complete 
|1294|0x00000000d0e00000, 0x00000000d0f00000, 0x00000000d0f00000|100%| E|CS|TAMS 0x00000000d0e00000| PB 0x00000000d0e00000| Complete 
|1295|0x00000000d0f00000, 0x00000000d1000000, 0x00000000d1000000|100%| E|CS|TAMS 0x00000000d0f00000| PB 0x00000000d0f00000| Complete 
|1296|0x00000000d1000000, 0x00000000d1100000, 0x00000000d1100000|100%| E|CS|TAMS 0x00000000d1000000| PB 0x00000000d1000000| Complete 
|1297|0x00000000d1100000, 0x00000000d1200000, 0x00000000d1200000|100%| E|CS|TAMS 0x00000000d1100000| PB 0x00000000d1100000| Complete 
|1298|0x00000000d1200000, 0x00000000d1300000, 0x00000000d1300000|100%| E|CS|TAMS 0x00000000d1200000| PB 0x00000000d1200000| Complete 
|1299|0x00000000d1300000, 0x00000000d1400000, 0x00000000d1400000|100%| E|CS|TAMS 0x00000000d1300000| PB 0x00000000d1300000| Complete 
|1300|0x00000000d1400000, 0x00000000d1500000, 0x00000000d1500000|100%| E|CS|TAMS 0x00000000d1400000| PB 0x00000000d1400000| Complete 
|1301|0x00000000d1500000, 0x00000000d1600000, 0x00000000d1600000|100%| E|CS|TAMS 0x00000000d1500000| PB 0x00000000d1500000| Complete 
|1302|0x00000000d1600000, 0x00000000d1700000, 0x00000000d1700000|100%| E|CS|TAMS 0x00000000d1600000| PB 0x00000000d1600000| Complete 
|1303|0x00000000d1700000, 0x00000000d1800000, 0x00000000d1800000|100%| E|CS|TAMS 0x00000000d1700000| PB 0x00000000d1700000| Complete 
|1304|0x00000000d1800000, 0x00000000d1900000, 0x00000000d1900000|100%| E|CS|TAMS 0x00000000d1800000| PB 0x00000000d1800000| Complete 
|1305|0x00000000d1900000, 0x00000000d1a00000, 0x00000000d1a00000|100%| E|CS|TAMS 0x00000000d1900000| PB 0x00000000d1900000| Complete 
|1306|0x00000000d1a00000, 0x00000000d1b00000, 0x00000000d1b00000|100%| E|CS|TAMS 0x00000000d1a00000| PB 0x00000000d1a00000| Complete 
|1307|0x00000000d1b00000, 0x00000000d1c00000, 0x00000000d1c00000|100%| E|CS|TAMS 0x00000000d1b00000| PB 0x00000000d1b00000| Complete 
|1308|0x00000000d1c00000, 0x00000000d1d00000, 0x00000000d1d00000|100%| E|CS|TAMS 0x00000000d1c00000| PB 0x00000000d1c00000| Complete 
|1309|0x00000000d1d00000, 0x00000000d1e00000, 0x00000000d1e00000|100%| E|CS|TAMS 0x00000000d1d00000| PB 0x00000000d1d00000| Complete 
|1310|0x00000000d1e00000, 0x00000000d1f00000, 0x00000000d1f00000|100%| E|CS|TAMS 0x00000000d1e00000| PB 0x00000000d1e00000| Complete 
|1311|0x00000000d1f00000, 0x00000000d2000000, 0x00000000d2000000|100%| E|CS|TAMS 0x00000000d1f00000| PB 0x00000000d1f00000| Complete 
|1312|0x00000000d2000000, 0x00000000d2100000, 0x00000000d2100000|100%| E|CS|TAMS 0x00000000d2000000| PB 0x00000000d2000000| Complete 
|1313|0x00000000d2100000, 0x00000000d2200000, 0x00000000d2200000|100%| E|CS|TAMS 0x00000000d2100000| PB 0x00000000d2100000| Complete 
|1314|0x00000000d2200000, 0x00000000d2300000, 0x00000000d2300000|100%| E|CS|TAMS 0x00000000d2200000| PB 0x00000000d2200000| Complete 
|1315|0x00000000d2300000, 0x00000000d2400000, 0x00000000d2400000|100%| E|CS|TAMS 0x00000000d2300000| PB 0x00000000d2300000| Complete 
|1316|0x00000000d2400000, 0x00000000d2500000, 0x00000000d2500000|100%| E|CS|TAMS 0x00000000d2400000| PB 0x00000000d2400000| Complete 
|1317|0x00000000d2500000, 0x00000000d2600000, 0x00000000d2600000|100%| E|CS|TAMS 0x00000000d2500000| PB 0x00000000d2500000| Complete 
|1318|0x00000000d2600000, 0x00000000d2700000, 0x00000000d2700000|100%| E|CS|TAMS 0x00000000d2600000| PB 0x00000000d2600000| Complete 
|1319|0x00000000d2700000, 0x00000000d2800000, 0x00000000d2800000|100%| E|CS|TAMS 0x00000000d2700000| PB 0x00000000d2700000| Complete 
|1320|0x00000000d2800000, 0x00000000d2900000, 0x00000000d2900000|100%| E|CS|TAMS 0x00000000d2800000| PB 0x00000000d2800000| Complete 
|1321|0x00000000d2900000, 0x00000000d2a00000, 0x00000000d2a00000|100%| E|CS|TAMS 0x00000000d2900000| PB 0x00000000d2900000| Complete 
|1322|0x00000000d2a00000, 0x00000000d2b00000, 0x00000000d2b00000|100%| E|CS|TAMS 0x00000000d2a00000| PB 0x00000000d2a00000| Complete 
|1323|0x00000000d2b00000, 0x00000000d2c00000, 0x00000000d2c00000|100%| E|CS|TAMS 0x00000000d2b00000| PB 0x00000000d2b00000| Complete 
|1324|0x00000000d2c00000, 0x00000000d2d00000, 0x00000000d2d00000|100%| E|CS|TAMS 0x00000000d2c00000| PB 0x00000000d2c00000| Complete 
|1325|0x00000000d2d00000, 0x00000000d2e00000, 0x00000000d2e00000|100%| E|CS|TAMS 0x00000000d2d00000| PB 0x00000000d2d00000| Complete 
|1326|0x00000000d2e00000, 0x00000000d2f00000, 0x00000000d2f00000|100%| E|CS|TAMS 0x00000000d2e00000| PB 0x00000000d2e00000| Complete 
|1327|0x00000000d2f00000, 0x00000000d3000000, 0x00000000d3000000|100%| E|CS|TAMS 0x00000000d2f00000| PB 0x00000000d2f00000| Complete 
|1328|0x00000000d3000000, 0x00000000d3100000, 0x00000000d3100000|100%| E|CS|TAMS 0x00000000d3000000| PB 0x00000000d3000000| Complete 
|1329|0x00000000d3100000, 0x00000000d3200000, 0x00000000d3200000|100%| E|CS|TAMS 0x00000000d3100000| PB 0x00000000d3100000| Complete 
|1330|0x00000000d3200000, 0x00000000d3300000, 0x00000000d3300000|100%| E|CS|TAMS 0x00000000d3200000| PB 0x00000000d3200000| Complete 
|1331|0x00000000d3300000, 0x00000000d3400000, 0x00000000d3400000|100%| E|CS|TAMS 0x00000000d3300000| PB 0x00000000d3300000| Complete 
|1332|0x00000000d3400000, 0x00000000d3500000, 0x00000000d3500000|100%| E|CS|TAMS 0x00000000d3400000| PB 0x00000000d3400000| Complete 
|1333|0x00000000d3500000, 0x00000000d3600000, 0x00000000d3600000|100%| E|CS|TAMS 0x00000000d3500000| PB 0x00000000d3500000| Complete 
|1334|0x00000000d3600000, 0x00000000d3700000, 0x00000000d3700000|100%| E|CS|TAMS 0x00000000d3600000| PB 0x00000000d3600000| Complete 
|1335|0x00000000d3700000, 0x00000000d3800000, 0x00000000d3800000|100%| E|CS|TAMS 0x00000000d3700000| PB 0x00000000d3700000| Complete 
|1336|0x00000000d3800000, 0x00000000d3900000, 0x00000000d3900000|100%| E|CS|TAMS 0x00000000d3800000| PB 0x00000000d3800000| Complete 
|1337|0x00000000d3900000, 0x00000000d3a00000, 0x00000000d3a00000|100%| E|  |TAMS 0x00000000d3900000| PB 0x00000000d3900000| Complete 
|1338|0x00000000d3a00000, 0x00000000d3b00000, 0x00000000d3b00000|100%| E|CS|TAMS 0x00000000d3a00000| PB 0x00000000d3a00000| Complete 
|1339|0x00000000d3b00000, 0x00000000d3c00000, 0x00000000d3c00000|100%| E|CS|TAMS 0x00000000d3b00000| PB 0x00000000d3b00000| Complete 
|1340|0x00000000d3c00000, 0x00000000d3d00000, 0x00000000d3d00000|100%| E|CS|TAMS 0x00000000d3c00000| PB 0x00000000d3c00000| Complete 
|1341|0x00000000d3d00000, 0x00000000d3e00000, 0x00000000d3e00000|100%| E|CS|TAMS 0x00000000d3d00000| PB 0x00000000d3d00000| Complete 
|1342|0x00000000d3e00000, 0x00000000d3f00000, 0x00000000d3f00000|100%| E|CS|TAMS 0x00000000d3e00000| PB 0x00000000d3e00000| Complete 
|1343|0x00000000d3f00000, 0x00000000d4000000, 0x00000000d4000000|100%| E|CS|TAMS 0x00000000d3f00000| PB 0x00000000d3f00000| Complete 
|1344|0x00000000d4000000, 0x00000000d4100000, 0x00000000d4100000|100%| E|CS|TAMS 0x00000000d4000000| PB 0x00000000d4000000| Complete 
|1345|0x00000000d4100000, 0x00000000d4200000, 0x00000000d4200000|100%| E|CS|TAMS 0x00000000d4100000| PB 0x00000000d4100000| Complete 
|1346|0x00000000d4200000, 0x00000000d4300000, 0x00000000d4300000|100%| E|CS|TAMS 0x00000000d4200000| PB 0x00000000d4200000| Complete 
|1347|0x00000000d4300000, 0x00000000d4400000, 0x00000000d4400000|100%| E|CS|TAMS 0x00000000d4300000| PB 0x00000000d4300000| Complete 
|1348|0x00000000d4400000, 0x00000000d4500000, 0x00000000d4500000|100%| E|CS|TAMS 0x00000000d4400000| PB 0x00000000d4400000| Complete 
|1349|0x00000000d4500000, 0x00000000d4600000, 0x00000000d4600000|100%| E|CS|TAMS 0x00000000d4500000| PB 0x00000000d4500000| Complete 
|1350|0x00000000d4600000, 0x00000000d4700000, 0x00000000d4700000|100%| E|CS|TAMS 0x00000000d4600000| PB 0x00000000d4600000| Complete 
|1351|0x00000000d4700000, 0x00000000d4800000, 0x00000000d4800000|100%| E|CS|TAMS 0x00000000d4700000| PB 0x00000000d4700000| Complete 
|1352|0x00000000d4800000, 0x00000000d4900000, 0x00000000d4900000|100%| E|CS|TAMS 0x00000000d4800000| PB 0x00000000d4800000| Complete 
|1353|0x00000000d4900000, 0x00000000d4a00000, 0x00000000d4a00000|100%| E|CS|TAMS 0x00000000d4900000| PB 0x00000000d4900000| Complete 
|1354|0x00000000d4a00000, 0x00000000d4b00000, 0x00000000d4b00000|100%| E|CS|TAMS 0x00000000d4a00000| PB 0x00000000d4a00000| Complete 
|1355|0x00000000d4b00000, 0x00000000d4c00000, 0x00000000d4c00000|100%| E|CS|TAMS 0x00000000d4b00000| PB 0x00000000d4b00000| Complete 
|1356|0x00000000d4c00000, 0x00000000d4d00000, 0x00000000d4d00000|100%| E|CS|TAMS 0x00000000d4c00000| PB 0x00000000d4c00000| Complete 
|1357|0x00000000d4d00000, 0x00000000d4e00000, 0x00000000d4e00000|100%| E|CS|TAMS 0x00000000d4d00000| PB 0x00000000d4d00000| Complete 
|1358|0x00000000d4e00000, 0x00000000d4f00000, 0x00000000d4f00000|100%| E|CS|TAMS 0x00000000d4e00000| PB 0x00000000d4e00000| Complete 
|1359|0x00000000d4f00000, 0x00000000d5000000, 0x00000000d5000000|100%| E|CS|TAMS 0x00000000d4f00000| PB 0x00000000d4f00000| Complete 
|1360|0x00000000d5000000, 0x00000000d5100000, 0x00000000d5100000|100%| E|CS|TAMS 0x00000000d5000000| PB 0x00000000d5000000| Complete 
|1361|0x00000000d5100000, 0x00000000d5200000, 0x00000000d5200000|100%| E|CS|TAMS 0x00000000d5100000| PB 0x00000000d5100000| Complete 
|1362|0x00000000d5200000, 0x00000000d5300000, 0x00000000d5300000|100%| E|CS|TAMS 0x00000000d5200000| PB 0x00000000d5200000| Complete 
|1363|0x00000000d5300000, 0x00000000d5400000, 0x00000000d5400000|100%| E|CS|TAMS 0x00000000d5300000| PB 0x00000000d5300000| Complete 
|1364|0x00000000d5400000, 0x00000000d5500000, 0x00000000d5500000|100%| E|CS|TAMS 0x00000000d5400000| PB 0x00000000d5400000| Complete 
|1365|0x00000000d5500000, 0x00000000d5600000, 0x00000000d5600000|100%| E|CS|TAMS 0x00000000d5500000| PB 0x00000000d5500000| Complete 
|1366|0x00000000d5600000, 0x00000000d5700000, 0x00000000d5700000|100%| E|CS|TAMS 0x00000000d5600000| PB 0x00000000d5600000| Complete 
|1367|0x00000000d5700000, 0x00000000d5800000, 0x00000000d5800000|100%| E|CS|TAMS 0x00000000d5700000| PB 0x00000000d5700000| Complete 
|1368|0x00000000d5800000, 0x00000000d5900000, 0x00000000d5900000|100%| E|CS|TAMS 0x00000000d5800000| PB 0x00000000d5800000| Complete 
|1369|0x00000000d5900000, 0x00000000d5a00000, 0x00000000d5a00000|100%| E|CS|TAMS 0x00000000d5900000| PB 0x00000000d5900000| Complete 
|1370|0x00000000d5a00000, 0x00000000d5b00000, 0x00000000d5b00000|100%| E|CS|TAMS 0x00000000d5a00000| PB 0x00000000d5a00000| Complete 
|1371|0x00000000d5b00000, 0x00000000d5c00000, 0x00000000d5c00000|100%| E|CS|TAMS 0x00000000d5b00000| PB 0x00000000d5b00000| Complete 
|1372|0x00000000d5c00000, 0x00000000d5d00000, 0x00000000d5d00000|100%| E|CS|TAMS 0x00000000d5c00000| PB 0x00000000d5c00000| Complete 
|1373|0x00000000d5d00000, 0x00000000d5e00000, 0x00000000d5e00000|100%| E|CS|TAMS 0x00000000d5d00000| PB 0x00000000d5d00000| Complete 
|1374|0x00000000d5e00000, 0x00000000d5f00000, 0x00000000d5f00000|100%| E|CS|TAMS 0x00000000d5e00000| PB 0x00000000d5e00000| Complete 
|1375|0x00000000d5f00000, 0x00000000d6000000, 0x00000000d6000000|100%| E|CS|TAMS 0x00000000d5f00000| PB 0x00000000d5f00000| Complete 
|1376|0x00000000d6000000, 0x00000000d6100000, 0x00000000d6100000|100%| E|CS|TAMS 0x00000000d6000000| PB 0x00000000d6000000| Complete 
|1377|0x00000000d6100000, 0x00000000d6200000, 0x00000000d6200000|100%| E|CS|TAMS 0x00000000d6100000| PB 0x00000000d6100000| Complete 
|1378|0x00000000d6200000, 0x00000000d6300000, 0x00000000d6300000|100%| E|CS|TAMS 0x00000000d6200000| PB 0x00000000d6200000| Complete 
|1379|0x00000000d6300000, 0x00000000d6400000, 0x00000000d6400000|100%| E|CS|TAMS 0x00000000d6300000| PB 0x00000000d6300000| Complete 
|1380|0x00000000d6400000, 0x00000000d6500000, 0x00000000d6500000|100%| E|CS|TAMS 0x00000000d6400000| PB 0x00000000d6400000| Complete 
|1381|0x00000000d6500000, 0x00000000d6600000, 0x00000000d6600000|100%| E|CS|TAMS 0x00000000d6500000| PB 0x00000000d6500000| Complete 
|1382|0x00000000d6600000, 0x00000000d6700000, 0x00000000d6700000|100%| E|CS|TAMS 0x00000000d6600000| PB 0x00000000d6600000| Complete 
|1383|0x00000000d6700000, 0x00000000d6800000, 0x00000000d6800000|100%| E|CS|TAMS 0x00000000d6700000| PB 0x00000000d6700000| Complete 
|1384|0x00000000d6800000, 0x00000000d6900000, 0x00000000d6900000|100%| E|CS|TAMS 0x00000000d6800000| PB 0x00000000d6800000| Complete 
|1385|0x00000000d6900000, 0x00000000d6a00000, 0x00000000d6a00000|100%| E|CS|TAMS 0x00000000d6900000| PB 0x00000000d6900000| Complete 
|1386|0x00000000d6a00000, 0x00000000d6b00000, 0x00000000d6b00000|100%| E|CS|TAMS 0x00000000d6a00000| PB 0x00000000d6a00000| Complete 
|1387|0x00000000d6b00000, 0x00000000d6c00000, 0x00000000d6c00000|100%| E|CS|TAMS 0x00000000d6b00000| PB 0x00000000d6b00000| Complete 
|1388|0x00000000d6c00000, 0x00000000d6d00000, 0x00000000d6d00000|100%| E|CS|TAMS 0x00000000d6c00000| PB 0x00000000d6c00000| Complete 
|1389|0x00000000d6d00000, 0x00000000d6e00000, 0x00000000d6e00000|100%| E|CS|TAMS 0x00000000d6d00000| PB 0x00000000d6d00000| Complete 
|1390|0x00000000d6e00000, 0x00000000d6f00000, 0x00000000d6f00000|100%| E|CS|TAMS 0x00000000d6e00000| PB 0x00000000d6e00000| Complete 
|1391|0x00000000d6f00000, 0x00000000d7000000, 0x00000000d7000000|100%| E|CS|TAMS 0x00000000d6f00000| PB 0x00000000d6f00000| Complete 
|1392|0x00000000d7000000, 0x00000000d7100000, 0x00000000d7100000|100%| E|CS|TAMS 0x00000000d7000000| PB 0x00000000d7000000| Complete 
|1393|0x00000000d7100000, 0x00000000d7200000, 0x00000000d7200000|100%| E|CS|TAMS 0x00000000d7100000| PB 0x00000000d7100000| Complete 
|1394|0x00000000d7200000, 0x00000000d7300000, 0x00000000d7300000|100%| E|CS|TAMS 0x00000000d7200000| PB 0x00000000d7200000| Complete 
|1395|0x00000000d7300000, 0x00000000d7400000, 0x00000000d7400000|100%| E|CS|TAMS 0x00000000d7300000| PB 0x00000000d7300000| Complete 
|1396|0x00000000d7400000, 0x00000000d7500000, 0x00000000d7500000|100%| E|CS|TAMS 0x00000000d7400000| PB 0x00000000d7400000| Complete 
|1397|0x00000000d7500000, 0x00000000d7600000, 0x00000000d7600000|100%| E|CS|TAMS 0x00000000d7500000| PB 0x00000000d7500000| Complete 
|1398|0x00000000d7600000, 0x00000000d7700000, 0x00000000d7700000|100%| E|CS|TAMS 0x00000000d7600000| PB 0x00000000d7600000| Complete 
|1399|0x00000000d7700000, 0x00000000d7800000, 0x00000000d7800000|100%| E|CS|TAMS 0x00000000d7700000| PB 0x00000000d7700000| Complete 
|1400|0x00000000d7800000, 0x00000000d7900000, 0x00000000d7900000|100%| E|CS|TAMS 0x00000000d7800000| PB 0x00000000d7800000| Complete 
|1401|0x00000000d7900000, 0x00000000d7a00000, 0x00000000d7a00000|100%| E|CS|TAMS 0x00000000d7900000| PB 0x00000000d7900000| Complete 
|1402|0x00000000d7a00000, 0x00000000d7b00000, 0x00000000d7b00000|100%| E|CS|TAMS 0x00000000d7a00000| PB 0x00000000d7a00000| Complete 
|1403|0x00000000d7b00000, 0x00000000d7c00000, 0x00000000d7c00000|100%| E|CS|TAMS 0x00000000d7b00000| PB 0x00000000d7b00000| Complete 
|1404|0x00000000d7c00000, 0x00000000d7d00000, 0x00000000d7d00000|100%| E|CS|TAMS 0x00000000d7c00000| PB 0x00000000d7c00000| Complete 
|1405|0x00000000d7d00000, 0x00000000d7e00000, 0x00000000d7e00000|100%| E|CS|TAMS 0x00000000d7d00000| PB 0x00000000d7d00000| Complete 
|1406|0x00000000d7e00000, 0x00000000d7f00000, 0x00000000d7f00000|100%| E|CS|TAMS 0x00000000d7e00000| PB 0x00000000d7e00000| Complete 
|1407|0x00000000d7f00000, 0x00000000d8000000, 0x00000000d8000000|100%| E|CS|TAMS 0x00000000d7f00000| PB 0x00000000d7f00000| Complete 
|1408|0x00000000d8000000, 0x00000000d8100000, 0x00000000d8100000|100%| E|CS|TAMS 0x00000000d8000000| PB 0x00000000d8000000| Complete 
|1409|0x00000000d8100000, 0x00000000d8200000, 0x00000000d8200000|100%| E|CS|TAMS 0x00000000d8100000| PB 0x00000000d8100000| Complete 
|1410|0x00000000d8200000, 0x00000000d8300000, 0x00000000d8300000|100%| E|CS|TAMS 0x00000000d8200000| PB 0x00000000d8200000| Complete 
|1411|0x00000000d8300000, 0x00000000d8400000, 0x00000000d8400000|100%| E|CS|TAMS 0x00000000d8300000| PB 0x00000000d8300000| Complete 
|1412|0x00000000d8400000, 0x00000000d8500000, 0x00000000d8500000|100%| E|CS|TAMS 0x00000000d8400000| PB 0x00000000d8400000| Complete 
|1413|0x00000000d8500000, 0x00000000d8600000, 0x00000000d8600000|100%| E|CS|TAMS 0x00000000d8500000| PB 0x00000000d8500000| Complete 
|1414|0x00000000d8600000, 0x00000000d8700000, 0x00000000d8700000|100%| E|CS|TAMS 0x00000000d8600000| PB 0x00000000d8600000| Complete 
|1415|0x00000000d8700000, 0x00000000d8800000, 0x00000000d8800000|100%| E|CS|TAMS 0x00000000d8700000| PB 0x00000000d8700000| Complete 
|1416|0x00000000d8800000, 0x00000000d8900000, 0x00000000d8900000|100%| E|CS|TAMS 0x00000000d8800000| PB 0x00000000d8800000| Complete 
|1417|0x00000000d8900000, 0x00000000d8a00000, 0x00000000d8a00000|100%| E|CS|TAMS 0x00000000d8900000| PB 0x00000000d8900000| Complete 
|1418|0x00000000d8a00000, 0x00000000d8b00000, 0x00000000d8b00000|100%| E|CS|TAMS 0x00000000d8a00000| PB 0x00000000d8a00000| Complete 
|1419|0x00000000d8b00000, 0x00000000d8c00000, 0x00000000d8c00000|100%| E|CS|TAMS 0x00000000d8b00000| PB 0x00000000d8b00000| Complete 
|1420|0x00000000d8c00000, 0x00000000d8d00000, 0x00000000d8d00000|100%| E|CS|TAMS 0x00000000d8c00000| PB 0x00000000d8c00000| Complete 
|1977|0x00000000fb900000, 0x00000000fba00000, 0x00000000fba00000|100%| O|  |TAMS 0x00000000fb900000| PB 0x00000000fb900000| Untracked 
|1978|0x00000000fba00000, 0x00000000fbb00000, 0x00000000fbb00000|100%| O|Cm|TAMS 0x00000000fba00000| PB 0x00000000fba00000| Complete 
|1979|0x00000000fbb00000, 0x00000000fbc00000, 0x00000000fbc00000|100%| O|Cm|TAMS 0x00000000fbb00000| PB 0x00000000fbb00000| Complete 
|1980|0x00000000fbc00000, 0x00000000fbd00000, 0x00000000fbd00000|100%| O|  |TAMS 0x00000000fbc00000| PB 0x00000000fbc00000| Untracked 
|1981|0x00000000fbd00000, 0x00000000fbe00000, 0x00000000fbe00000|100%| O|Cm|TAMS 0x00000000fbd00000| PB 0x00000000fbd00000| Complete 
|1982|0x00000000fbe00000, 0x00000000fbf00000, 0x00000000fbf00000|100%| O|  |TAMS 0x00000000fbe00000| PB 0x00000000fbe00000| Untracked 
|1983|0x00000000fbf00000, 0x00000000fc000000, 0x00000000fc000000|100%| O|  |TAMS 0x00000000fbf00000| PB 0x00000000fbf00000| Untracked 
|1984|0x00000000fc000000, 0x00000000fc100000, 0x00000000fc100000|100%| O|Cm|TAMS 0x00000000fc000000| PB 0x00000000fc000000| Complete 
|1985|0x00000000fc100000, 0x00000000fc200000, 0x00000000fc200000|100%| O|Cm|TAMS 0x00000000fc100000| PB 0x00000000fc100000| Complete 
|1986|0x00000000fc200000, 0x00000000fc300000, 0x00000000fc300000|100%| O|  |TAMS 0x00000000fc200000| PB 0x00000000fc200000| Untracked 
|1987|0x00000000fc300000, 0x00000000fc400000, 0x00000000fc400000|100%| O|  |TAMS 0x00000000fc300000| PB 0x00000000fc300000| Untracked 
|1988|0x00000000fc400000, 0x00000000fc500000, 0x00000000fc500000|100%| O|  |TAMS 0x00000000fc400000| PB 0x00000000fc400000| Untracked 
|1989|0x00000000fc500000, 0x00000000fc600000, 0x00000000fc600000|100%| O|  |TAMS 0x00000000fc500000| PB 0x00000000fc500000| Untracked 
|1990|0x00000000fc600000, 0x00000000fc700000, 0x00000000fc700000|100%| E|CS|TAMS 0x00000000fc600000| PB 0x00000000fc600000| Complete 
|1991|0x00000000fc700000, 0x00000000fc800000, 0x00000000fc800000|100%| E|CS|TAMS 0x00000000fc700000| PB 0x00000000fc700000| Complete 
|1992|0x00000000fc800000, 0x00000000fc900000, 0x00000000fc900000|100%| E|CS|TAMS 0x00000000fc800000| PB 0x00000000fc800000| Complete 
|1993|0x00000000fc900000, 0x00000000fca00000, 0x00000000fca00000|100%| O|Cm|TAMS 0x00000000fc900000| PB 0x00000000fc900000| Complete 
|1994|0x00000000fca00000, 0x00000000fcb00000, 0x00000000fcb00000|100%| E|CS|TAMS 0x00000000fca00000| PB 0x00000000fca00000| Complete 
|1995|0x00000000fcb00000, 0x00000000fcc00000, 0x00000000fcc00000|100%| O|  |TAMS 0x00000000fcb00000| PB 0x00000000fcb00000| Untracked 
|1996|0x00000000fcc00000, 0x00000000fcd00000, 0x00000000fcd00000|100%| O|Cm|TAMS 0x00000000fcc00000| PB 0x00000000fcc00000| Complete 
|1997|0x00000000fcd00000, 0x00000000fce00000, 0x00000000fce00000|100%| O|Cm|TAMS 0x00000000fcd00000| PB 0x00000000fcd00000| Complete 
|1998|0x00000000fce00000, 0x00000000fcf00000, 0x00000000fcf00000|100%| O|  |TAMS 0x00000000fce00000| PB 0x00000000fce00000| Untracked 
|1999|0x00000000fcf00000, 0x00000000fd000000, 0x00000000fd000000|100%| O|  |TAMS 0x00000000fcf00000| PB 0x00000000fcf00000| Untracked 
|2000|0x00000000fd000000, 0x00000000fd100000, 0x00000000fd100000|100%| O|  |TAMS 0x00000000fd000000| PB 0x00000000fd000000| Untracked 
|2001|0x00000000fd100000, 0x00000000fd200000, 0x00000000fd200000|100%| O|  |TAMS 0x00000000fd100000| PB 0x00000000fd100000| Untracked 
|2002|0x00000000fd200000, 0x00000000fd300000, 0x00000000fd300000|100%| O|Cm|TAMS 0x00000000fd200000| PB 0x00000000fd200000| Complete 
|2003|0x00000000fd300000, 0x00000000fd400000, 0x00000000fd400000|100%| E|CS|TAMS 0x00000000fd300000| PB 0x00000000fd300000| Complete 
|2004|0x00000000fd400000, 0x00000000fd500000, 0x00000000fd500000|100%| E|CS|TAMS 0x00000000fd400000| PB 0x00000000fd400000| Complete 
|2005|0x00000000fd500000, 0x00000000fd600000, 0x00000000fd600000|100%| E|CS|TAMS 0x00000000fd500000| PB 0x00000000fd500000| Complete 
|2006|0x00000000fd600000, 0x00000000fd700000, 0x00000000fd700000|100%| E|CS|TAMS 0x00000000fd600000| PB 0x00000000fd600000| Complete 
|2007|0x00000000fd700000, 0x00000000fd800000, 0x00000000fd800000|100%| E|CS|TAMS 0x00000000fd700000| PB 0x00000000fd700000| Complete 
|2008|0x00000000fd800000, 0x00000000fd900000, 0x00000000fd900000|100%| E|CS|TAMS 0x00000000fd800000| PB 0x00000000fd800000| Complete 
|2009|0x00000000fd900000, 0x00000000fda00000, 0x00000000fda00000|100%| O|  |TAMS 0x00000000fd900000| PB 0x00000000fd900000| Untracked 
|2010|0x00000000fda00000, 0x00000000fdb00000, 0x00000000fdb00000|100%| O|  |TAMS 0x00000000fda00000| PB 0x00000000fda00000| Untracked 
|2011|0x00000000fdb00000, 0x00000000fdc00000, 0x00000000fdc00000|100%| O|  |TAMS 0x00000000fdb00000| PB 0x00000000fdb00000| Untracked 
|2012|0x00000000fdc00000, 0x00000000fdd00000, 0x00000000fdd00000|100%| E|CS|TAMS 0x00000000fdc00000| PB 0x00000000fdc00000| Complete 
|2013|0x00000000fdd00000, 0x00000000fde00000, 0x00000000fde00000|100%| O|  |TAMS 0x00000000fdd00000| PB 0x00000000fdd00000| Untracked 
|2014|0x00000000fde00000, 0x00000000fdf00000, 0x00000000fdf00000|100%| O|  |TAMS 0x00000000fde00000| PB 0x00000000fde00000| Untracked 
|2015|0x00000000fdf00000, 0x00000000fe000000, 0x00000000fe000000|100%| O|  |TAMS 0x00000000fdf00000| PB 0x00000000fdf00000| Untracked 
|2016|0x00000000fe000000, 0x00000000fe100000, 0x00000000fe100000|100%| O|  |TAMS 0x00000000fe000000| PB 0x00000000fe000000| Untracked 
|2017|0x00000000fe100000, 0x00000000fe200000, 0x00000000fe200000|100%| O|  |TAMS 0x00000000fe100000| PB 0x00000000fe100000| Untracked 
|2018|0x00000000fe200000, 0x00000000fe300000, 0x00000000fe300000|100%| O|  |TAMS 0x00000000fe200000| PB 0x00000000fe200000| Untracked 
|2019|0x00000000fe300000, 0x00000000fe400000, 0x00000000fe400000|100%| O|  |TAMS 0x00000000fe300000| PB 0x00000000fe300000| Untracked 
|2020|0x00000000fe400000, 0x00000000fe500000, 0x00000000fe500000|100%| O|  |TAMS 0x00000000fe400000| PB 0x00000000fe400000| Untracked 
|2021|0x00000000fe500000, 0x00000000fe600000, 0x00000000fe600000|100%| O|  |TAMS 0x00000000fe500000| PB 0x00000000fe500000| Untracked 
|2022|0x00000000fe600000, 0x00000000fe700000, 0x00000000fe700000|100%| O|  |TAMS 0x00000000fe600000| PB 0x00000000fe600000| Untracked 
|2023|0x00000000fe700000, 0x00000000fe800000, 0x00000000fe800000|100%| O|  |TAMS 0x00000000fe700000| PB 0x00000000fe700000| Untracked 
|2024|0x00000000fe800000, 0x00000000fe900000, 0x00000000fe900000|100%| O|  |TAMS 0x00000000fe800000| PB 0x00000000fe800000| Untracked 
|2025|0x00000000fe900000, 0x00000000fea00000, 0x00000000fea00000|100%| O|  |TAMS 0x00000000fe900000| PB 0x00000000fe900000| Untracked 
|2026|0x00000000fea00000, 0x00000000feb00000, 0x00000000feb00000|100%| O|  |TAMS 0x00000000fea00000| PB 0x00000000fea00000| Untracked 
|2027|0x00000000feb00000, 0x00000000fec00000, 0x00000000fec00000|100%| O|  |TAMS 0x00000000feb00000| PB 0x00000000feb00000| Untracked 
|2028|0x00000000fec00000, 0x00000000fed00000, 0x00000000fed00000|100%| O|  |TAMS 0x00000000fec00000| PB 0x00000000fec00000| Untracked 
|2029|0x00000000fed00000, 0x00000000fee00000, 0x00000000fee00000|100%| O|  |TAMS 0x00000000fed00000| PB 0x00000000fed00000| Untracked 
|2030|0x00000000fee00000, 0x00000000fef00000, 0x00000000fef00000|100%| O|  |TAMS 0x00000000fee00000| PB 0x00000000fee00000| Untracked 
|2031|0x00000000fef00000, 0x00000000ff000000, 0x00000000ff000000|100%| E|CS|TAMS 0x00000000fef00000| PB 0x00000000fef00000| Complete 
|2032|0x00000000ff000000, 0x00000000ff100000, 0x00000000ff100000|100%| E|CS|TAMS 0x00000000ff000000| PB 0x00000000ff000000| Complete 
|2033|0x00000000ff100000, 0x00000000ff200000, 0x00000000ff200000|100%| O|  |TAMS 0x00000000ff100000| PB 0x00000000ff100000| Untracked 
|2034|0x00000000ff200000, 0x00000000ff300000, 0x00000000ff300000|100%| E|CS|TAMS 0x00000000ff200000| PB 0x00000000ff200000| Complete 
|2035|0x00000000ff300000, 0x00000000ff400000, 0x00000000ff400000|100%| E|CS|TAMS 0x00000000ff300000| PB 0x00000000ff300000| Complete 
|2036|0x00000000ff400000, 0x00000000ff500000, 0x00000000ff500000|100%| E|CS|TAMS 0x00000000ff400000| PB 0x00000000ff400000| Complete 
|2037|0x00000000ff500000, 0x00000000ff600000, 0x00000000ff600000|100%| E|CS|TAMS 0x00000000ff500000| PB 0x00000000ff500000| Complete 
|2038|0x00000000ff600000, 0x00000000ff700000, 0x00000000ff700000|100%| E|CS|TAMS 0x00000000ff600000| PB 0x00000000ff600000| Complete 
|2039|0x00000000ff700000, 0x00000000ff800000, 0x00000000ff800000|100%| E|CS|TAMS 0x00000000ff700000| PB 0x00000000ff700000| Complete 
|2040|0x00000000ff800000, 0x00000000ff900000, 0x00000000ff900000|100%| E|CS|TAMS 0x00000000ff800000| PB 0x00000000ff800000| Complete 
|2041|0x00000000ff900000, 0x00000000ffa00000, 0x00000000ffa00000|100%| O|  |TAMS 0x00000000ff900000| PB 0x00000000ff900000| Untracked 
|2042|0x00000000ffa00000, 0x00000000ffb00000, 0x00000000ffb00000|100%| E|CS|TAMS 0x00000000ffa00000| PB 0x00000000ffa00000| Complete 
|2043|0x00000000ffb00000, 0x00000000ffc00000, 0x00000000ffc00000|100%| E|CS|TAMS 0x00000000ffb00000| PB 0x00000000ffb00000| Complete 
|2044|0x00000000ffc00000, 0x00000000ffd00000, 0x00000000ffd00000|100%| E|CS|TAMS 0x00000000ffc00000| PB 0x00000000ffc00000| Complete 
|2045|0x00000000ffd00000, 0x00000000ffe00000, 0x00000000ffe00000|100%| E|CS|TAMS 0x00000000ffd00000| PB 0x00000000ffd00000| Complete 
|2046|0x00000000ffe00000, 0x00000000fff00000, 0x00000000fff00000|100%| E|CS|TAMS 0x00000000ffe00000| PB 0x00000000ffe00000| Complete 
|2047|0x00000000fff00000, 0x0000000100000000, 0x0000000100000000|100%| E|CS|TAMS 0x00000000fff00000| PB 0x00000000fff00000| Complete 

Card table byte_map: [0x000002dfcecc0000,0x000002dfcf0c0000] _byte_map_base: 0x000002dfce8c0000

Marking Bits: (CMBitMap*) 0x000002dfbcbc4240
 Bits: [0x000002dfcf0c0000, 0x000002dfd10c0000)

Polling page: 0x000002dfbab30000

Metaspace:

Usage:
  Non-class:    163.56 MB used.
      Class:     24.05 MB used.
       Both:    187.61 MB used.

Virtual space:
  Non-class space:      192.00 MB reserved,     164.75 MB ( 86%) committed,  3 nodes.
      Class space:        1.00 GB reserved,      25.38 MB (  2%) committed,  1 nodes.
             Both:        1.19 GB reserved,     190.12 MB ( 16%) committed. 

Chunk freelists:
   Non-Class:  10.92 MB
       Class:  6.62 MB
        Both:  17.54 MB

MaxMetaspaceSize: unlimited
CompressedClassSpaceSize: 1.00 GB
Initial GC threshold: 21.00 MB
Current GC threshold: 262.12 MB
CDS: off
 - commit_granule_bytes: 65536.
 - commit_granule_words: 8192.
 - virtual_space_node_default_size: 8388608.
 - enlarge_chunks_in_place: 1.
 - use_allocation_guard: 0.


Internal statistics:

num_allocs_failed_limit: 9.
num_arena_births: 4968.
num_arena_deaths: 0.
num_vsnodes_births: 4.
num_vsnodes_deaths: 0.
num_space_committed: 3039.
num_space_uncommitted: 0.
num_chunks_returned_to_freelist: 9.
num_chunks_taken_from_freelist: 12796.
num_chunk_merges: 9.
num_chunk_splits: 8614.
num_chunks_enlarged: 5793.
num_inconsistent_stats: 0.

CodeHeap 'non-profiled nmethods': size=120064Kb used=21610Kb max_used=21610Kb free=98453Kb
 bounds [0x000002dfc7780000, 0x000002dfc8ca0000, 0x000002dfcecc0000]
CodeHeap 'profiled nmethods': size=120000Kb used=48681Kb max_used=48681Kb free=71318Kb
 bounds [0x000002dfbfcc0000, 0x000002dfc2c50000, 0x000002dfc71f0000]
CodeHeap 'non-nmethods': size=5696Kb used=2353Kb max_used=2388Kb free=3342Kb
 bounds [0x000002dfc71f0000, 0x000002dfc7460000, 0x000002dfc7780000]
 total_blobs=24571 nmethods=23540 adapters=934
 compilation: enabled
              stopped_count=0, restarted_count=0
 full_count=0

Compilation events (20 events):
Event: 287.610 Thread 0x000002dfd37acd50 33676       4       com.sun.tools.javac.code.Symbol::isInterface (19 bytes)
Event: 287.611 Thread 0x000002dfd37acd50 nmethod 33676 0x000002dfc8c9a190 code [0x000002dfc8c9a320, 0x000002dfc8c9a410]
Event: 287.611 Thread 0x000002dfd37acd50 33673       4       com.sun.tools.javac.code.Type$DelegatedType::getParameterTypes (8 bytes)
Event: 287.611 Thread 0x000002dfd37acd50 nmethod 33673 0x000002dfc8c9a510 code [0x000002dfc8c9a6a0, 0x000002dfc8c9a750]
Event: 287.977 Thread 0x000002dfd37acd50 33679       4       com.sun.tools.javac.tree.JCTree$JCExpressionStatement::getTag (4 bytes)
Event: 287.977 Thread 0x000002dfd37acd50 nmethod 33679 0x000002dfc8c9a810 code [0x000002dfc8c9a9a0, 0x000002dfc8c9aa30]
Event: 287.978 Thread 0x000002dfd37dffd0 33680       3       com.sun.tools.javac.comp.Infer$CheckBounds::checkBound (43 bytes)
Event: 287.979 Thread 0x000002dfd37dffd0 nmethod 33680 0x000002dfc2c44a90 code [0x000002dfc2c44ca0, 0x000002dfc2c45240]
Event: 287.979 Thread 0x000002dfd37dffd0 33681       3       com.sun.tools.javac.comp.CompileStates$CompileState::isAfter (17 bytes)
Event: 287.980 Thread 0x000002dfd37dffd0 nmethod 33681 0x000002dfc2c45410 code [0x000002dfc2c455c0, 0x000002dfc2c45728]
Event: 287.981 Thread 0x000002dfd37dffd0 33682       3       com.sun.tools.javac.code.Symbol$MethodSymbol::binaryImplementation (97 bytes)
Event: 287.982 Thread 0x000002dfd37dffd0 nmethod 33682 0x000002dfc2c45810 code [0x000002dfc2c45ac0, 0x000002dfc2c46890]
Event: 287.982 Thread 0x000002dfd37dffd0 33685       3       com.sun.tools.javac.jvm.Code$LocalVar::lastRange (40 bytes)
Event: 287.982 Thread 0x000002dfd37dffd0 nmethod 33685 0x000002dfc2c46d10 code [0x000002dfc2c46f00, 0x000002dfc2c47398]
Event: 287.982 Thread 0x000002dfd37dffd0 33686       3       com.sun.tools.javac.jvm.Code$State::push (238 bytes)
Event: 287.984 Thread 0x000002dfd37dffd0 nmethod 33686 0x000002dfc2c47510 code [0x000002dfc2c47840, 0x000002dfc2c48a08]
Event: 287.984 Thread 0x000002dfd37dffd0 33683       3       com.sun.tools.javac.main.JavaCompiler::errorCount (45 bytes)
Event: 287.985 Thread 0x000002dfd37dffd0 nmethod 33683 0x000002dfc2c49010 code [0x000002dfc2c491c0, 0x000002dfc2c49440]
Event: 287.985 Thread 0x000002dfd37dffd0 33684       3       com.sun.tools.javac.model.FilteredMemberList$$Lambda/0x0000000101934400::test (8 bytes)
Event: 287.985 Thread 0x000002dfd37dffd0 nmethod 33684 0x000002dfc2c49590 code [0x000002dfc2c49760, 0x000002dfc2c49ba0]

GC Heap History (20 events):
Event: 172.453 GC heap before
{Heap before GC invocations=94 (full 0):
 garbage-first heap   total 1203200K, used 978944K [0x0000000080000000, 0x0000000100000000)
  region size 1024K, 187 young (191488K), 7 survivors (7168K)
 Metaspace       used 153806K, committed 156224K, reserved 1245184K
  class space    used 20394K, committed 21632K, reserved 1048576K
}
Event: 172.496 GC heap after
{Heap after GC invocations=95 (full 0):
 garbage-first heap   total 1203200K, used 792064K [0x0000000080000000, 0x0000000100000000)
  region size 1024K, 6 young (6144K), 6 survivors (6144K)
 Metaspace       used 153806K, committed 156224K, reserved 1245184K
  class space    used 20394K, committed 21632K, reserved 1048576K
}
Event: 173.943 GC heap before
{Heap before GC invocations=95 (full 0):
 garbage-first heap   total 1203200K, used 881152K [0x0000000080000000, 0x0000000100000000)
  region size 1024K, 78 young (79872K), 6 survivors (6144K)
 Metaspace       used 153881K, committed 156288K, reserved 1245184K
  class space    used 20399K, committed 21632K, reserved 1048576K
}
Event: 174.016 GC heap after
{Heap after GC invocations=96 (full 0):
 garbage-first heap   total 1203200K, used 817152K [0x0000000080000000, 0x0000000100000000)
  region size 1024K, 15 young (15360K), 15 survivors (15360K)
 Metaspace       used 153881K, committed 156288K, reserved 1245184K
  class space    used 20399K, committed 21632K, reserved 1048576K
}
Event: 174.063 GC heap before
{Heap before GC invocations=96 (full 0):
 garbage-first heap   total 1203200K, used 819200K [0x0000000080000000, 0x0000000100000000)
  region size 1024K, 16 young (16384K), 15 survivors (15360K)
 Metaspace       used 153881K, committed 156288K, reserved 1245184K
  class space    used 20399K, committed 21632K, reserved 1048576K
}
Event: 174.119 GC heap after
{Heap after GC invocations=97 (full 0):
 garbage-first heap   total 1203200K, used 817664K [0x0000000080000000, 0x0000000100000000)
  region size 1024K, 15 young (15360K), 15 survivors (15360K)
 Metaspace       used 153881K, committed 156288K, reserved 1245184K
  class space    used 20399K, committed 21632K, reserved 1048576K
}
Event: 182.071 GC heap before
{Heap before GC invocations=98 (full 0):
 garbage-first heap   total 1217536K, used 971264K [0x0000000080000000, 0x0000000100000000)
  region size 1024K, 228 young (233472K), 15 survivors (15360K)
 Metaspace       used 154157K, committed 156544K, reserved 1245184K
  class space    used 20431K, committed 21632K, reserved 1048576K
}
Event: 182.170 GC heap after
{Heap after GC invocations=99 (full 0):
 garbage-first heap   total 1217536K, used 753408K [0x0000000080000000, 0x0000000100000000)
  region size 1024K, 26 young (26624K), 26 survivors (26624K)
 Metaspace       used 154157K, committed 156544K, reserved 1245184K
  class space    used 20431K, committed 21632K, reserved 1048576K
}
Event: 185.326 GC heap before
{Heap before GC invocations=99 (full 0):
 garbage-first heap   total 1217536K, used 1028864K [0x0000000080000000, 0x0000000100000000)
  region size 1024K, 245 young (250880K), 26 survivors (26624K)
 Metaspace       used 154439K, committed 156864K, reserved 1245184K
  class space    used 20457K, committed 21696K, reserved 1048576K
}
Event: 185.477 GC heap after
{Heap after GC invocations=100 (full 0):
 garbage-first heap   total 1217536K, used 821248K [0x0000000080000000, 0x0000000100000000)
  region size 1024K, 31 young (31744K), 31 survivors (31744K)
 Metaspace       used 154439K, committed 156864K, reserved 1245184K
  class space    used 20457K, committed 21696K, reserved 1048576K
}
Event: 185.579 GC heap before
{Heap before GC invocations=100 (full 0):
 garbage-first heap   total 1217536K, used 844800K [0x0000000080000000, 0x0000000100000000)
  region size 1024K, 55 young (56320K), 31 survivors (31744K)
 Metaspace       used 154439K, committed 156864K, reserved 1245184K
  class space    used 20457K, committed 21696K, reserved 1048576K
}
Event: 185.630 GC heap after
{Heap after GC invocations=101 (full 0):
 garbage-first heap   total 1217536K, used 830080K [0x0000000080000000, 0x0000000100000000)
  region size 1024K, 26 young (26624K), 26 survivors (26624K)
 Metaspace       used 154439K, committed 156864K, reserved 1245184K
  class space    used 20457K, committed 21696K, reserved 1048576K
}
Event: 190.211 GC heap before
{Heap before GC invocations=102 (full 0):
 garbage-first heap   total 1463296K, used 1132160K [0x0000000080000000, 0x0000000100000000)
  region size 1024K, 275 young (281600K), 26 survivors (26624K)
 Metaspace       used 154558K, committed 156992K, reserved 1245184K
  class space    used 20461K, committed 21696K, reserved 1048576K
}
Event: 190.261 GC heap after
{Heap after GC invocations=103 (full 0):
 garbage-first heap   total 1463296K, used 879637K [0x0000000080000000, 0x0000000100000000)
  region size 1024K, 10 young (10240K), 10 survivors (10240K)
 Metaspace       used 154558K, committed 156992K, reserved 1245184K
  class space    used 20461K, committed 21696K, reserved 1048576K
}
Event: 212.537 GC heap before
{Heap before GC invocations=103 (full 0):
 garbage-first heap   total 1463296K, used 1461269K [0x0000000080000000, 0x0000000100000000)
  region size 1024K, 433 young (443392K), 10 survivors (10240K)
 Metaspace       used 155433K, committed 157824K, reserved 1245184K
  class space    used 20549K, committed 21760K, reserved 1048576K
}
Event: 212.667 GC heap after
{Heap after GC invocations=104 (full 0):
 garbage-first heap   total 1527808K, used 862208K [0x0000000080000000, 0x0000000100000000)
  region size 1024K, 50 young (51200K), 50 survivors (51200K)
 Metaspace       used 155433K, committed 157824K, reserved 1245184K
  class space    used 20549K, committed 21760K, reserved 1048576K
}
Event: 213.289 GC heap before
{Heap before GC invocations=104 (full 0):
 garbage-first heap   total 1527808K, used 887808K [0x0000000080000000, 0x0000000100000000)
  region size 1024K, 76 young (77824K), 50 survivors (51200K)
 Metaspace       used 157737K, committed 160192K, reserved 1245184K
  class space    used 20847K, committed 22080K, reserved 1048576K
}
Event: 213.334 GC heap after
{Heap after GC invocations=105 (full 0):
 garbage-first heap   total 1527808K, used 839680K [0x0000000080000000, 0x0000000100000000)
  region size 1024K, 2 young (2048K), 2 survivors (2048K)
 Metaspace       used 157737K, committed 160192K, reserved 1245184K
  class space    used 20847K, committed 22080K, reserved 1048576K
}
Event: 225.536 GC heap before
{Heap before GC invocations=106 (full 0):
 garbage-first heap   total 1527808K, used 1266688K [0x0000000080000000, 0x0000000100000000)
  region size 1024K, 557 young (570368K), 2 survivors (2048K)
 Metaspace       used 188353K, committed 190848K, reserved 1245184K
  class space    used 24158K, committed 25408K, reserved 1048576K
}
Event: 225.611 GC heap after
{Heap after GC invocations=107 (full 0):
 garbage-first heap   total 1527808K, used 729600K [0x0000000080000000, 0x0000000100000000)
  region size 1024K, 46 young (47104K), 46 survivors (47104K)
 Metaspace       used 188353K, committed 190848K, reserved 1245184K
  class space    used 24158K, committed 25408K, reserved 1048576K
}

Dll operation events (3 events):
Event: 0.008 Loaded shared library D:\COOLYEAH\Lain Lain\Android Studio\jbr\bin\java.dll
Event: 0.013 Loaded shared library D:\COOLYEAH\Lain Lain\Android Studio\jbr\bin\zip.dll
Event: 0.672 Loaded shared library D:\COOLYEAH\Lain Lain\Android Studio\jbr\bin\verify.dll

Deoptimization events (20 events):
Event: 287.019 Thread 0x000002dfdb205400 Uncommon trap: trap_request=0xffffff45 fr.pc=0x000002dfc8c84da0 relative=0x00000000000005e0
Event: 287.019 Thread 0x000002dfdb205400 Uncommon trap: reason=unstable_if action=reinterpret pc=0x000002dfc8c84da0 method=com.sun.tools.javac.tree.TreeInfo.getStartPos(Lcom/sun/tools/javac/tree/JCTree;)I @ 17 c2
Event: 287.020 Thread 0x000002dfdb205400 DEOPT PACKING pc=0x000002dfc8c84da0 sp=0x000000e9409f83a0
Event: 287.020 Thread 0x000002dfdb205400 DEOPT UNPACKING pc=0x000002dfc72446a2 sp=0x000000e9409f8328 mode 2
Event: 287.976 Thread 0x000002dfdb205400 Uncommon trap: trap_request=0xffffffde fr.pc=0x000002dfc8c97360 relative=0x0000000000000d60
Event: 287.976 Thread 0x000002dfdb205400 Uncommon trap: reason=class_check action=maybe_recompile pc=0x000002dfc8c97360 method=com.sun.tools.javac.code.Scope$CompoundScope$$Lambda/0x0000000101660000.apply(Ljava/lang/Object;)Ljava/lang/Object; @ 13 c2
Event: 287.976 Thread 0x000002dfdb205400 DEOPT PACKING pc=0x000002dfc8c97360 sp=0x000000e9409f92d0
Event: 287.977 Thread 0x000002dfdb205400 DEOPT UNPACKING pc=0x000002dfc72446a2 sp=0x000000e9409f9288 mode 2
Event: 287.977 Thread 0x000002dfdb205400 Uncommon trap: trap_request=0xffffffde fr.pc=0x000002dfc8c97360 relative=0x0000000000000d60
Event: 287.977 Thread 0x000002dfdb205400 Uncommon trap: reason=class_check action=maybe_recompile pc=0x000002dfc8c97360 method=com.sun.tools.javac.code.Scope$CompoundScope$$Lambda/0x0000000101660000.apply(Ljava/lang/Object;)Ljava/lang/Object; @ 13 c2
Event: 287.977 Thread 0x000002dfdb205400 DEOPT PACKING pc=0x000002dfc8c97360 sp=0x000000e9409f92d0
Event: 287.977 Thread 0x000002dfdb205400 DEOPT UNPACKING pc=0x000002dfc72446a2 sp=0x000000e9409f9288 mode 2
Event: 287.977 Thread 0x000002dfdb205400 Uncommon trap: trap_request=0xffffffde fr.pc=0x000002dfc8c97360 relative=0x0000000000000d60
Event: 287.977 Thread 0x000002dfdb205400 Uncommon trap: reason=class_check action=maybe_recompile pc=0x000002dfc8c97360 method=com.sun.tools.javac.code.Scope$CompoundScope$$Lambda/0x0000000101660000.apply(Ljava/lang/Object;)Ljava/lang/Object; @ 13 c2
Event: 287.977 Thread 0x000002dfdb205400 DEOPT PACKING pc=0x000002dfc8c97360 sp=0x000000e9409f9280
Event: 287.977 Thread 0x000002dfdb205400 DEOPT UNPACKING pc=0x000002dfc72446a2 sp=0x000000e9409f9238 mode 2
Event: 287.977 Thread 0x000002dfdb205400 Uncommon trap: trap_request=0xffffffde fr.pc=0x000002dfc8c97360 relative=0x0000000000000d60
Event: 287.977 Thread 0x000002dfdb205400 Uncommon trap: reason=class_check action=maybe_recompile pc=0x000002dfc8c97360 method=com.sun.tools.javac.code.Scope$CompoundScope$$Lambda/0x0000000101660000.apply(Ljava/lang/Object;)Ljava/lang/Object; @ 13 c2
Event: 287.977 Thread 0x000002dfdb205400 DEOPT PACKING pc=0x000002dfc8c97360 sp=0x000000e9409f9280
Event: 287.977 Thread 0x000002dfdb205400 DEOPT UNPACKING pc=0x000002dfc72446a2 sp=0x000000e9409f9238 mode 2

Classes loaded (20 events):
Event: 282.359 Loading class sun/nio/ch/Util$4
Event: 282.364 Loading class sun/nio/ch/Util$4 done
Event: 285.087 Loading class java/util/function/ToIntBiFunction
Event: 285.094 Loading class java/util/function/ToIntBiFunction done
Event: 286.476 Loading class java/lang/runtime/ObjectMethods
Event: 286.478 Loading class java/lang/runtime/ObjectMethods done
Event: 286.485 Loading class java/lang/invoke/MethodHandleImpl$Makers
Event: 286.485 Loading class java/lang/invoke/MethodHandleImpl$Makers done
Event: 286.485 Loading class java/lang/invoke/MethodHandleImpl$Makers$1
Event: 286.486 Loading class java/lang/invoke/MethodHandleImpl$Makers$1 done
Event: 286.486 Loading class java/lang/invoke/MethodHandleImpl$Makers$2
Event: 286.487 Loading class java/lang/invoke/MethodHandleImpl$Makers$2 done
Event: 286.487 Loading class java/lang/invoke/MethodHandleImpl$Makers$3
Event: 286.487 Loading class java/lang/invoke/MethodHandleImpl$Makers$3 done
Event: 286.493 Loading class java/lang/invoke/BoundMethodHandle$Species_I
Event: 286.494 Loading class java/lang/invoke/BoundMethodHandle$Species_I done
Event: 286.496 Loading class java/lang/runtime/ObjectMethods$1
Event: 286.496 Loading class java/lang/runtime/ObjectMethods$1 done
Event: 286.508 Loading class java/lang/invoke/DirectMethodHandle$1
Event: 286.508 Loading class java/lang/invoke/DirectMethodHandle$1 done

Classes unloaded (0 events):
No events

Classes redefined (0 events):
No events

Internal exceptions (20 events):
Event: 286.503 Thread 0x000002dfdb205400 Exception <a 'java/lang/NoSuchMethodError'{0x00000000cb203bc0}: 'int java.lang.invoke.DirectMethodHandle$Holder.invokeStaticInit(java.lang.Object, long, long)'> (0x00000000cb203bc0) 
thrown [s\src\hotspot\share\interpreter\linkResolver.cpp, line 784]
Event: 286.504 Thread 0x000002dfdb205400 Exception <a 'java/lang/NoSuchMethodError'{0x00000000cb20b800}: 'int java.lang.invoke.DirectMethodHandle$Holder.invokeStaticInit(java.lang.Object, float, float)'> (0x00000000cb20b800) 
thrown [s\src\hotspot\share\interpreter\linkResolver.cpp, line 784]
Event: 286.505 Thread 0x000002dfdb205400 Exception <a 'java/lang/NoSuchMethodError'{0x00000000cb213438}: 'int java.lang.invoke.DirectMethodHandle$Holder.invokeStaticInit(java.lang.Object, double, double)'> (0x00000000cb213438) 
thrown [s\src\hotspot\share\interpreter\linkResolver.cpp, line 784]
Event: 286.509 Thread 0x000002dfdb205400 Exception <a 'java/lang/NoSuchMethodError'{0x00000000cb2264d0}: 'int java.lang.invoke.DirectMethodHandle$Holder.invokeSpecial(java.lang.Object, java.lang.Object, int, int)'> (0x00000000cb2264d0) 
thrown [s\src\hotspot\share\interpreter\linkResolver.cpp, line 784]
Event: 286.510 Thread 0x000002dfdb205400 Exception <a 'java/lang/NoSuchMethodError'{0x00000000cb235320}: 'int java.lang.invoke.Invokers$Holder.linkToTargetMethod(java.lang.Object, java.lang.Object)'> (0x00000000cb235320) 
thrown [s\src\hotspot\share\interpreter\linkResolver.cpp, line 784]
Event: 286.519 Thread 0x000002dfdb205400 Exception <a 'sun/nio/fs/WindowsException'{0x00000000cb24a260}> (0x00000000cb24a260) 
thrown [s\src\hotspot\share\prims\jni.cpp, line 535]
Event: 286.519 Thread 0x000002dfdb205400 Exception <a 'sun/nio/fs/WindowsException'{0x00000000cb24b7c8}> (0x00000000cb24b7c8) 
thrown [s\src\hotspot\share\prims\jni.cpp, line 535]
Event: 286.544 Thread 0x000002dfdb205400 Exception <a 'sun/nio/fs/WindowsException'{0x00000000cb266db0}> (0x00000000cb266db0) 
thrown [s\src\hotspot\share\prims\jni.cpp, line 535]
Event: 287.043 Thread 0x000002dfdb205400 Exception <a 'sun/nio/fs/WindowsException'{0x00000000cb07d718}> (0x00000000cb07d718) 
thrown [s\src\hotspot\share\prims\jni.cpp, line 535]
Event: 287.107 Thread 0x000002dfdb205400 Exception <a 'sun/nio/fs/WindowsException'{0x00000000cb0b2318}> (0x00000000cb0b2318) 
thrown [s\src\hotspot\share\prims\jni.cpp, line 535]
Event: 287.176 Thread 0x000002dfdb205400 Exception <a 'sun/nio/fs/WindowsException'{0x00000000caf01318}> (0x00000000caf01318) 
thrown [s\src\hotspot\share\prims\jni.cpp, line 535]
Event: 287.176 Thread 0x000002dfdb205400 Exception <a 'sun/nio/fs/WindowsException'{0x00000000caf02880}> (0x00000000caf02880) 
thrown [s\src\hotspot\share\prims\jni.cpp, line 535]
Event: 287.198 Thread 0x000002dfdb205400 Exception <a 'sun/nio/fs/WindowsException'{0x00000000caf2e388}> (0x00000000caf2e388) 
thrown [s\src\hotspot\share\prims\jni.cpp, line 535]
Event: 287.232 Thread 0x000002dfdb205400 Exception <a 'sun/nio/fs/WindowsException'{0x00000000caf53af0}> (0x00000000caf53af0) 
thrown [s\src\hotspot\share\prims\jni.cpp, line 535]
Event: 287.308 Thread 0x000002dfdb205400 Exception <a 'sun/nio/fs/WindowsException'{0x00000000caf7f900}> (0x00000000caf7f900) 
thrown [s\src\hotspot\share\prims\jni.cpp, line 535]
Event: 287.500 Thread 0x000002dfdb205400 Exception <a 'sun/nio/fs/WindowsException'{0x00000000cafcf378}> (0x00000000cafcf378) 
thrown [s\src\hotspot\share\prims\jni.cpp, line 535]
Event: 287.500 Thread 0x000002dfdb205400 Exception <a 'sun/nio/fs/WindowsException'{0x00000000cafd08c0}> (0x00000000cafd08c0) 
thrown [s\src\hotspot\share\prims\jni.cpp, line 535]
Event: 287.610 Thread 0x000002dfdb205400 Exception <a 'sun/nio/fs/WindowsException'{0x00000000cafff078}> (0x00000000cafff078) 
thrown [s\src\hotspot\share\prims\jni.cpp, line 535]
Event: 287.982 Thread 0x000002dfdb205400 Exception <a 'sun/nio/fs/WindowsException'{0x00000000cae322b0}> (0x00000000cae322b0) 
thrown [s\src\hotspot\share\prims\jni.cpp, line 535]
Event: 287.985 Thread 0x000002dfdb205400 Exception <a 'java/io/IOException'{0x00000000cae393e8}> (0x00000000cae393e8) 
thrown [s\src\hotspot\share\prims\jni.cpp, line 535]

ZGC Phase Switch (0 events):
No events

VM Operations (20 events):
Event: 285.297 Executing VM operation: ICBufferFull
Event: 285.297 Executing VM operation: ICBufferFull done
Event: 285.770 Executing VM operation: ICBufferFull
Event: 285.770 Executing VM operation: ICBufferFull done
Event: 285.923 Executing VM operation: HandshakeAllThreads (Deoptimize)
Event: 285.923 Executing VM operation: HandshakeAllThreads (Deoptimize) done
Event: 285.991 Executing VM operation: HandshakeAllThreads (Deoptimize)
Event: 285.992 Executing VM operation: HandshakeAllThreads (Deoptimize) done
Event: 285.997 Executing VM operation: HandshakeAllThreads (Deoptimize)
Event: 285.997 Executing VM operation: HandshakeAllThreads (Deoptimize) done
Event: 286.053 Executing VM operation: ICBufferFull
Event: 286.053 Executing VM operation: ICBufferFull done
Event: 286.324 Executing VM operation: ICBufferFull
Event: 286.324 Executing VM operation: ICBufferFull done
Event: 286.472 Executing VM operation: HandshakeAllThreads (Deoptimize)
Event: 286.473 Executing VM operation: HandshakeAllThreads (Deoptimize) done
Event: 286.714 Executing VM operation: ICBufferFull
Event: 286.714 Executing VM operation: ICBufferFull done
Event: 287.727 Executing VM operation: Cleanup
Event: 287.728 Executing VM operation: Cleanup done

Memory protections (0 events):
No events

Nmethod flushes (20 events):
Event: 214.154 Thread 0x000002dfd34e0640 flushing  nmethod 0x000002dfc1e86c10
Event: 214.154 Thread 0x000002dfd34e0640 flushing  nmethod 0x000002dfc1e87510
Event: 214.154 Thread 0x000002dfd34e0640 flushing  nmethod 0x000002dfc1e88190
Event: 214.154 Thread 0x000002dfd34e0640 flushing  nmethod 0x000002dfc1e88c90
Event: 214.154 Thread 0x000002dfd34e0640 flushing  nmethod 0x000002dfc1e8de90
Event: 214.154 Thread 0x000002dfd34e0640 flushing  nmethod 0x000002dfc1e8f290
Event: 214.154 Thread 0x000002dfd34e0640 flushing  nmethod 0x000002dfc1e91f10
Event: 214.154 Thread 0x000002dfd34e0640 flushing  nmethod 0x000002dfc1eb3410
Event: 214.154 Thread 0x000002dfd34e0640 flushing  nmethod 0x000002dfc1eb4b10
Event: 214.154 Thread 0x000002dfd34e0640 flushing  nmethod 0x000002dfc1eb4f90
Event: 214.154 Thread 0x000002dfd34e0640 flushing  nmethod 0x000002dfc1eb5f90
Event: 214.154 Thread 0x000002dfd34e0640 flushing  nmethod 0x000002dfc1eb7590
Event: 214.154 Thread 0x000002dfd34e0640 flushing  nmethod 0x000002dfc1ec2590
Event: 214.154 Thread 0x000002dfd34e0640 flushing  nmethod 0x000002dfc1ec3890
Event: 214.154 Thread 0x000002dfd34e0640 flushing  nmethod 0x000002dfc1ef1110
Event: 214.154 Thread 0x000002dfd34e0640 flushing  nmethod 0x000002dfc1ef1910
Event: 214.154 Thread 0x000002dfd34e0640 flushing  nmethod 0x000002dfc1f10d10
Event: 214.154 Thread 0x000002dfd34e0640 flushing  nmethod 0x000002dfc1f17690
Event: 214.154 Thread 0x000002dfd34e0640 flushing  nmethod 0x000002dfc1f18e10
Event: 214.154 Thread 0x000002dfd34e0640 flushing osr nmethod 0x000002dfc1f1bb90

Events (20 events):
Event: 140.887 Thread 0x000002dfdca62020 Thread added: 0x000002dfe250a0d0
Event: 144.503 Thread 0x000002dfdca64e10 Thread added: 0x000002dfe250d550
Event: 147.888 Thread 0x000002dfe250a0d0 Thread added: 0x000002dfe250e900
Event: 148.029 Thread 0x000002dfe250a0d0 Thread added: 0x000002dfe30fc750
Event: 151.779 Thread 0x000002dfe2568030 Thread exited: 0x000002dfe2568030
Event: 151.965 Thread 0x000002dfdca5f230 Thread exited: 0x000002dfdca5f230
Event: 199.091 Thread 0x000002dfe30fc750 Thread exited: 0x000002dfe30fc750
Event: 199.107 Thread 0x000002dfe250e900 Thread exited: 0x000002dfe250e900
Event: 203.599 Thread 0x000002dfe250a0d0 Thread exited: 0x000002dfe250a0d0
Event: 203.604 Thread 0x000002dfdca62020 Thread added: 0x000002dfe3651330
Event: 206.577 Thread 0x000002dfe3651330 Thread exited: 0x000002dfe3651330
Event: 211.432 Thread 0x000002dfdb205400 Thread added: 0x000002dfe364f8f0
Event: 214.471 Thread 0x000002dfe2510340 Thread exited: 0x000002dfe2510340
Event: 216.630 Thread 0x000002dfdca61990 Thread exited: 0x000002dfdca61990
Event: 221.106 Loaded shared library C:\Users\HP\AppData\Local\Temp\sqlite-3.41.2.2-7002f403-687d-4b90-8ab3-778f1ba3711c-sqlitejdbc.dll
Event: 226.547 Thread 0x000002dfdb205400 Thread added: 0x000002dfebef5710
Event: 226.945 Thread 0x000002dfe30fc0c0 Thread added: 0x000002dfebefb2f0
Event: 226.998 Thread 0x000002dfdca64e10 Thread added: 0x000002dfebef9f40
Event: 279.666 Thread 0x000002dfdb205400 Thread added: 0x000002dfebefcd30
Event: 279.919 Thread 0x000002dfdb205400 Thread added: 0x000002dfebefd3c0


Dynamic libraries:
0x00007ff6be310000 - 0x00007ff6be31a000 	D:\COOLYEAH\Lain Lain\Android Studio\jbr\bin\java.exe
0x00007ff9db090000 - 0x00007ff9db2a7000 	C:\WINDOWS\SYSTEM32\ntdll.dll
0x00007ff9d99a0000 - 0x00007ff9d9a64000 	C:\WINDOWS\System32\KERNEL32.DLL
0x00007ff9d8180000 - 0x00007ff9d8552000 	C:\WINDOWS\System32\KERNELBASE.dll
0x00007ff9d8620000 - 0x00007ff9d8731000 	C:\WINDOWS\System32\ucrtbase.dll
0x00007ff9a8d20000 - 0x00007ff9a8d38000 	D:\COOLYEAH\Lain Lain\Android Studio\jbr\bin\jli.dll
0x00007ff9da5a0000 - 0x00007ff9da751000 	C:\WINDOWS\System32\USER32.dll
0x00007ff9d8740000 - 0x00007ff9d8766000 	C:\WINDOWS\System32\win32u.dll
0x00007ff9da170000 - 0x00007ff9da199000 	C:\WINDOWS\System32\GDI32.dll
0x00007ff9d8bf0000 - 0x00007ff9d8d13000 	C:\WINDOWS\System32\gdi32full.dll
0x00007ff9d8770000 - 0x00007ff9d880a000 	C:\WINDOWS\System32\msvcp_win.dll
0x00007ff9b8490000 - 0x00007ff9b84ab000 	D:\COOLYEAH\Lain Lain\Android Studio\jbr\bin\VCRUNTIME140.dll
0x00007ff9bd500000 - 0x00007ff9bd79b000 	C:\WINDOWS\WinSxS\amd64_microsoft.windows.common-controls_6595b64144ccf1df_6.0.22621.5697_none_27154c497380d676\COMCTL32.dll
0x00007ff9d97d0000 - 0x00007ff9d9877000 	C:\WINDOWS\System32\msvcrt.dll
0x00007ff9da880000 - 0x00007ff9da8b1000 	C:\WINDOWS\System32\IMM32.DLL
0x00007ff9cd010000 - 0x00007ff9cd01c000 	D:\COOLYEAH\Lain Lain\Android Studio\jbr\bin\vcruntime140_1.dll
0x00007ff9a1e20000 - 0x00007ff9a1ead000 	D:\COOLYEAH\Lain Lain\Android Studio\jbr\bin\msvcp140.dll
0x00007ff9370d0000 - 0x00007ff937d5a000 	D:\COOLYEAH\Lain Lain\Android Studio\jbr\bin\server\jvm.dll
0x00007ff9d98e0000 - 0x00007ff9d9991000 	C:\WINDOWS\System32\ADVAPI32.dll
0x00007ff9da9b0000 - 0x00007ff9daa58000 	C:\WINDOWS\System32\sechost.dll
0x00007ff9d8810000 - 0x00007ff9d8838000 	C:\WINDOWS\System32\bcrypt.dll
0x00007ff9da760000 - 0x00007ff9da877000 	C:\WINDOWS\System32\RPCRT4.dll
0x00007ff9d9640000 - 0x00007ff9d96b1000 	C:\WINDOWS\System32\WS2_32.dll
0x00007ff9d8050000 - 0x00007ff9d809d000 	C:\WINDOWS\SYSTEM32\POWRPROF.dll
0x00007ff9d26a0000 - 0x00007ff9d26d4000 	C:\WINDOWS\SYSTEM32\WINMM.dll
0x00007ff9d0db0000 - 0x00007ff9d0dba000 	C:\WINDOWS\SYSTEM32\VERSION.dll
0x00007ff9d8030000 - 0x00007ff9d8043000 	C:\WINDOWS\SYSTEM32\UMPDC.dll
0x00007ff9d7130000 - 0x00007ff9d7148000 	C:\WINDOWS\SYSTEM32\kernel.appcore.dll
0x00007ff9c8ca0000 - 0x00007ff9c8caa000 	D:\COOLYEAH\Lain Lain\Android Studio\jbr\bin\jimage.dll
0x00007ff9cffc0000 - 0x00007ff9d01f3000 	C:\WINDOWS\SYSTEM32\DBGHELP.DLL
0x00007ff9d9a70000 - 0x00007ff9d9e02000 	C:\WINDOWS\System32\combase.dll
0x00007ff9da8d0000 - 0x00007ff9da9a8000 	C:\WINDOWS\System32\OLEAUT32.dll
0x00007ff9ccb90000 - 0x00007ff9ccbc2000 	C:\WINDOWS\SYSTEM32\dbgcore.DLL
0x00007ff9d89b0000 - 0x00007ff9d8a2b000 	C:\WINDOWS\System32\bcryptPrimitives.dll
0x00007ff9b1190000 - 0x00007ff9b119e000 	D:\COOLYEAH\Lain Lain\Android Studio\jbr\bin\instrument.dll
0x00007ff9b82e0000 - 0x00007ff9b8300000 	D:\COOLYEAH\Lain Lain\Android Studio\jbr\bin\java.dll
0x00007ff9b7900000 - 0x00007ff9b7918000 	D:\COOLYEAH\Lain Lain\Android Studio\jbr\bin\zip.dll
0x00007ff9d8d90000 - 0x00007ff9d9631000 	C:\WINDOWS\System32\SHELL32.dll
0x00007ff9d8a30000 - 0x00007ff9d8b6f000 	C:\WINDOWS\System32\wintypes.dll
0x00007ff9d6010000 - 0x00007ff9d692a000 	C:\WINDOWS\SYSTEM32\windows.storage.dll
0x00007ff9d96c0000 - 0x00007ff9d97cb000 	C:\WINDOWS\System32\SHCORE.dll
0x00007ff9d8d20000 - 0x00007ff9d8d89000 	C:\WINDOWS\System32\shlwapi.dll
0x00007ff9d80b0000 - 0x00007ff9d80db000 	C:\WINDOWS\SYSTEM32\profapi.dll
0x00007ff9c8b30000 - 0x00007ff9c8b40000 	D:\COOLYEAH\Lain Lain\Android Studio\jbr\bin\net.dll
0x00007ff9d2460000 - 0x00007ff9d258c000 	C:\WINDOWS\SYSTEM32\WINHTTP.dll
0x00007ff9d7610000 - 0x00007ff9d7679000 	C:\WINDOWS\system32\mswsock.dll
0x00007ff9b78e0000 - 0x00007ff9b78f6000 	D:\COOLYEAH\Lain Lain\Android Studio\jbr\bin\nio.dll
0x00007ff9bc450000 - 0x00007ff9bc460000 	D:\COOLYEAH\Lain Lain\Android Studio\jbr\bin\verify.dll
0x00007ff9a1eb0000 - 0x00007ff9a1ed7000 	C:\Users\HP\.gradle\native\c067742578af261105cb4f569cf0c3c89f3d7b1fecec35dd04571415982c5e48\windows-amd64\native-platform.dll
0x00007ff99d920000 - 0x00007ff99da64000 	C:\Users\HP\.gradle\native\100fb08df4bc3b14c8652ba06237920a3bd2aa13389f12d3474272988ae205f9\windows-amd64\native-platform-file-events.dll
0x00007ff9c3540000 - 0x00007ff9c3549000 	D:\COOLYEAH\Lain Lain\Android Studio\jbr\bin\management.dll
0x00007ff9be1e0000 - 0x00007ff9be1eb000 	D:\COOLYEAH\Lain Lain\Android Studio\jbr\bin\management_ext.dll
0x00007ff9da390000 - 0x00007ff9da398000 	C:\WINDOWS\System32\PSAPI.DLL
0x00007ff9d7890000 - 0x00007ff9d78ab000 	C:\WINDOWS\SYSTEM32\CRYPTSP.dll
0x00007ff9d7090000 - 0x00007ff9d70c7000 	C:\WINDOWS\system32\rsaenh.dll
0x00007ff9d7720000 - 0x00007ff9d7748000 	C:\WINDOWS\SYSTEM32\USERENV.dll
0x00007ff9d7880000 - 0x00007ff9d788c000 	C:\WINDOWS\SYSTEM32\CRYPTBASE.dll
0x00007ff9d6bd0000 - 0x00007ff9d6bfd000 	C:\WINDOWS\SYSTEM32\IPHLPAPI.DLL
0x00007ff9da3a0000 - 0x00007ff9da3a9000 	C:\WINDOWS\System32\NSI.dll
0x00007ff9c6f90000 - 0x00007ff9c6f99000 	D:\COOLYEAH\Lain Lain\Android Studio\jbr\bin\extnet.dll
0x00007ff961350000 - 0x00007ff961358000 	C:\WINDOWS\system32\wshunix.dll
0x00007ff9d6c00000 - 0x00007ff9d6cf8000 	C:\WINDOWS\SYSTEM32\DNSAPI.dll
0x00007ff9c69e0000 - 0x00007ff9c69ea000 	C:\Windows\System32\rasadhlp.dll
0x00007ff9cf5d0000 - 0x00007ff9cf654000 	C:\WINDOWS\System32\fwpuclnt.dll
0x00007ff9b6e60000 - 0x00007ff9b6e67000 	D:\COOLYEAH\Lain Lain\Android Studio\jbr\bin\rmi.dll
0x00007ff9d7240000 - 0x00007ff9d7274000 	C:\WINDOWS\SYSTEM32\ntmarta.dll
0x00007ff9b7c90000 - 0x00007ff9b7d79000 	C:\Users\HP\AppData\Local\Temp\sqlite-3.41.2.2-7002f403-687d-4b90-8ab3-778f1ba3711c-sqlitejdbc.dll

dbghelp: loaded successfully - version: 4.0.5 - missing functions: none
symbol engine: initialized successfully - sym options: 0x614 - pdb path: .;D:\COOLYEAH\Lain Lain\Android Studio\jbr\bin;C:\WINDOWS\SYSTEM32;C:\WINDOWS\WinSxS\amd64_microsoft.windows.common-controls_6595b64144ccf1df_6.0.22621.5697_none_27154c497380d676;D:\COOLYEAH\Lain Lain\Android Studio\jbr\bin\server;C:\Users\HP\.gradle\native\c067742578af261105cb4f569cf0c3c89f3d7b1fecec35dd04571415982c5e48\windows-amd64;C:\Users\HP\.gradle\native\100fb08df4bc3b14c8652ba06237920a3bd2aa13389f12d3474272988ae205f9\windows-amd64;C:\Users\HP\AppData\Local\Temp

VM Arguments:
jvm_args: --add-opens=java.base/java.util=ALL-UNNAMED --add-opens=java.base/java.lang=ALL-UNNAMED --add-opens=java.base/java.lang.invoke=ALL-UNNAMED --add-opens=java.prefs/java.util.prefs=ALL-UNNAMED --add-exports=jdk.compiler/com.sun.tools.javac.api=ALL-UNNAMED --add-exports=jdk.compiler/com.sun.tools.javac.util=ALL-UNNAMED --add-opens=java.base/java.nio.charset=ALL-UNNAMED --add-opens=java.base/java.net=ALL-UNNAMED --add-opens=java.base/java.util.concurrent.atomic=ALL-UNNAMED -Xmx2048m -Dfile.encoding=UTF-8 -Duser.country=ID -Duser.language=en -Duser.variant -javaagent:C:\Users\HP\.gradle\wrapper\dists\gradle-8.9-bin\90cnw93cvbtalezasaz0blq0a\gradle-8.9\lib\agents\gradle-instrumentation-agent-8.9.jar 
java_command: org.gradle.launcher.daemon.bootstrap.GradleDaemon 8.9
java_class_path (initial): C:\Users\HP\.gradle\wrapper\dists\gradle-8.9-bin\90cnw93cvbtalezasaz0blq0a\gradle-8.9\lib\gradle-daemon-main-8.9.jar
Launcher Type: SUN_STANDARD

[Global flags]
     intx CICompilerCount                          = 2                                         {product} {ergonomic}
     uint ConcGCThreads                            = 1                                         {product} {ergonomic}
     uint G1ConcRefinementThreads                  = 2                                         {product} {ergonomic}
   size_t G1HeapRegionSize                         = 1048576                                   {product} {ergonomic}
    uintx GCDrainStackTargetSize                   = 64                                        {product} {ergonomic}
   size_t InitialHeapSize                          = 100663296                                 {product} {ergonomic}
   size_t MarkStackSize                            = 4194304                                   {product} {ergonomic}
   size_t MaxHeapSize                              = 2147483648                                {product} {command line}
   size_t MaxNewSize                               = 1287651328                                {product} {ergonomic}
   size_t MinHeapDeltaBytes                        = 1048576                                   {product} {ergonomic}
   size_t MinHeapSize                              = 8388608                                   {product} {ergonomic}
    uintx NonNMethodCodeHeapSize                   = 5826188                                {pd product} {ergonomic}
    uintx NonProfiledCodeHeapSize                  = 122916026                              {pd product} {ergonomic}
    uintx ProfiledCodeHeapSize                     = 122916026                              {pd product} {ergonomic}
    uintx ReservedCodeCacheSize                    = 251658240                              {pd product} {ergonomic}
     bool SegmentedCodeCache                       = true                                      {product} {ergonomic}
   size_t SoftMaxHeapSize                          = 2147483648                             {manageable} {ergonomic}
     bool UseCompressedOops                        = true                           {product lp64_product} {ergonomic}
     bool UseG1GC                                  = true                                      {product} {ergonomic}
     bool UseLargePagesIndividualAllocation        = false                                  {pd product} {ergonomic}

Logging:
Log output configuration:
 #0: stdout all=warning uptime,level,tags foldmultilines=false
 #1: stderr all=off uptime,level,tags foldmultilines=false

Environment Variables:
JAVA_HOME=C:\Program Files\Java\jdk-17
PATH=C:\Program Files\Common Files\Oracle\Java\javapath;C:\Python312\Scripts\;C:\Python312\;D:\app\HP\product\11.2.0\dbhome_1\bin;C:\Program Files (x86)\NVIDIA Corporation\PhysX\Common;C:\Program Files (x86)\Common Files\Oracle\Java\javapath;C:\windows\system32;C:\windows;C:\windows\System32\Wbem;C:\windows\System32\WindowsPowerShell\v1.0\;C:\windows\System32\OpenSSH\;C:\WINDOWS\system32;C:\WINDOWS;C:\WINDOWS\System32\Wbem;C:\WINDOWS\System32\WindowsPowerShell\v1.0\;C:\WINDOWS\System32\OpenSSH\;C:\Program Files\Go\bin;C:\Program Files\dotnet\;C:\xampp\php;C:\ProgramData\ComposerSetup\bin;C:\ProgramData\chocolatey\bin;C:\Program Files\Microsoft SQL Server\150\Tools\Binn\;D:\COOLYEAH\Git\cmd;C:\Program Files\HP\HP One Agent;D:\COOLYEAH\Composer\sqlite3;C:\Program Files\nodejs\;C:\Program Files\Java\jdk-17\bin;D:\COOLYEAH\KP\kotlin-compiler-2.1.20\kotlinc\bin;D:\COOLYEAH\Semester 6\PPL\platform-tools-latest-windows\platform-tools;D:\Games\apache-maven-3.9.9-bin\apache-maven-3.9.9\bin;C:\Program Files (x86)\dotnet\;C:\Program Files\Docker\Docker\resources\bin;C:\Users\HP\AppData\Local\Microsoft\WindowsApps;C:\Users\HP\AppData\Local\Programs\Microsoft VS Code\bin;C:\Users\HP\go\bin;C:\MinGW\bin;C:\Program Files\CodeBlocks\MinGW\bin;C:\Program Files\JetBrains\IntelliJ IDEA 2023.2.2\bin;;D:\Flutter\flutter\bin;C:\Users\HP\AppData\Roaming\Composer\vendor\bin;C:\Program Files\nodejs;C:\Users\HP\AppData\Roaming\npm;C:\Users\HP\AppData\Local\GitHubDesktop\bin;D:\COOLYEAH\Semester 5\MobPro\Flutter\flutter\bin;C:\Users\HP\AppData\Roaming\npm;D:\COOLYEAH\Semester 6\Proting 3\dart-sdk\bin;C:\Program Files\Java\jdk-17;C:\Program Files\Java\jdk-17\bin;C:\Python312\Scripts;
USERNAME=HP
OS=Windows_NT
PROCESSOR_IDENTIFIER=AMD64 Family 23 Model 24 Stepping 1, AuthenticAMD
TMP=C:\Users\HP\AppData\Local\Temp
TEMP=C:\Users\HP\AppData\Local\Temp




Periodic native trim disabled

JNI global refs:
JNI global refs: 26, weak refs: 10

JNI global refs memory usage: 835, weak refs: 833

Process memory usage:
Resident Set Size: 1215080K (19% of 6200968K total physical memory with 328588K free physical memory)

OOME stack traces (most recent first):
Classloader memory used:
Loader org.gradle.internal.classloader.VisitableURLClassLoader$InstrumentingVisitableURLClassLoader: 58012K
Loader org.gradle.internal.classloader.VisitableURLClassLoader                         : 44952K
Loader bootstrap                                                                       : 37891K
Loader java.net.URLClassLoader                                                         : 24425K
Loader org.gradle.initialization.MixInLegacyTypesClassLoader                           : 13866K
Loader jdk.internal.loader.ClassLoaders$AppClassLoader                                 : 10154K
Loader jdk.internal.loader.ClassLoaders$PlatformClassLoader                            : 1302K
Loader jdk.internal.reflect.DelegatingClassLoader                                      : 853K
Loader org.gradle.internal.classloader.VisitableURLClassLoader                         : 351K
Loader jdk.internal.jrtfs.JrtFileSystemProvider$JrtFsLoader                            : 298K
Loader sun.reflect.misc.MethodUtil                                                     : 2952B

Classes loaded by more than one classloader:
Class Program                                                                         : loaded 5 times (x 68B)
Class kotlin.UninitializedPropertyAccessException                                     : loaded 4 times (x 78B)
Class kotlin.LazyKt__LazyJVMKt                                                        : loaded 4 times (x 67B)
Class kotlin.SynchronizedLazyImpl                                                     : loaded 4 times (x 72B)
Class kotlin.LazyKt__LazyKt                                                           : loaded 4 times (x 67B)
Class kotlin.UNINITIALIZED_VALUE                                                      : loaded 4 times (x 67B)
Class kotlin.Function                                                                 : loaded 4 times (x 66B)
Class kotlin.jvm.functions.Function0                                                  : loaded 4 times (x 66B)
Class kotlin.jvm.functions.Function1                                                  : loaded 4 times (x 66B)
Class kotlin.jvm.internal.Intrinsics                                                  : loaded 4 times (x 67B)
Class kotlin.KotlinNullPointerException                                               : loaded 4 times (x 79B)
Class kotlin.LazyKt                                                                   : loaded 4 times (x 67B)
Class kotlin.Lazy                                                                     : loaded 4 times (x 66B)
Class kotlin.NoWhenBranchMatchedException                                             : loaded 4 times (x 78B)
Class kotlin.sequences.SequencesKt__SequenceBuilderKt                                 : loaded 3 times (x 67B)
Class com.google.common.base.CharMatcher$IsEither                                     : loaded 3 times (x 107B)
Class com.google.common.collect.ImmutableSet$EmptySetBuilderImpl                      : loaded 3 times (x 72B)
Class com.google.common.collect.ImmutableMultimap$Builder                             : loaded 3 times (x 79B)
Class Build_gradle                                                                    : loaded 3 times (x 126B)
Class kotlin.jvm.internal.markers.KMappedMarker                                       : loaded 3 times (x 66B)
Class com.google.common.collect.ImmutableSet$Builder                                  : loaded 3 times (x 81B)
Class kotlin.collections.CollectionsKt__ReversedViewsKt                               : loaded 3 times (x 67B)
Class com.google.common.collect.SetMultimap                                           : loaded 3 times (x 66B)
Class com.google.common.base.CharMatcher$InRange                                      : loaded 3 times (x 107B)
Class com.google.common.collect.Maps$BiMapConverter                                   : loaded 3 times (x 86B)
Class com.google.common.collect.ImmutableMapEntrySet$RegularEntrySet                  : loaded 3 times (x 148B)
Class kotlin.sequences.FilteringSequence$iterator$1                                   : loaded 3 times (x 75B)
Class com.google.common.collect.ImmutableList                                         : loaded 3 times (x 202B)
Class kotlin.text.StringsKt__StringBuilderKt                                          : loaded 3 times (x 67B)
Class com.google.common.collect.AbstractMapBasedMultimap$WrappedCollection            : loaded 3 times (x 120B)
Class com.google.common.collect.ImmutableEnumSet                                      : loaded 3 times (x 142B)
Class kotlin.collections.ArraysKt__ArraysJVMKt                                        : loaded 3 times (x 67B)
Class com.google.common.base.Joiner$2                                                 : loaded 3 times (x 75B)
Class com.google.common.base.CharMatcher$1                                            : loaded 3 times (x 109B)
Class com.google.common.collect.ImmutableList$1                                       : loaded 3 times (x 93B)
Class com.google.common.base.CharMatcher$NamedFastMatcher                             : loaded 3 times (x 108B)
Class com.google.common.collect.Maps$IteratorBasedAbstractMap                         : loaded 3 times (x 121B)
Class kotlin.collections.SetsKt__SetsKt                                               : loaded 3 times (x 67B)
Class com.google.common.collect.PeekingIterator                                       : loaded 3 times (x 66B)
Class com.google.common.base.Joiner$1                                                 : loaded 3 times (x 76B)
Class com.google.common.base.CharMatcher                                              : loaded 3 times (x 107B)
Class com.google.common.collect.RegularImmutableMap                                   : loaded 3 times (x 117B)
Class com.google.common.collect.ImmutableMap$MapViewOfValuesAsSingletonSets           : loaded 3 times (x 122B)
Class com.google.common.collect.ImmutableSetMultimap                                  : loaded 3 times (x 176B)
Class com.google.common.collect.Maps$EntrySet                                         : loaded 3 times (x 132B)
Class kotlin.collections.ArraysKt                                                     : loaded 3 times (x 67B)
Class kotlin.text.CharsKt__CharKt                                                     : loaded 3 times (x 67B)
Class com.google.common.base.Preconditions                                            : loaded 3 times (x 67B)
Class com.google.common.collect.Hashing                                               : loaded 3 times (x 67B)
Class com.google.common.collect.UnmodifiableListIterator                              : loaded 3 times (x 91B)
Class com.google.common.base.Equivalence$Equals                                       : loaded 3 times (x 78B)
Class com.google.common.base.PatternCompiler                                          : loaded 3 times (x 66B)
Class kotlin.ranges.RangesKt___RangesKt                                               : loaded 3 times (x 67B)
Class com.google.common.collect.RegularImmutableBiMap                                 : loaded 3 times (x 145B)
Class com.google.common.base.CharMatcher$Is                                           : loaded 3 times (x 107B)
Class com.google.common.base.CharMatcher$Negated                                      : loaded 3 times (x 109B)
Class com.google.common.base.Platform$JdkPatternCompiler                              : loaded 3 times (x 71B)
Class com.google.common.collect.ImmutableMultimap$2                                   : loaded 3 times (x 77B)
Class com.google.common.collect.ImmutableMultimap$1                                   : loaded 3 times (x 78B)
Class com.google.common.base.Suppliers                                                : loaded 3 times (x 67B)
Class com.google.common.collect.ImmutableMultimap$EntryCollection                     : loaded 3 times (x 124B)
Class kotlin.collections.CollectionsKt__IterablesKt                                   : loaded 3 times (x 67B)
Class kotlin.collections.MapsKt                                                       : loaded 3 times (x 67B)
Class com.google.common.base.Suppliers$NonSerializableMemoizingSupplier               : loaded 3 times (x 75B)
Class com.google.common.collect.RegularImmutableMap$BucketOverflowException           : loaded 3 times (x 78B)
Class kotlin.collections.EmptyMap                                                     : loaded 3 times (x 105B)
Class com.google.common.collect.ImmutableSet$SetBuilderImpl                           : loaded 3 times (x 72B)
Class kotlin.sequences.SequencesKt___SequencesKt                                      : loaded 3 times (x 67B)
Class com.google.common.collect.ImmutableSet$RegularSetBuilderImpl                    : loaded 3 times (x 73B)
Class kotlin.collections.AbstractList$Companion                                       : loaded 3 times (x 67B)
Class com.google.common.collect.ImmutableMapKeySet                                    : loaded 3 times (x 148B)
Class kotlin.collections.CollectionsKt__MutableCollectionsJVMKt                       : loaded 3 times (x 67B)
Class kotlin.enums.EnumEntriesKt                                                      : loaded 3 times (x 67B)
Class kotlin.text.StringsKt___StringsKt                                               : loaded 3 times (x 67B)
Class kotlin.collections.MapsKt__MapWithDefaultKt                                     : loaded 3 times (x 67B)
Class kotlin.collections.MapsKt___MapsKt                                              : loaded 3 times (x 67B)
Class kotlin.collections.ArraysKt___ArraysKt                                          : loaded 3 times (x 67B)
Class [Lcom.google.common.collect.ImmutableMapEntry;                                  : loaded 3 times (x 65B)
Class com.google.common.collect.SortedMapDifference                                   : loaded 3 times (x 66B)
Class kotlin.text.StringsKt___StringsJvmKt                                            : loaded 3 times (x 67B)
Class com.google.common.base.Suppliers$MemoizingSupplier                              : loaded 3 times (x 75B)
Class kotlin.annotation.Retention                                                     : loaded 3 times (x 66B)
Class com.google.common.collect.CollectPreconditions                                  : loaded 3 times (x 67B)
Class kotlin.collections.CollectionsKt___CollectionsKt                                : loaded 3 times (x 67B)
Class kotlin.collections.EmptySet                                                     : loaded 3 times (x 118B)
Class com.google.common.collect.ListMultimap                                          : loaded 3 times (x 66B)
Class com.google.common.collect.ImmutableEnumMap                                      : loaded 3 times (x 122B)
Class kotlin.annotation.Target                                                        : loaded 3 times (x 66B)
Class com.google.common.collect.ImmutableEntry                                        : loaded 3 times (x 78B)
Class kotlin.text.StringsKt__AppendableKt                                             : loaded 3 times (x 67B)
Class com.google.common.collect.ArrayListMultimap                                     : loaded 3 times (x 168B)
Class [Lcom.google.common.collect.AbstractMapEntry;                                   : loaded 3 times (x 65B)
Class kotlin.collections.MapsKt___MapsJvmKt                                           : loaded 3 times (x 67B)
Class com.google.common.base.CharMatcher$NegatedFastMatcher                           : loaded 3 times (x 109B)
Class com.google.common.base.Predicate                                                : loaded 3 times (x 66B)
Class com.google.common.collect.ImmutableMap                                          : loaded 3 times (x 116B)
Class com.google.common.collect.Sets$1                                                : loaded 3 times (x 135B)
Class com.google.common.collect.Sets                                                  : loaded 3 times (x 67B)
Class com.google.common.base.CharMatcher$FastMatcher                                  : loaded 3 times (x 107B)
Class com.google.common.collect.ImmutableList$SubList                                 : loaded 3 times (x 205B)
Class kotlin.collections.ArraysUtilJVM                                                : loaded 3 times (x 67B)
Class kotlin.NotImplementedError                                                      : loaded 3 times (x 78B)
Class kotlin.ranges.RangesKt                                                          : loaded 3 times (x 67B)
Class com.google.common.base.Supplier                                                 : loaded 3 times (x 66B)
Class kotlin.TuplesKt                                                                 : loaded 3 times (x 67B)
Class kotlin.text.StringsKt__StringsKt                                                : loaded 3 times (x 67B)
Class com.google.common.collect.Maps$ViewCachingAbstractMap                           : loaded 3 times (x 121B)
Class kotlin.sequences.SequencesKt___SequencesJvmKt                                   : loaded 3 times (x 67B)
Class kotlin.Unit                                                                     : loaded 3 times (x 67B)
Class com.google.common.collect.ImmutableMultisetGwtSerializationDependencies         : loaded 3 times (x 121B)
Class kotlin.collections.CollectionsKt___CollectionsJvmKt                             : loaded 3 times (x 67B)
Class com.google.common.collect.Sets$2                                                : loaded 3 times (x 135B)
Class com.google.common.collect.ImmutableSet                                          : loaded 3 times (x 141B)
Class com.google.common.base.CharMatcher$BitSetMatcher                                : loaded 3 times (x 108B)
Class kotlin.sequences.Sequence                                                       : loaded 3 times (x 66B)
Class kotlin.text.StringsKt__StringNumberConversionsJVMKt                             : loaded 3 times (x 67B)
Class com.google.common.collect.RegularImmutableMap$Values                            : loaded 3 times (x 203B)
Class kotlin.text.CharsKt__CharJVMKt                                                  : loaded 3 times (x 67B)
Class kotlin.comparisons.ComparisonsKt___ComparisonsKt                                : loaded 3 times (x 67B)
Class kotlin.comparisons.ComparisonsKt                                                : loaded 3 times (x 67B)
Class kotlin.sequences.FilteringSequence                                              : loaded 3 times (x 71B)
Class kotlin.ranges.RangesKt__RangesKt                                                : loaded 3 times (x 67B)
Class kotlin.collections.SetsKt___SetsKt                                              : loaded 3 times (x 67B)
Class com.google.common.collect.Sets$3                                                : loaded 3 times (x 135B)
Class com.google.common.math.IntMath$1                                                : loaded 3 times (x 67B)
Class kotlin.sequences.SequencesKt__SequencesKt                                       : loaded 3 times (x 67B)
Class kotlin.comparisons.ComparisonsKt__ComparisonsKt                                 : loaded 3 times (x 67B)
Class com.google.common.graph.SuccessorsFunction                                      : loaded 3 times (x 66B)
Class com.google.common.base.Equivalence$Identity                                     : loaded 3 times (x 78B)
Class kotlin.text.StringsKt__StringBuilderJVMKt                                       : loaded 3 times (x 67B)
Class com.google.common.collect.Sets$SetView                                          : loaded 3 times (x 134B)
Class com.google.common.base.PairwiseEquivalence                                      : loaded 3 times (x 79B)
Class kotlin.collections.AbstractCollection                                           : loaded 3 times (x 113B)
Class kotlin.collections.AbstractList                                                 : loaded 3 times (x 193B)
Class com.google.common.collect.Maps$8                                                : loaded 3 times (x 78B)
Class com.google.common.collect.Sets$4                                                : loaded 3 times (x 135B)
Class kotlin.sequences.SequencesKt__SequencesJVMKt                                    : loaded 3 times (x 67B)
Class Build_gradle$1                                                                  : loaded 3 times (x 71B)
Class kotlin.text.StringsKt__RegexExtensionsKt                                        : loaded 3 times (x 67B)
Class kotlin.collections.EmptyIterator                                                : loaded 3 times (x 85B)
Class com.google.common.collect.CollectSpliterators                                   : loaded 3 times (x 67B)
Class com.google.common.base.Platform                                                 : loaded 3 times (x 67B)
Class com.google.common.collect.AbstractMapBasedMultimap$AsMap                        : loaded 3 times (x 124B)
Class com.google.common.collect.RegularImmutableMap$KeySet                            : loaded 3 times (x 148B)
Class [Lcom.google.common.collect.ImmutableEntry;                                     : loaded 3 times (x 65B)
Class com.google.common.collect.Maps                                                  : loaded 3 times (x 67B)
Class com.google.common.collect.RegularImmutableList                                  : loaded 3 times (x 209B)
Class com.google.common.collect.IndexedImmutableSet$1                                 : loaded 3 times (x 209B)
Class kotlin.enums.EnumEntries                                                        : loaded 3 times (x 66B)
Class com.google.common.base.Function                                                 : loaded 3 times (x 66B)
Class com.google.common.base.Equivalence                                              : loaded 3 times (x 78B)
Class com.google.common.collect.ImmutableMapEntry$NonTerminalImmutableMapEntry        : loaded 3 times (x 81B)
Class com.google.common.collect.ImmutableMultimap                                     : loaded 3 times (x 143B)
Class com.google.common.collect.ImmutableMapEntry                                     : loaded 3 times (x 81B)
Class com.google.common.collect.TransformedIterator                                   : loaded 3 times (x 76B)
Class com.google.common.math.IntMath                                                  : loaded 3 times (x 67B)
Class com.google.common.collect.MapDifference                                         : loaded 3 times (x 66B)
Class com.google.common.collect.RegularImmutableSortedSet                             : loaded 3 times (x 296B)
Class com.google.common.base.CharMatcher$IsNot                                        : loaded 3 times (x 107B)
Class kotlin.text.StringsKt__RegexExtensionsJVMKt                                     : loaded 3 times (x 67B)
Class kotlin.collections.ArraysKt___ArraysJvmKt                                       : loaded 3 times (x 67B)
Class kotlin.collections.CollectionsKt__CollectionsKt                                 : loaded 3 times (x 67B)
Class com.google.common.base.CommonPattern                                            : loaded 3 times (x 70B)
Class com.google.common.collect.ImmutableSortedSet                                    : loaded 3 times (x 296B)
Class kotlin.text.StringsKt__StringNumberConversionsKt                                : loaded 3 times (x 67B)
Class com.google.common.collect.Maps$EntryTransformer                                 : loaded 3 times (x 66B)
Class com.google.common.collect.RegularImmutableSet                                   : loaded 3 times (x 145B)
Class com.google.common.collect.ImmutableMultiset                                     : loaded 3 times (x 159B)
Class kotlin._Assertions                                                              : loaded 3 times (x 67B)
Class kotlin.collections.CollectionsKt                                                : loaded 3 times (x 67B)
Class kotlin.text.StringsKt                                                           : loaded 3 times (x 67B)
Class com.google.common.collect.ImmutableAsList                                       : loaded 3 times (x 205B)
Class com.google.common.collect.Iterators$9                                           : loaded 3 times (x 77B)
Class com.google.common.base.FunctionalEquivalence                                    : loaded 3 times (x 79B)
Class com.google.common.collect.AbstractMapBasedMultimap                              : loaded 3 times (x 135B)
Class kotlin.collections.CollectionsKt__IteratorsKt                                   : loaded 3 times (x 67B)
Class com.google.common.collect.ImmutableSet$CachingAsList                            : loaded 3 times (x 144B)
Class com.google.common.base.Converter                                                : loaded 3 times (x 86B)
Class kotlin.jvm.internal.FunctionBase                                                : loaded 3 times (x 66B)
Class com.google.common.collect.Lists                                                 : loaded 3 times (x 67B)
Class kotlin.sequences.SequencesKt                                                    : loaded 3 times (x 67B)
Class com.google.common.collect.ImmutableListMultimap                                 : loaded 3 times (x 172B)
Class kotlin.collections.CollectionsKt__CollectionsJVMKt                              : loaded 3 times (x 67B)
Class com.google.common.collect.ImmutableCollection                                   : loaded 3 times (x 121B)
Class com.google.common.base.CharMatcher$AnyOf                                        : loaded 3 times (x 108B)
Class com.google.common.base.CharMatcher$ForPredicate                                 : loaded 3 times (x 108B)
Class com.google.common.collect.ImmutableMultimap$Values                              : loaded 3 times (x 122B)
Class com.google.common.collect.ImmutableSet$JdkBackedSetBuilderImpl                  : loaded 3 times (x 72B)
Class com.google.common.collect.Iterators$ArrayItr                                    : loaded 3 times (x 93B)
Class com.google.common.collect.ImmutableCollection$Builder                           : loaded 3 times (x 72B)
Class kotlin.enums.EnumEntriesList                                                    : loaded 3 times (x 219B)
Class com.google.common.collect.Iterators$5                                           : loaded 3 times (x 78B)
Class com.google.common.collect.Iterators$4                                           : loaded 3 times (x 78B)
Class com.google.common.collect.ImmutableBiMap                                        : loaded 3 times (x 139B)
Class com.google.common.collect.AbstractListMultimap                                  : loaded 3 times (x 168B)
Class com.google.common.collect.SortedIterable                                        : loaded 3 times (x 66B)
Class com.google.common.collect.SingletonImmutableSet                                 : loaded 3 times (x 142B)
Class kotlin.Metadata                                                                 : loaded 3 times (x 66B)
Class com.google.common.collect.EmptyImmutableListMultimap                            : loaded 3 times (x 172B)
Class com.google.common.collect.BaseImmutableMultimap                                 : loaded 3 times (x 119B)
Class kotlin.comparisons.ComparisonsKt___ComparisonsJvmKt                             : loaded 3 times (x 67B)
Class com.google.common.collect.ImmutableMap$IteratorBasedImmutableMap                : loaded 3 times (x 122B)
Class com.google.common.collect.Iterators$MergingIterator                             : loaded 3 times (x 77B)
Class com.google.common.base.Joiner                                                   : loaded 3 times (x 75B)
Class com.google.common.collect.Iterators$1                                           : loaded 3 times (x 77B)
Class kotlin.collections.MapsKt__MapsKt                                               : loaded 3 times (x 67B)
Class kotlin.jvm.internal.Lambda                                                      : loaded 3 times (x 71B)
Class com.google.common.collect.ImmutableList$ReverseImmutableList                    : loaded 3 times (x 205B)
Class kotlin.collections.CollectionsKt__IteratorsJVMKt                                : loaded 3 times (x 67B)
Class com.google.common.base.JdkPattern                                               : loaded 3 times (x 71B)
Class com.google.common.base.CharMatcher$Or                                           : loaded 3 times (x 108B)
Class kotlin.collections.SetsKt                                                       : loaded 3 times (x 67B)
Class kotlin.text.StringsKt__IndentKt                                                 : loaded 3 times (x 67B)
Class com.google.common.collect.SingletonImmutableList                                : loaded 3 times (x 203B)
Class kotlin.text.StringsKt__StringsJVMKt                                             : loaded 3 times (x 67B)
Class com.google.common.collect.Platform                                              : loaded 3 times (x 67B)
Class com.google.common.collect.UnmodifiableIterator                                  : loaded 3 times (x 76B)
Class com.google.common.base.ExtraObjectsMethodsForWeb                                : loaded 3 times (x 67B)
Class com.google.common.collect.Multimap                                              : loaded 3 times (x 66B)
Class com.google.common.collect.ImmutableMultimap$Keys                                : loaded 3 times (x 162B)
Class com.google.common.primitives.IntsMethodsForWeb                                  : loaded 3 times (x 67B)
Class com.google.common.base.Present                                                  : loaded 3 times (x 77B)
Class com.google.common.collect.SingletonImmutableBiMap                               : loaded 3 times (x 139B)
Class com.google.common.collect.AbstractMapEntry                                      : loaded 3 times (x 77B)
Class com.google.common.collect.ImmutableMap$Builder                                  : loaded 3 times (x 78B)
Class kotlin.collections.SetsKt__SetsJVMKt                                            : loaded 3 times (x 67B)
Class kotlin.Pair                                                                     : loaded 3 times (x 68B)
Class com.google.common.base.Ascii                                                    : loaded 3 times (x 67B)
Class com.google.common.collect.ImmutableMapEntrySet                                  : loaded 3 times (x 148B)
Class com.google.common.collect.Iterables                                             : loaded 3 times (x 67B)
Class com.google.common.collect.Sets$ImprovedAbstractSet                              : loaded 3 times (x 131B)
Class kotlin.collections.ArraysKt__ArraysKt                                           : loaded 3 times (x 67B)
Class com.google.common.math.MathPreconditions                                        : loaded 3 times (x 67B)
Class com.google.common.collect.AbstractMultimap                                      : loaded 3 times (x 119B)
Class com.google.common.collect.ImmutableList$Builder                                 : loaded 3 times (x 73B)
Class com.google.common.collect.AbstractIndexedListIterator                           : loaded 3 times (x 92B)
Class com.google.common.collect.ObjectArrays                                          : loaded 3 times (x 67B)
Class com.google.common.collect.ArrayListMultimapGwtSerializationDependencies         : loaded 3 times (x 168B)
Class kotlin.collections.CollectionsKt__MutableCollectionsKt                          : loaded 3 times (x 67B)
Class com.google.common.collect.Multiset                                              : loaded 3 times (x 66B)
Class com.google.common.collect.AbstractIterator                                      : loaded 3 times (x 78B)
Class com.google.common.base.Absent                                                   : loaded 3 times (x 76B)
Class com.google.common.primitives.Ints                                               : loaded 3 times (x 67B)
Class com.google.common.collect.BiMap                                                 : loaded 3 times (x 66B)
Class com.google.common.collect.ImmutableMap$1                                        : loaded 3 times (x 77B)
Class com.google.common.collect.IndexedImmutableSet                                   : loaded 3 times (x 148B)
Class com.google.common.base.Objects                                                  : loaded 3 times (x 67B)
Class kotlin.collections.MapsKt__MapsJVMKt                                            : loaded 3 times (x 67B)
Class kotlin.collections.EmptyList                                                    : loaded 3 times (x 170B)
Class com.google.common.base.CharMatcher$And                                          : loaded 3 times (x 108B)
Class com.google.common.collect.RegularImmutableAsList                                : loaded 3 times (x 213B)
Class com.google.common.collect.ImmutableBiMap$Builder                                : loaded 3 times (x 78B)
Class com.google.common.collect.Lists$StringAsImmutableList                           : loaded 3 times (x 203B)
Class kotlin.text.CharsKt                                                             : loaded 3 times (x 67B)
Class com.google.common.collect.Iterators                                             : loaded 3 times (x 67B)
Class com.google.common.base.Optional                                                 : loaded 3 times (x 76B)
Class dagger.spi.internal.shaded.androidx.room.compiler.processing.XProcessingEnvConfig$Companion: loaded 2 times (x 67B)
Class com.squareup.javapoet.TypeSpec$Kind                                             : loaded 2 times (x 75B)
Class com.google.common.util.concurrent.AbstractFuture$UnsafeAtomicHelper$1           : loaded 2 times (x 72B)
Class com.google.common.collect.ImmutableRangeSet$1                                   : loaded 2 times (x 205B)
Class kotlin.io.LinesSequence$iterator$1                                              : loaded 2 times (x 75B)
Class kotlin.collections.AbstractIterator                                             : loaded 2 times (x 79B)
Class com.google.common.collect.Range                                                 : loaded 2 times (x 83B)
Class com.google.common.util.concurrent.AbstractFuture$Trusted                        : loaded 2 times (x 66B)
Class com.google.common.base.CharMatcher$RangesMatcher                                : loaded 2 times (x 108B)
Class jdk.internal.jrtfs.JrtDirectoryStream$1                                         : loaded 2 times (x 79B)
Class jdk.internal.jimage.ImageLocation                                               : loaded 2 times (x 86B)
Class com.google.common.collect.ExplicitOrdering                                      : loaded 2 times (x 111B)
Class kotlin.io.FilesKt__FilePathComponentsKt                                         : loaded 2 times (x 67B)
Class kotlin.reflect.jvm.internal.KMutableProperty1Impl                               : loaded 2 times (x 131B)
Class kotlin.reflect.jvm.internal.impl.builtins.functions.FunctionTypeKind$SuspendFunction: loaded 2 times (x 68B)
Class com.google.common.io.ByteSink$AsCharSink                                        : loaded 2 times (x 76B)
Class com.google.common.util.concurrent.UncheckedExecutionException                   : loaded 2 times (x 78B)
Class org.gradle.kotlin.dsl.VersionCatalogAccessorsKt                                 : loaded 2 times (x 67B)
Class kotlin.reflect.jvm.internal.KClassImpl$Data$declaredMembers$2                   : loaded 2 times (x 75B)
Class kotlin.io.FileTreeWalk$FileTreeWalkIterator$WhenMappings                        : loaded 2 times (x 67B)
Class com.google.common.collect.ImmutableSortedSetFauxverideShim                      : loaded 2 times (x 143B)
Class com.google.common.base.CharMatcher$JavaLetterOrDigit                            : loaded 2 times (x 107B)
Class org.gradle.internal.InternalTransformer                                         : loaded 2 times (x 66B)
Class jdk.internal.jimage.ImageBufferCache$1                                          : loaded 2 times (x 79B)
Class kotlin.io.TerminateException                                                    : loaded 2 times (x 78B)
Class com.squareup.javapoet.CodeWriter                                                : loaded 2 times (x 68B)
Class kotlin.DeprecationLevel                                                         : loaded 2 times (x 75B)
Class kotlin.reflect.jvm.internal.ReflectionFactoryImpl                               : loaded 2 times (x 87B)
Class kotlin.reflect.KCallable                                                        : loaded 2 times (x 66B)
Class kotlin.reflect.jvm.internal.CacheByClass                                        : loaded 2 times (x 69B)
Class com.google.common.collect.AbstractMapBasedMultimap$KeySet$1                     : loaded 2 times (x 78B)
Class org.objectweb.asm.ClassWriter                                                   : loaded 2 times (x 102B)
Class com.google.common.cache.CacheLoader$UnsupportedLoadingOperationException        : loaded 2 times (x 78B)
Class org.gradle.internal.classloader.ClasspathUtil$1                                 : loaded 2 times (x 72B)
Class jdk.internal.jimage.ImageBufferCache$2                                          : loaded 2 times (x 87B)
Class dagger.hilt.processor.internal.aliasof.AliasOfProcessor                         : loaded 2 times (x 96B)
Class kotlin.reflect.jvm.internal.impl.utils.CollectionsKt                            : loaded 2 times (x 67B)
Class kotlin.streams.jdk8.StreamsKt                                                   : loaded 2 times (x 67B)
Class kotlin.collections.builders.ListBuilderKt                                       : loaded 2 times (x 67B)
Class kotlin.ReplaceWith                                                              : loaded 2 times (x 66B)
Class com.google.common.collect.SortedIterables                                       : loaded 2 times (x 67B)
Class com.squareup.javapoet.JavaFile$Builder                                          : loaded 2 times (x 68B)
Class kotlin.reflect.jvm.internal.impl.builtins.StandardNames$FqNames                 : loaded 2 times (x 67B)
Class kotlin.reflect.jvm.internal.KCallableImpl$_absentArguments$1                    : loaded 2 times (x 75B)
Class com.google.common.collect.FluentIterable$1                                      : loaded 2 times (x 77B)
Class org.objectweb.asm.FieldVisitor                                                  : loaded 2 times (x 73B)
Class org.gradle.api.internal.classpath.DefaultModuleRegistry$DefaultModule           : loaded 2 times (x 82B)
Class com.google.common.collect.NullsFirstOrdering                                    : loaded 2 times (x 111B)
Class com.google.common.cache.LocalCache$2                                            : loaded 2 times (x 138B)
Class kotlin.ResultKt                                                                 : loaded 2 times (x 67B)
Class com.google.common.reflect.TypeToken$SimpleTypeToken                             : loaded 2 times (x 69B)
Class kotlin.reflect.jvm.internal.ClassValueCache                                     : loaded 2 times (x 70B)
Class com.google.common.collect.MapMakerInternalMap$AbstractStrongKeyEntry            : loaded 2 times (x 76B)
Class com.google.common.collect.FluentIterable$2                                      : loaded 2 times (x 77B)
Class com.google.common.reflect.Reflection                                            : loaded 2 times (x 67B)
Class dagger.hilt.processor.internal.aggregateddeps.AggregatedDepsProcessor           : loaded 2 times (x 96B)
Class dagger.hilt.processor.internal.BaseProcessingStep                               : loaded 2 times (x 82B)
Class kotlin.Deprecated                                                               : loaded 2 times (x 66B)
Class kotlin.io.CloseableKt                                                           : loaded 2 times (x 67B)
Class com.squareup.javapoet.CodeWriter$Multiset                                       : loaded 2 times (x 68B)
Class com.squareup.javapoet.MethodSpec$Builder                                        : loaded 2 times (x 68B)
Class kotlin.collections.IndexingIterable                                             : loaded 2 times (x 75B)
Class kotlin.reflect.jvm.internal.KClassImpl$Data$inheritedStaticMembers$2            : loaded 2 times (x 75B)
Class kotlin.Result$Failure                                                           : loaded 2 times (x 68B)
Class kotlin.reflect.KProperty2                                                       : loaded 2 times (x 66B)
Class kotlin.reflect.jvm.internal.KClassImpl$Data$qualifiedName$2                     : loaded 2 times (x 75B)
Class kotlin.sequences.GeneratorSequence$iterator$1                                   : loaded 2 times (x 75B)
Class com.google.common.collect.AbstractSetMultimap                                   : loaded 2 times (x 170B)
Class com.google.common.collect.FluentIterable$3                                      : loaded 2 times (x 77B)
Class com.google.common.cache.LocalCache$1                                            : loaded 2 times (x 85B)
Class org.apache.commons.io.FileExistsException                                       : loaded 2 times (x 78B)
Class kotlin.reflect.jvm.internal.impl.builtins.jvm.JavaToKotlinClassMap              : loaded 2 times (x 67B)
Class kotlin.reflect.jvm.internal.KotlinReflectionInternalError                       : loaded 2 times (x 78B)
Class com.squareup.javapoet.ParameterizedTypeName                                     : loaded 2 times (x 77B)
Class dagger.hilt.processor.internal.optionvalues.GradleProjectType                   : loaded 2 times (x 75B)
Class kotlin.reflect.KProperty1                                                       : loaded 2 times (x 66B)
Class org.apache.commons.io.output.NullOutputStream                                   : loaded 2 times (x 81B)
Class org.gradle.api.internal.classpath.Module                                        : loaded 2 times (x 66B)
Class [Lcom.google.common.collect.LinkedHashMultimap$ValueSetLink;                    : loaded 2 times (x 65B)
Class kotlin.internal.ProgressionUtilKt                                               : loaded 2 times (x 67B)
Class com.squareup.javapoet.AnnotationSpec$Builder                                    : loaded 2 times (x 68B)
Class kotlin.reflect.jvm.internal.KClassifierImpl                                     : loaded 2 times (x 66B)
Class kotlin.reflect.KMutableProperty                                                 : loaded 2 times (x 66B)
Class kotlin.io.FileAlreadyExistsException                                            : loaded 2 times (x 78B)
Class com.google.common.cache.Weigher                                                 : loaded 2 times (x 66B)
Class org.gradle.api.internal.classpath.UnknownModuleException                        : loaded 2 times (x 78B)
Class jdk.internal.jimage.ImageHeader                                                 : loaded 2 times (x 67B)
Class dagger.hilt.processor.internal.earlyentrypoint.EarlyEntryPointProcessingStep    : loaded 2 times (x 82B)
Class kotlin.jvm.internal.PropertyReference                                           : loaded 2 times (x 111B)
Class com.google.common.base.Stopwatch                                                : loaded 2 times (x 68B)
Class com.google.common.cache.LocalCache$Strength                                     : loaded 2 times (x 77B)
Class com.google.common.cache.Cache                                                   : loaded 2 times (x 66B)
Class kotlin.reflect.KClass                                                           : loaded 2 times (x 66B)
Class kotlin.collections.IndexingIterator                                             : loaded 2 times (x 75B)
Class kotlin.reflect.jvm.internal.KClassImpl$Data$nestedClasses$2                     : loaded 2 times (x 75B)
Class com.google.common.io.AppendableWriter                                           : loaded 2 times (x 96B)
Class com.google.common.io.Files$2                                                    : loaded 2 times (x 72B)
Class org.apache.commons.io.filefilter.IOFileFilter                                   : loaded 2 times (x 66B)
Class com.google.common.util.concurrent.AbstractFuture$Cancellation                   : loaded 2 times (x 68B)
Class com.google.common.base.NullnessCasts                                            : loaded 2 times (x 67B)
Class dagger.hilt.processor.internal.uninstallmodules.UninstallModulesProcessingStep  : loaded 2 times (x 82B)
Class com.google.common.collect.Maps$TransformedEntriesMap                            : loaded 2 times (x 123B)
Class com.google.common.collect.LinkedHashMultimap                                    : loaded 2 times (x 171B)
Class com.google.common.collect.ImmutableMap$IteratorBasedImmutableMap$1EntrySetImpl  : loaded 2 times (x 150B)
Class kotlin.sequences.TransformingSequence$iterator$1                                : loaded 2 times (x 75B)
Class [Lkotlin.reflect.jvm.internal.impl.builtins.PrimitiveType;                      : loaded 2 times (x 65B)
Class kotlin.reflect.jvm.internal.impl.builtins.StandardNames                         : loaded 2 times (x 67B)
Class kotlin.reflect.jvm.internal.KClassImpl$Data$annotations$2                       : loaded 2 times (x 75B)
Class kotlin.reflect.jvm.internal.ReflectProperties$LazySoftVal                       : loaded 2 times (x 74B)
Class [Lkotlin.reflect.KAnnotatedElement;                                             : loaded 2 times (x 65B)
Class com.google.common.collect.AbstractMapBasedMultimap$WrappedCollection$WrappedIterator: loaded 2 times (x 80B)
Class com.google.common.cache.RemovalListener                                         : loaded 2 times (x 66B)
Class org.gradle.api.internal.DefaultClassPathRegistry                                : loaded 2 times (x 72B)
Class dagger.spi.internal.shaded.androidx.room.compiler.processing.javac.JavacBasicAnnotationProcessor: loaded 2 times (x 94B)
Class jdk.internal.jrtfs.JrtFileSystemProvider                                        : loaded 2 times (x 97B)
Class kotlin.ranges.ClosedRange                                                       : loaded 2 times (x 66B)
Class kotlin.annotation.AnnotationTarget                                              : loaded 2 times (x 75B)
Class com.squareup.javapoet.CodeBlock$Builder                                         : loaded 2 times (x 68B)
Class kotlin.reflect.jvm.internal.KPropertyImpl                                       : loaded 2 times (x 111B)
Class kotlin.jvm.JvmClassMappingKt                                                    : loaded 2 times (x 67B)
Class kotlin.reflect.KProperty                                                        : loaded 2 times (x 66B)
Class kotlin.jvm.internal.Reflection                                                  : loaded 2 times (x 67B)
Class org.gradle.internal.service.ServiceLocator                                      : loaded 2 times (x 66B)
Class org.apache.commons.io.file.DeleteOption                                         : loaded 2 times (x 66B)
Class com.google.common.reflect.Invokable$ConstructorInvokable                        : loaded 2 times (x 103B)
Class org.gradle.api.internal.ClassPathRegistry                                       : loaded 2 times (x 66B)
Class org.gradle.internal.classpath.DefaultClassPath$ImmutableUniqueList              : loaded 2 times (x 195B)
Class kotlin.collections.IntIterator                                                  : loaded 2 times (x 78B)
Class [Lorg.objectweb.asm.Type;                                                       : loaded 2 times (x 65B)
Class kotlin.reflect.jvm.internal.impl.resolve.jvm.JvmPrimitiveType                   : loaded 2 times (x 75B)
Class kotlin.reflect.jvm.internal.KClassImpl$Data$declaredNonStaticMembers$2          : loaded 2 times (x 75B)
Class kotlin.reflect.jvm.internal.ComputableClassValue                                : loaded 2 times (x 76B)
Class kotlin.reflect.KProperty0                                                       : loaded 2 times (x 66B)
Class com.google.common.collect.NullnessCasts                                         : loaded 2 times (x 67B)
Class com.google.common.collect.MapMakerInternalMap$Segment                           : loaded 2 times (x 138B)
Class com.google.common.reflect.TypeToken                                             : loaded 2 times (x 69B)
Class org.apache.commons.io.IOUtils                                                   : loaded 2 times (x 67B)
Class dagger.hilt.processor.internal.HiltProcessingEnvConfigs                         : loaded 2 times (x 67B)
Class kotlin.Result                                                                   : loaded 2 times (x 68B)
Class dagger.hilt.android.processor.internal.androidentrypoint.AndroidEntryPointProcessingStep: loaded 2 times (x 82B)
Class com.google.common.base.MoreObjects                                              : loaded 2 times (x 67B)
Class org.apache.commons.io.output.ByteArrayOutputStream                              : loaded 2 times (x 98B)
Class com.google.common.io.ByteSink                                                   : loaded 2 times (x 72B)
Class com.google.common.cache.CacheBuilder                                            : loaded 2 times (x 68B)
Class Settings_gradle$1                                                               : loaded 2 times (x 70B)
Class org.gradle.internal.classpath.ClassPath                                         : loaded 2 times (x 66B)
Class org.gradle.api.UncheckedIOException                                             : loaded 2 times (x 78B)
Class dagger.hilt.android.processor.internal.viewmodel.ViewModelProcessor             : loaded 2 times (x 96B)
Class dagger.hilt.processor.internal.root.RootProcessingStep                          : loaded 2 times (x 82B)
Class com.google.common.collect.LinkedHashMultimap$ValueSet$1                         : loaded 2 times (x 78B)
Class com.google.common.base.Equivalence$Wrapper                                      : loaded 2 times (x 68B)
Class com.google.common.reflect.TypeResolver$TypeVariableKey                          : loaded 2 times (x 68B)
Class kotlin.reflect.jvm.internal.KPackageImpl                                        : loaded 2 times (x 81B)
Class [Lkotlin.reflect.jvm.internal.impl.name.FqName;                                 : loaded 2 times (x 65B)
Class kotlin.reflect.KFunction                                                        : loaded 2 times (x 66B)
Class kotlin.reflect.jvm.internal.impl.name.StandardClassIdsKt                        : loaded 2 times (x 67B)
Class com.google.common.collect.Interners$InternerBuilder                             : loaded 2 times (x 72B)
Class com.google.common.io.Files$FileByteSource                                       : loaded 2 times (x 81B)
Class [Lcom.google.common.reflect.Types$JavaVersion;                                  : loaded 2 times (x 65B)
Class kotlin.reflect.jvm.internal.impl.name.FqNamesUtilKt                             : loaded 2 times (x 67B)
Class dagger.spi.internal.shaded.androidx.room.compiler.processing.XProcessingEnvConfig: loaded 2 times (x 67B)
Class com.google.common.collect.Sets$1$1                                              : loaded 2 times (x 78B)
Class com.squareup.javapoet.ParameterSpec$Builder                                     : loaded 2 times (x 68B)
Class kotlin.reflect.jvm.internal.KClassImpl$Data$declaredStaticMembers$2             : loaded 2 times (x 75B)
Class kotlin.reflect.jvm.internal.KProperty1Impl$delegateSource$1                     : loaded 2 times (x 75B)
Class [Lkotlin.reflect.KDeclarationContainer;                                         : loaded 2 times (x 65B)
Class com.squareup.javapoet.TypeSpec$Builder                                          : loaded 2 times (x 68B)
Class com.google.common.io.CharStreams$NullWriter                                     : loaded 2 times (x 95B)
Class org.objectweb.asm.SymbolTable$Entry                                             : loaded 2 times (x 70B)
Class com.google.common.util.concurrent.AbstractFuture$AtomicHelper                   : loaded 2 times (x 74B)
Class jdk.internal.jimage.ImageStringsReader                                          : loaded 2 times (x 76B)
Class [Lcom.google.common.base.CaseFormat;                                            : loaded 2 times (x 65B)
Class com.squareup.javapoet.MethodSpec                                                : loaded 2 times (x 68B)
Class org.objectweb.asm.Edge                                                          : loaded 2 times (x 68B)
Class com.google.common.base.Suppliers$SupplierOfInstance                             : loaded 2 times (x 75B)
Class kotlin.collections.builders.ListBuilder                                         : loaded 2 times (x 203B)
Class kotlin.collections.AbstractMutableSet                                           : loaded 2 times (x 138B)
Class kotlin.comparisons.NaturalOrderComparator                                       : loaded 2 times (x 84B)
Class kotlin.collections.builders.ListBuilder$Companion                               : loaded 2 times (x 67B)
Class dagger.spi.internal.shaded.androidx.room.compiler.processing.XProcessingStep    : loaded 2 times (x 66B)
Class jdk.internal.jrtfs.SystemImage$2                                                : loaded 2 times (x 72B)
Class com.google.common.reflect.TypeToken$1                                           : loaded 2 times (x 106B)
Class com.google.common.cache.LocalCache$ComputingValueReference                      : loaded 2 times (x 92B)
Class jdk.internal.jimage.ImageReader                                                 : loaded 2 times (x 71B)
Class dagger.hilt.processor.internal.originatingelement.OriginatingElementProcessingStep: loaded 2 times (x 82B)
Class com.google.common.collect.AbstractMapBasedMultimap$AsMap$AsMapEntries           : loaded 2 times (x 134B)
Class com.google.common.collect.MultimapBuilder                                       : loaded 2 times (x 69B)
Class kotlin.reflect.jvm.internal.KClassImpl$Data$supertypes$2                        : loaded 2 times (x 75B)
Class kotlin.reflect.KProperty$Getter                                                 : loaded 2 times (x 66B)
Class com.google.common.reflect.TypeToken$2                                           : loaded 2 times (x 106B)
Class com.google.common.cache.LocalCache$Segment                                      : loaded 2 times (x 150B)
Class jdk.internal.jimage.ImageReader$SharedImageReader                               : loaded 2 times (x 91B)
Class com.google.common.cache.CacheLoader$FunctionToCacheLoader                       : loaded 2 times (x 71B)
Class com.google.common.collect.ImmutableRangeSet$AsSet                               : loaded 2 times (x 295B)
Class org.apache.commons.io.output.UnsynchronizedByteArrayOutputStream                : loaded 2 times (x 98B)
Class kotlin.reflect.jvm.internal.ReflectProperties                                   : loaded 2 times (x 67B)
Class kotlin.SafePublicationLazyImpl                                                  : loaded 2 times (x 72B)
Class com.google.common.reflect.Types$ParameterizedTypeImpl                           : loaded 2 times (x 77B)
Class [Lorg.objectweb.asm.SymbolTable$Entry;                                          : loaded 2 times (x 65B)
Class com.google.common.cache.CacheLoader                                             : loaded 2 times (x 70B)
Class org.gradle.internal.installation.GradleInstallation$1                           : loaded 2 times (x 71B)
Class org.gradle.api.internal.classpath.ModuleRegistry                                : loaded 2 times (x 66B)
Class dagger.hilt.processor.internal.aliasof.AliasOfProcessingStep                    : loaded 2 times (x 82B)
Class dagger.hilt.android.processor.internal.androidentrypoint.AndroidEntryPointProcessor: loaded 2 times (x 96B)
Class org.apache.commons.io.filefilter.AbstractFileFilter                             : loaded 2 times (x 112B)
Class kotlin.jvm.internal.FunctionReference                                           : loaded 2 times (x 118B)
Class org.apache.commons.io.output.NullWriter                                         : loaded 2 times (x 95B)
Class com.google.common.util.concurrent.internal.InternalFutureFailureAccess          : loaded 2 times (x 68B)
Class com.google.common.base.Splitter$SplittingIterator                               : loaded 2 times (x 80B)
Class com.google.common.collect.MultimapBuilder$ArrayListSupplier                     : loaded 2 times (x 73B)
Class com.google.common.collect.ImmutableSortedAsList                                 : loaded 2 times (x 217B)
Class com.google.common.collect.Iterators$6                                           : loaded 2 times (x 77B)
Class kotlin.reflect.jvm.internal.KClassImpl$data$1                                   : loaded 2 times (x 75B)
Class kotlin.text.RegexKt                                                             : loaded 2 times (x 67B)
Class kotlin.coroutines.intrinsics.IntrinsicsKt__IntrinsicsKt                         : loaded 2 times (x 67B)
Class kotlin.reflect.jvm.internal.KPropertyImpl$_javaField$1                          : loaded 2 times (x 75B)
Class com.squareup.javapoet.JavaFile$1                                                : loaded 2 times (x 75B)
Class kotlin.reflect.jvm.internal.KDeclarationContainerImpl                           : loaded 2 times (x 80B)
Class com.google.common.io.Closer$SuppressingSuppressor                               : loaded 2 times (x 71B)
Class com.google.common.util.concurrent.AbstractFuture$UnsafeAtomicHelper             : loaded 2 times (x 74B)
Class com.google.common.cache.LocalCache$LocalManualCache$1                           : loaded 2 times (x 71B)
Class jdk.internal.jimage.ImageReader$Node                                            : loaded 2 times (x 80B)
Class dagger.internal.codegen.ComponentProcessor                                      : loaded 2 times (x 94B)
Class com.google.common.collect.Multimaps$CustomListMultimap                          : loaded 2 times (x 170B)
Class kotlin.reflect.jvm.internal.impl.name.StandardClassIds                          : loaded 2 times (x 67B)
Class [Lkotlin.annotation.AnnotationTarget;                                           : loaded 2 times (x 65B)
Class [Lkotlin.coroutines.intrinsics.CoroutineSingletons;                             : loaded 2 times (x 65B)
Class kotlin.io.FilesKt__UtilsKt                                                      : loaded 2 times (x 67B)
Class org.gradle.api.internal.classpath.DefaultModuleRegistry                         : loaded 2 times (x 79B)
Class jdk.internal.jimage.BasicImageReader$1                                          : loaded 2 times (x 73B)
Class com.google.common.collect.LinkedHashMultimap$ValueSetLink                       : loaded 2 times (x 66B)
Class kotlin.collections.builders.MapBuilder$Itr                                      : loaded 2 times (x 68B)
Class com.google.common.collect.Maps$IteratorBasedAbstractMap$1                       : loaded 2 times (x 134B)
Class com.google.common.collect.LinkedHashMultimap$ValueSet                           : loaded 2 times (x 138B)
Class dagger.spi.internal.shaded.androidx.room.compiler.processing.javac.JavacBasicAnnotationProcessor$steps$2: loaded 2 times (x 75B)
Class kotlin.collections.IndexedValue                                                 : loaded 2 times (x 68B)
Class kotlin.reflect.jvm.internal.impl.name.SpecialNames                              : loaded 2 times (x 67B)
Class kotlin.reflect.jvm.internal.impl.builtins.functions.FunctionTypeKind$KFunction  : loaded 2 times (x 68B)
Class com.squareup.javapoet.TypeName                                                  : loaded 2 times (x 77B)
Class jdk.internal.jrtfs.SystemImage$1                                                : loaded 2 times (x 74B)
Class org.gradle.internal.classpath.TransformedClassPath                              : loaded 2 times (x 92B)
Class com.google.common.util.concurrent.ListenableFuture                              : loaded 2 times (x 66B)
Class com.google.common.cache.ReferenceEntry                                          : loaded 2 times (x 66B)
Class com.google.common.base.CharMatcher$Any                                          : loaded 2 times (x 108B)
Class androidx.room.compiler.processing.javac.JavacBasicAnnotationProcessor           : loaded 2 times (x 94B)
Class com.google.common.collect.ImmutableMapValues                                    : loaded 2 times (x 122B)
Class kotlin.jvm.internal.markers.KMutableSet                                         : loaded 2 times (x 66B)
Class com.squareup.javapoet.FieldSpec$Builder                                         : loaded 2 times (x 68B)
Class com.google.common.cache.CacheBuilder$NullListener                               : loaded 2 times (x 78B)
Class com.squareup.javapoet.ParameterSpec                                             : loaded 2 times (x 68B)
Class org.objectweb.asm.FieldWriter                                                   : loaded 2 times (x 74B)
Class kotlin.reflect.jvm.internal.KClassImpl$Data$allMembers$2                        : loaded 2 times (x 75B)
Class com.google.common.reflect.Invokable                                             : loaded 2 times (x 99B)
Class com.google.common.collect.MapMaker$Dummy                                        : loaded 2 times (x 75B)
Class kotlin.text.Regex$Companion                                                     : loaded 2 times (x 67B)
Class com.google.common.util.concurrent.AbstractFuture                                : loaded 2 times (x 102B)
Class kotlin.reflect.jvm.internal.impl.builtins.functions.FunctionTypeKind            : loaded 2 times (x 68B)
Class dagger.spi.internal.shaded.androidx.room.compiler.processing.javac.JavacBasicAnnotationProcessor$commonDelegate$2: loaded 2 times (x 75B)
Class com.google.common.base.Splitter$1                                               : loaded 2 times (x 73B)
Class com.google.common.base.CaseFormat$StringConverter                               : loaded 2 times (x 86B)
Class kotlin.reflect.jvm.internal.CachesKt$CACHE_FOR_NULLABLE_BASE_CLASSIFIERS$1      : loaded 2 times (x 74B)
Class com.google.common.io.CharStreams                                                : loaded 2 times (x 67B)
Class com.google.common.reflect.TypeResolver$TypeTable                                : loaded 2 times (x 69B)
Class org.objectweb.asm.RecordComponentVisitor                                        : loaded 2 times (x 73B)
Class com.google.common.cache.CacheLoader$SupplierToCacheLoader                       : loaded 2 times (x 71B)
Class jdk.internal.jimage.decompressor.Decompressor                                   : loaded 2 times (x 68B)
Class jdk.internal.jimage.ImageReader$Resource                                        : loaded 2 times (x 80B)
Class androidx.room.RoomProcessor                                                     : loaded 2 times (x 94B)
Class dagger.hilt.processor.internal.JavacBaseProcessingStepProcessor                 : loaded 2 times (x 96B)
Class com.google.common.collect.UsingToStringOrdering                                 : loaded 2 times (x 110B)
Class kotlin.jvm.internal.markers.KMutableList                                        : loaded 2 times (x 66B)
Class com.google.common.cache.LocalCache$Strength$3                                   : loaded 2 times (x 77B)
Class com.google.common.collect.Interner                                              : loaded 2 times (x 66B)
Class kotlin.io.FilesKt__FileReadWriteKt                                              : loaded 2 times (x 67B)
Class [Lkotlin.Pair;                                                                  : loaded 2 times (x 65B)
Class com.google.common.reflect.TypeResolver$TypeTable$1                              : loaded 2 times (x 69B)
Class org.gradle.internal.service.ServiceLookupException                              : loaded 2 times (x 78B)
Class jdk.internal.jrtfs.JrtFileAttributes                                            : loaded 2 times (x 79B)
Class com.google.common.collect.Interners$InternerImpl                                : loaded 2 times (x 71B)
Class kotlin.jvm.internal.MutablePropertyReference1Impl                               : loaded 2 times (x 133B)
Class com.squareup.javapoet.LineWrapper                                               : loaded 2 times (x 68B)
Class [Lcom.google.common.cache.LocalCache$EntryFactory;                              : loaded 2 times (x 65B)
Class com.google.common.base.CharMatcher$JavaLetter                                   : loaded 2 times (x 107B)
Class org.gradle.internal.classloader.ClassLoaderFactory                              : loaded 2 times (x 66B)
Class org.apache.commons.io.IOCase                                                    : loaded 2 times (x 76B)
Class kotlin.reflect.KTypeParameter                                                   : loaded 2 times (x 66B)
Class kotlin.reflect.jvm.internal.impl.builtins.PrimitiveType                         : loaded 2 times (x 75B)
Class [Lorg.apache.commons.io.FileSystem;                                             : loaded 2 times (x 65B)
Class com.google.common.collect.ImmutableMap$SerializedForm                           : loaded 2 times (x 69B)
Class org.apache.commons.io.CloseableURLConnection                                    : loaded 2 times (x 113B)
Class com.google.common.cache.LocalCache$LocalManualCache                             : loaded 2 times (x 95B)
Class org.gradle.internal.service.CachingServiceLocator                               : loaded 2 times (x 78B)
Class androidx.room.compiler.processing.javac.JavacBasicAnnotationProcessor$steps$2   : loaded 2 times (x 75B)
Class dagger.hilt.processor.internal.generatesrootinput.GeneratesRootInputProcessor   : loaded 2 times (x 96B)
Class dagger.hilt.processor.internal.root.RootProcessor                               : loaded 2 times (x 96B)
Class dagger.spi.internal.shaded.androidx.room.compiler.processing.javac.JavacBasicAnnotationProcessor$xEnv$2: loaded 2 times (x 75B)
Class com.google.common.collect.Streams                                               : loaded 2 times (x 67B)
Class com.google.common.collect.LinkedHashMultimap$ValueEntry                         : loaded 2 times (x 85B)
Class kotlin.reflect.jvm.internal.KClassImpl$Data$descriptor$2                        : loaded 2 times (x 75B)
Class kotlin.collections.AbstractList$IteratorImpl                                    : loaded 2 times (x 78B)
Class kotlin.reflect.jvm.internal.CachesKt$CACHE_FOR_GENERIC_CLASSIFIERS$1            : loaded 2 times (x 74B)
Class kotlin.jvm.internal.CallableReference                                           : loaded 2 times (x 102B)
Class com.google.common.base.CaseFormat$5                                             : loaded 2 times (x 79B)
Class org.apache.commons.io.filefilter.ConditionalFileFilter                          : loaded 2 times (x 66B)
Class com.google.common.collect.AbstractMapBasedMultimap$KeySet                       : loaded 2 times (x 133B)
Class dagger.hilt.processor.internal.definecomponent.DefineComponentProcessingStep    : loaded 2 times (x 82B)
Class kotlin.ranges.IntRange                                                          : loaded 2 times (x 89B)
Class kotlin.jvm.internal.markers.KMutableMap                                         : loaded 2 times (x 66B)
Class com.google.common.collect.AllEqualOrdering                                      : loaded 2 times (x 110B)
Class kotlin.reflect.jvm.internal.impl.descriptors.runtime.structure.ReflectClassUtilKt: loaded 2 times (x 67B)
Class com.google.common.collect.MapMakerInternalMap$InternalEntry                     : loaded 2 times (x 66B)
Class com.google.common.reflect.Types$TypeVariableInvocationHandler                   : loaded 2 times (x 71B)
Class com.google.common.collect.Iterators$10                                          : loaded 2 times (x 77B)
Class com.google.common.base.CharMatcher$JavaDigit                                    : loaded 2 times (x 107B)
Class com.google.common.cache.LocalCache$Strength$2                                   : loaded 2 times (x 77B)
Class com.google.common.util.concurrent.SettableFuture                                : loaded 2 times (x 110B)
Class org.apache.commons.io.output.QueueOutputStream                                  : loaded 2 times (x 83B)
Class com.google.common.reflect.Types$ClassOwnership$3                                : loaded 2 times (x 67B)
Class kotlin.collections.MapWithDefault                                               : loaded 2 times (x 66B)
Class kotlin.jvm.functions.Function22                                                 : loaded 2 times (x 66B)
Class kotlin.jvm.internal.markers.KMutableListIterator                                : loaded 2 times (x 66B)
Class kotlin.reflect.jvm.internal.KCallableImpl$_returnType$1                         : loaded 2 times (x 75B)
Class kotlin.annotation.AnnotationRetention                                           : loaded 2 times (x 75B)
Class org.apache.commons.io.output.AbstractByteArrayOutputStream                      : loaded 2 times (x 98B)
Class com.google.common.cache.CacheBuilder$OneWeigher                                 : loaded 2 times (x 78B)
Class jdk.internal.jimage.ImageBufferCache                                            : loaded 2 times (x 67B)
Class jdk.internal.jrtfs.JrtPath                                                      : loaded 2 times (x 114B)
Class kotlin.reflect.jvm.internal.KDeclarationContainerImpl$Companion                 : loaded 2 times (x 67B)
Class com.google.common.reflect.Types$ClassOwnership$1LocalClass                      : loaded 2 times (x 67B)
Class com.google.common.collect.ImmutableBiMapFauxverideShim                          : loaded 2 times (x 116B)
Class org.gradle.internal.classloader.ClasspathUtil                                   : loaded 2 times (x 67B)
Class kotlin.jvm.internal.PropertyReference0                                          : loaded 2 times (x 123B)
Class kotlin.io.FileSystemException                                                   : loaded 2 times (x 78B)
Class com.google.common.base.Charsets                                                 : loaded 2 times (x 67B)
Class com.google.common.util.concurrent.Uninterruptibles                              : loaded 2 times (x 67B)
Class com.google.common.collect.AbstractMapBasedMultimap$WrappedSet                   : loaded 2 times (x 138B)
Class com.google.common.base.CaseFormat$4                                             : loaded 2 times (x 79B)
Class kotlin.reflect.jvm.internal.impl.builtins.functions.FunctionTypeKind$KSuspendFunction: loaded 2 times (x 68B)
Class kotlin.reflect.full.IllegalCallableAccessException                              : loaded 2 times (x 78B)
Class kotlin.jvm.internal.DefaultConstructorMarker                                    : loaded 2 times (x 67B)
Class kotlin.jvm.internal.PropertyReference1                                          : loaded 2 times (x 123B)
Class com.squareup.javapoet.TypeVariableName                                          : loaded 2 times (x 77B)
Class com.google.common.base.CharMatcher$JavaUpperCase                                : loaded 2 times (x 107B)
Class org.gradle.api.specs.Spec                                                       : loaded 2 times (x 66B)
Class jdk.internal.jimage.ImageReader$SharedImageReader$LocationVisitor               : loaded 2 times (x 66B)
Class com.google.common.collect.MultimapBuilder$ListMultimapBuilder                   : loaded 2 times (x 71B)
Class kotlin.UnsafeLazyImpl                                                           : loaded 2 times (x 72B)
Class kotlin.coroutines.jvm.internal.ContinuationImpl                                 : loaded 2 times (x 83B)
Class kotlin.LazyKt__LazyJVMKt$WhenMappings                                           : loaded 2 times (x 67B)
Class kotlin.jvm.internal.MutablePropertyReference                                    : loaded 2 times (x 115B)
Class kotlin.jvm.internal.PropertyReference2                                          : loaded 2 times (x 123B)
Class com.google.common.collect.MapMaker                                              : loaded 2 times (x 68B)
Class org.apache.commons.io.file.PathFilter                                           : loaded 2 times (x 66B)
Class com.google.common.reflect.Types$JavaVersion                                     : loaded 2 times (x 79B)
Class com.google.common.collect.Sets$3$1                                              : loaded 2 times (x 78B)
Class kotlin.jvm.internal.ArrayIterator                                               : loaded 2 times (x 75B)
Class [Lkotlin.reflect.jvm.internal.impl.builtins.jvm.JavaToKotlinClassMap$PlatformMutabilityMapping;: loaded 2 times (x 65B)
Class kotlin.reflect.jvm.internal.KClassImpl$Data$constructors$2                      : loaded 2 times (x 75B)
Class kotlin.reflect.full.IllegalPropertyDelegateAccessException                      : loaded 2 times (x 78B)
Class kotlin.LazyThreadSafetyMode                                                     : loaded 2 times (x 75B)
Class com.google.common.cache.LocalCache$LoadingValueReference                        : loaded 2 times (x 92B)
Class com.google.common.cache.LocalCache$Strength$1                                   : loaded 2 times (x 77B)
Class org.objectweb.asm.ModuleVisitor                                                 : loaded 2 times (x 77B)
Class com.google.common.reflect.TypeResolver                                          : loaded 2 times (x 68B)
Class com.google.common.reflect.Types$ClassOwnership$2                                : loaded 2 times (x 76B)
Class kotlin.jvm.internal.SpreadBuilder                                               : loaded 2 times (x 72B)
Class com.google.common.collect.MapMakerInternalMap$StrongValueEntry                  : loaded 2 times (x 66B)
Class com.squareup.javapoet.ArrayTypeName                                             : loaded 2 times (x 77B)
Class [Lorg.apache.commons.io.IOCase;                                                 : loaded 2 times (x 65B)
Class kotlin.reflect.jvm.internal.impl.name.ClassId                                   : loaded 2 times (x 68B)
Class org.apache.commons.io.filefilter.AndFileFilter                                  : loaded 2 times (x 123B)
Class com.google.common.collect.MapMakerInternalMap$StrongKeyDummyValueEntry          : loaded 2 times (x 78B)
Class com.google.common.io.LineReader$1                                               : loaded 2 times (x 71B)
Class com.google.common.reflect.Invokable$MethodInvokable                             : loaded 2 times (x 103B)
Class jdk.internal.jimage.ImageReader$Directory                                       : loaded 2 times (x 80B)
Class com.google.common.collect.CompoundOrdering                                      : loaded 2 times (x 111B)
Class kotlin.jvm.functions.Function21                                                 : loaded 2 times (x 66B)
Class kotlin.coroutines.jvm.internal.RestrictedSuspendLambda                          : loaded 2 times (x 87B)
Class com.google.common.base.CaseFormat$3                                             : loaded 2 times (x 79B)
Class kotlin.reflect.jvm.internal.CachesKt$K_PACKAGE_CACHE$1                          : loaded 2 times (x 74B)
Class [Lcom.google.common.collect.LinkedHashMultimap$ValueEntry;                      : loaded 2 times (x 65B)
Class org.gradle.internal.service.UnknownServiceException                             : loaded 2 times (x 79B)
Class kotlin.io.FilePathComponents                                                    : loaded 2 times (x 68B)
Class com.google.common.collect.AbstractMapBasedMultimap$WrappedList                  : loaded 2 times (x 201B)
Class [Lorg.objectweb.asm.AnnotationWriter;                                           : loaded 2 times (x 65B)
Class com.google.common.primitives.Ints$IntConverter                                  : loaded 2 times (x 86B)
Class com.google.common.base.AbstractIterator$State                                   : loaded 2 times (x 75B)
Class com.google.common.collect.Maps$9                                                : loaded 2 times (x 72B)
Class kotlin.Triple                                                                   : loaded 2 times (x 68B)
Class kotlin.collections.ArrayAsCollection                                            : loaded 2 times (x 101B)
Class kotlin.sequences.SequencesKt__SequenceBuilderKt$sequence$$inlined$Sequence$1    : loaded 2 times (x 71B)
Class com.google.common.cache.LocalCache$LocalLoadingCache                            : loaded 2 times (x 130B)
Class kotlin.text.Regex                                                               : loaded 2 times (x 68B)
Class com.google.common.util.concurrent.AbstractFuture$SafeAtomicHelper               : loaded 2 times (x 75B)
Class [Lcom.google.common.collect.Iterators$EmptyModifiableIterator;                  : loaded 2 times (x 65B)
Class com.google.common.collect.ImmutableRangeSet$Builder                             : loaded 2 times (x 73B)
Class com.google.common.cache.LocalCache$StrongValueReference                         : loaded 2 times (x 86B)
Class com.google.common.util.concurrent.AbstractFuture$SynchronizedHelper             : loaded 2 times (x 74B)
Class com.google.common.base.CharMatcher$Invisible                                    : loaded 2 times (x 108B)
Class [Lorg.objectweb.asm.AnnotationVisitor;                                          : loaded 2 times (x 65B)
Class com.google.common.reflect.Types$ClassOwnership$1                                : loaded 2 times (x 76B)
Class [Lcom.squareup.javapoet.LineWrapper$FlushType;                                  : loaded 2 times (x 65B)
Class kotlin.reflect.jvm.internal.KCallableImpl$parametersNeedMFVCFlattening$1        : loaded 2 times (x 75B)
Class kotlin.jvm.internal.ReflectionFactory                                           : loaded 2 times (x 87B)
Class org.objectweb.asm.Type                                                          : loaded 2 times (x 68B)
Class org.gradle.internal.classloader.VisitableURLClassLoader$InstrumentingVisitableURLClassLoader: loaded 2 times (x 119B)
Class com.google.common.collect.MapMakerInternalMap$Strength$2                        : loaded 2 times (x 76B)
Class kotlin.jvm.functions.Function20                                                 : loaded 2 times (x 66B)
Class kotlin.coroutines.Continuation                                                  : loaded 2 times (x 66B)
Class [Lkotlin.reflect.jvm.internal.impl.resolve.jvm.JvmPrimitiveType;                : loaded 2 times (x 65B)
Class kotlin.jvm.internal.ClassBasedDeclarationContainer                              : loaded 2 times (x 66B)
Class com.squareup.javapoet.LineWrapper$1                                             : loaded 2 times (x 67B)
Class com.google.common.base.CaseFormat$2                                             : loaded 2 times (x 79B)
Class kotlin.collections.CollectionsKt___CollectionsKt$asSequence$$inlined$Sequence$1 : loaded 2 times (x 71B)
Class com.google.common.collect.MapMakerInternalMap$StrongKeyDummyValueEntry$Helper   : loaded 2 times (x 75B)
Class org.apache.commons.io.FileUtils                                                 : loaded 2 times (x 67B)
Class com.google.common.io.Files$FileByteSink                                         : loaded 2 times (x 73B)
Class org.objectweb.asm.ByteVector                                                    : loaded 2 times (x 75B)
Class [Lcom.google.common.cache.CacheBuilder$NullListener;                            : loaded 2 times (x 65B)
Class org.gradle.internal.classloader.VisitableURLClassLoader$Spec                    : loaded 2 times (x 70B)
Class org.gradle.internal.classpath.DefaultClassPath                                  : loaded 2 times (x 86B)
Class jdk.internal.jrtfs.SystemImage                                                  : loaded 2 times (x 70B)
Class org.gradle.api.internal.ClassPathProvider                                       : loaded 2 times (x 66B)
Class [Lorg.gradle.api.internal.ClassPathProvider;                                    : loaded 2 times (x 65B)
Class kotlin.coroutines.jvm.internal.BaseContinuationImpl                             : loaded 2 times (x 83B)
Class kotlin.reflect.jvm.internal.KMutableProperty1Impl$_setter$1                     : loaded 2 times (x 75B)
Class com.squareup.javapoet.TypeSpec                                                  : loaded 2 times (x 68B)
Class kotlin.Result$Companion                                                         : loaded 2 times (x 67B)
Class com.google.common.collect.MapMakerInternalMap$Strength$1                        : loaded 2 times (x 76B)
Class com.google.common.reflect.Types$ClassOwnership                                  : loaded 2 times (x 76B)
Class org.objectweb.asm.Symbol                                                        : loaded 2 times (x 69B)
Class com.google.common.base.AbstractIterator                                         : loaded 2 times (x 76B)
Class androidx.room.compiler.processing.XBasicAnnotationProcessor                     : loaded 2 times (x 66B)
Class dagger.spi.internal.shaded.androidx.room.compiler.processing.XBasicAnnotationProcessor: loaded 2 times (x 66B)
Class org.apache.commons.io.FilenameUtils                                             : loaded 2 times (x 67B)
Class kotlin.reflect.jvm.internal.impl.builtins.jvm.JavaToKotlinClassMap$PlatformMutabilityMapping: loaded 2 times (x 68B)
Class com.squareup.javapoet.JavaFile                                                  : loaded 2 times (x 68B)
Class kotlin.reflect.KType                                                            : loaded 2 times (x 66B)
Class kotlin.reflect.jvm.internal.impl.builtins.PrimitiveType$arrayTypeFqName$2       : loaded 2 times (x 75B)
Class com.google.common.io.Java8Compatibility                                         : loaded 2 times (x 67B)
Class com.google.common.io.Closer                                                     : loaded 2 times (x 74B)
Class com.google.common.base.CharMatcher$Ascii                                        : loaded 2 times (x 108B)
Class org.gradle.internal.classloader.ClassLoaderSpec                                 : loaded 2 times (x 67B)
Class dagger.hilt.android.processor.internal.bindvalue.BindValueProcessingStep        : loaded 2 times (x 82B)
Class kotlin.jvm.internal.FunctionReferenceImpl                                       : loaded 2 times (x 118B)
Class kotlin.reflect.jvm.internal.ReflectProperties$Val$1                             : loaded 2 times (x 67B)
Class com.google.common.base.CaseFormat$1                                             : loaded 2 times (x 79B)
Class org.objectweb.asm.AnnotationWriter                                              : loaded 2 times (x 75B)
Class com.google.common.cache.CacheStats                                              : loaded 2 times (x 67B)
Class dagger.hilt.android.processor.internal.bindvalue.BindValueProcessor             : loaded 2 times (x 96B)
Class kotlin.sequences.SequenceScope                                                  : loaded 2 times (x 69B)
Class com.google.common.collect.LinkedHashMultimapGwtSerializationDependencies        : loaded 2 times (x 170B)
Class com.google.common.collect.NaturalOrdering                                       : loaded 2 times (x 111B)
Class org.gradle.api.internal.DefaultClassPathProvider                                : loaded 2 times (x 72B)
Class kotlin.jvm.internal.markers.KMutableIterable                                    : loaded 2 times (x 66B)
Class com.google.common.base.Splitter                                                 : loaded 2 times (x 68B)
Class com.google.common.collect.Interners                                             : loaded 2 times (x 67B)
Class com.google.common.io.Closer$Suppressor                                          : loaded 2 times (x 66B)
Class com.google.common.io.LineProcessor                                              : loaded 2 times (x 66B)
Class org.objectweb.asm.RecordComponentWriter                                         : loaded 2 times (x 74B)
Class com.google.common.util.concurrent.AbstractFuture$Listener                       : loaded 2 times (x 68B)
Class Settings_gradle$1$1                                                             : loaded 2 times (x 70B)
Class com.google.common.collect.MultimapBuilder$SortedSetMultimapBuilder              : loaded 2 times (x 73B)
Class org.objectweb.asm.AnnotationVisitor                                             : loaded 2 times (x 74B)
Class com.google.common.collect.ImmutableSet$SerializedForm                           : loaded 2 times (x 69B)
Class kotlin.io.FileTreeWalk$DirectoryState                                           : loaded 2 times (x 69B)
Class org.objectweb.asm.Attribute                                                     : loaded 2 times (x 73B)
Class org.gradle.internal.classloader.VisitableURLClassLoader                         : loaded 2 times (x 113B)
Class androidx.room.compiler.processing.javac.JavacBasicAnnotationProcessor$commonDelegate$2: loaded 2 times (x 75B)
Class com.google.common.collect.Iterators$EmptyModifiableIterator                     : loaded 2 times (x 82B)
Class kotlin.sequences.FlatteningSequence$iterator$1                                  : loaded 2 times (x 75B)
Class kotlin.sequences.GeneratorSequence                                              : loaded 2 times (x 71B)
Class com.google.common.base.Verify                                                   : loaded 2 times (x 67B)
Class [Lkotlin.DeprecationLevel;                                                      : loaded 2 times (x 65B)
Class kotlin.reflect.jvm.internal.KClassImpl                                          : loaded 2 times (x 111B)
Class [Lkotlin.reflect.KCallable;                                                     : loaded 2 times (x 65B)
Class com.google.common.collect.ImmutableList$SerializedForm                          : loaded 2 times (x 69B)
Class org.apache.commons.io.file.PathVisitor                                          : loaded 2 times (x 66B)
Class com.google.common.util.concurrent.AbstractFuture$Waiter                         : loaded 2 times (x 68B)
Class Settings_gradle                                                                 : loaded 2 times (x 124B)
Class org.gradle.internal.Cast                                                        : loaded 2 times (x 67B)
Class org.gradle.api.Action                                                           : loaded 2 times (x 66B)
Class kotlin.reflect.KProperty$Accessor                                               : loaded 2 times (x 66B)
Class com.squareup.javapoet.FieldSpec                                                 : loaded 2 times (x 68B)
Class kotlin.reflect.jvm.internal.KCallableImpl                                       : loaded 2 times (x 101B)
Class kotlin.collections.AbstractMutableList                                          : loaded 2 times (x 202B)
Class kotlin.reflect.jvm.internal.impl.builtins.functions.FunctionTypeKind$Function   : loaded 2 times (x 68B)
Class com.squareup.javapoet.LineWrapper$FlushType                                     : loaded 2 times (x 75B)
Class com.google.common.collect.MapMakerInternalMap                                   : loaded 2 times (x 157B)
Class org.objectweb.asm.Handler                                                       : loaded 2 times (x 68B)
Class com.google.common.base.Ticker                                                   : loaded 2 times (x 68B)
Class com.google.common.base.Strings                                                  : loaded 2 times (x 67B)
Class org.gradle.internal.agents.InstrumentingClassLoader                             : loaded 2 times (x 66B)
Class dagger.spi.internal.shaded.androidx.room.compiler.processing.javac.JavacBasicAnnotationProcessor$2: loaded 2 times (x 75B)
Class com.google.common.collect.MultimapBuilder$SetMultimapBuilder                    : loaded 2 times (x 71B)
Class com.google.common.collect.ImmutableSortedSet$Builder                            : loaded 2 times (x 82B)
Class kotlin.KotlinNothingValueException                                              : loaded 2 times (x 78B)
Class kotlin.jvm.internal.markers.KMutableIterator                                    : loaded 2 times (x 66B)
Class kotlin.jvm.internal.ArrayIteratorKt                                             : loaded 2 times (x 67B)
Class kotlin.reflect.jvm.internal.KCallableImpl$_typeParameters$1                     : loaded 2 times (x 75B)
Class kotlin.jvm.functions.Function2                                                  : loaded 2 times (x 66B)
Class com.google.common.collect.ComparatorOrdering                                    : loaded 2 times (x 111B)
Class [Lcom.google.common.cache.LocalCache$Segment;                                   : loaded 2 times (x 65B)
Class [Lcom.google.common.cache.LocalCache$Strength;                                  : loaded 2 times (x 65B)
Class com.google.common.cache.CacheBuilder$1                                          : loaded 2 times (x 81B)
Class org.gradle.internal.classpath.DefaultClassPath$ImmutableUniqueList$Builder      : loaded 2 times (x 71B)
Class dagger.internal.codegen.DelegateComponentProcessor                              : loaded 2 times (x 68B)
Class dagger.hilt.processor.internal.root.ComponentTreeDepsProcessingStep             : loaded 2 times (x 82B)
Class com.google.common.collect.ImmutableRangeSet                                     : loaded 2 times (x 111B)
Class kotlin.jvm.functions.Function3                                                  : loaded 2 times (x 66B)
Class kotlin.reflect.jvm.internal.KProperty1Impl$_getter$1                            : loaded 2 times (x 75B)
Class kotlin.reflect.jvm.internal.KDeclarationContainerImpl$Data                      : loaded 2 times (x 68B)
Class org.apache.commons.io.output.StringBuilderWriter                                : loaded 2 times (x 96B)
Class kotlin.io.FileTreeWalk$WalkState                                                : loaded 2 times (x 69B)
Class com.google.common.collect.MapMakerInternalMap$WeakValueReference                : loaded 2 times (x 66B)
Class com.google.common.collect.AbstractRangeSet                                      : loaded 2 times (x 110B)
Class com.google.common.cache.LocalCache                                              : loaded 2 times (x 183B)
Class com.google.common.cache.CacheBuilder$2                                          : loaded 2 times (x 68B)
Class [Lorg.apache.commons.io.StandardLineSeparator;                                  : loaded 2 times (x 65B)
Class com.google.common.collect.AbstractIterator$1                                    : loaded 2 times (x 67B)
Class kotlin.reflect.jvm.internal.CachesKt$K_CLASS_CACHE$1                            : loaded 2 times (x 74B)
Class kotlin.reflect.jvm.internal.impl.name.FqNameUnsafe$1                            : loaded 2 times (x 70B)
Class kotlin.reflect.jvm.internal.impl.builtins.PrimitiveType$Companion               : loaded 2 times (x 67B)
Class kotlin.jvm.functions.Function4                                                  : loaded 2 times (x 66B)
Class kotlin.reflect.jvm.internal.KClassImpl$Data$typeParameters$2                    : loaded 2 times (x 75B)
Class kotlin.reflect.jvm.internal.KClassImpl$Data                                     : loaded 2 times (x 68B)
Class com.google.common.collect.CollectSpliterators$1WithCharacteristics              : loaded 2 times (x 86B)
Class org.gradle.api.internal.classpath.EffectiveClassPath                            : loaded 2 times (x 86B)
Class com.google.common.base.AbstractIterator$1                                       : loaded 2 times (x 67B)
Class com.google.common.base.CharMatcher$Digit                                        : loaded 2 times (x 108B)
Class org.gradle.api.GradleException                                                  : loaded 2 times (x 78B)
Class jdk.internal.jimage.ImageStrings                                                : loaded 2 times (x 66B)
Class dagger.hilt.processor.internal.originatingelement.OriginatingElementProcessor   : loaded 2 times (x 96B)
Class kotlin.io.FileTreeWalk$FileTreeWalkIterator                                     : loaded 2 times (x 79B)
Class [Ldagger.hilt.processor.internal.optionvalues.GradleProjectType;                : loaded 2 times (x 65B)
Class kotlin.jvm.functions.Function5                                                  : loaded 2 times (x 66B)
Class kotlin.reflect.KDeclarationContainer                                            : loaded 2 times (x 66B)
Class com.squareup.javapoet.LineWrapper$RecordingAppendable                           : loaded 2 times (x 73B)
Class kotlin.reflect.jvm.internal.KProperty1Impl                                      : loaded 2 times (x 124B)
Class org.apache.commons.io.StandardLineSeparator                                     : loaded 2 times (x 75B)
Class com.google.common.base.CharMatcher$JavaIsoControl                               : loaded 2 times (x 108B)
Class dagger.hilt.processor.internal.generatesrootinput.GeneratesRootInputProcessingStep: loaded 2 times (x 82B)
Class kotlin.reflect.jvm.internal.KClassImpl$Data$objectInstance$2                    : loaded 2 times (x 75B)
Class kotlin.jvm.functions.Function6                                                  : loaded 2 times (x 66B)
Class kotlin.reflect.jvm.internal.KPropertyImpl$_descriptor$1                         : loaded 2 times (x 75B)
Class kotlin.reflect.jvm.internal.KTypeParameterOwnerImpl                             : loaded 2 times (x 66B)
Class com.google.common.base.Enums$StringConverter                                    : loaded 2 times (x 86B)
Class com.google.common.collect.Ordering                                              : loaded 2 times (x 110B)
Class kotlin.io.FilesKt                                                               : loaded 2 times (x 67B)
Class [Lcom.google.common.collect.MapMakerInternalMap$Strength;                       : loaded 2 times (x 65B)
Class [Lcom.google.common.io.FileWriteMode;                                           : loaded 2 times (x 65B)
Class com.google.common.base.CharMatcher$JavaLowerCase                                : loaded 2 times (x 107B)
Class dagger.hilt.processor.internal.earlyentrypoint.EarlyEntryPointProcessor         : loaded 2 times (x 96B)
Class kotlin.jvm.functions.Function7                                                  : loaded 2 times (x 66B)
Class kotlin.reflect.jvm.internal.impl.name.Name                                      : loaded 2 times (x 71B)
Class kotlin.reflect.jvm.internal.KPropertyImpl$Companion                             : loaded 2 times (x 67B)
Class dagger.hilt.android.processor.internal.customtestapplication.CustomTestApplicationProcessor: loaded 2 times (x 96B)
Class com.google.common.collect.Iterables$4                                           : loaded 2 times (x 77B)
Class com.google.common.collect.MapMakerInternalMap$StrongKeyDummyValueSegment        : loaded 2 times (x 138B)
Class com.google.common.cache.LocalCache$WriteThroughEntry                            : loaded 2 times (x 75B)
Class com.google.common.cache.LocalCache$HashIterator                                 : loaded 2 times (x 82B)
Class com.google.common.io.Files                                                      : loaded 2 times (x 67B)
Class com.google.common.cache.LocalCache$EntryFactory                                 : loaded 2 times (x 79B)
Class com.google.common.collect.NullsLastOrdering                                     : loaded 2 times (x 111B)
Class com.google.common.collect.Maps$12                                               : loaded 2 times (x 78B)
Class kotlin.collections.builders.MapBuilder$Companion                                : loaded 2 times (x 67B)
Class [Lkotlin.annotation.AnnotationRetention;                                        : loaded 2 times (x 65B)
Class kotlin.jvm.functions.Function8                                                  : loaded 2 times (x 66B)
Class kotlin.reflect.jvm.internal.impl.name.FqNameUnsafe                              : loaded 2 times (x 68B)
Class com.squareup.javapoet.Util                                                      : loaded 2 times (x 67B)
Class org.gradle.internal.classloader.ClassLoaderVisitor                              : loaded 2 times (x 72B)
Class com.google.common.base.CharMatcher$None                                         : loaded 2 times (x 108B)
Class org.apache.commons.io.file.PathUtils                                            : loaded 2 times (x 67B)
Class [Lcom.google.common.collect.MapMaker$Dummy;                                     : loaded 2 times (x 65B)
Class com.google.common.reflect.Types$NativeTypeVariableEquals                        : loaded 2 times (x 67B)
Class com.google.common.reflect.TypeParameter                                         : loaded 2 times (x 68B)
Class com.google.common.cache.LocalCache$AbstractReferenceEntry                       : loaded 2 times (x 103B)
Class com.google.common.base.Splitter$1$1                                             : loaded 2 times (x 82B)
Class com.google.common.base.CharMatcher$Whitespace                                   : loaded 2 times (x 108B)
Class org.gradle.internal.IoActions                                                   : loaded 2 times (x 67B)
Class com.google.common.collect.MultimapBuilder$MultimapBuilderWithKeys$1             : loaded 2 times (x 72B)
Class com.google.common.collect.Maps$13                                               : loaded 2 times (x 81B)
Class [Lcom.google.common.collect.AbstractIterator$State;                             : loaded 2 times (x 65B)
Class com.google.common.base.VerifyException                                          : loaded 2 times (x 78B)
Class com.google.common.base.Enums                                                    : loaded 2 times (x 67B)
Class kotlin.annotation.MustBeDocumented                                              : loaded 2 times (x 66B)
Class [Lkotlin.reflect.jvm.internal.impl.name.ClassId;                                : loaded 2 times (x 65B)
Class kotlin.jvm.functions.Function10                                                 : loaded 2 times (x 66B)
Class kotlin.jvm.functions.Function9                                                  : loaded 2 times (x 66B)
Class kotlin.reflect.jvm.internal.KClassImpl$Data$allNonStaticMembers$2               : loaded 2 times (x 75B)
Class [Lkotlin.LazyThreadSafetyMode;                                                  : loaded 2 times (x 65B)
Class [Lkotlin.reflect.KClassifier;                                                   : loaded 2 times (x 65B)
Class kotlin.reflect.jvm.internal.EmptyContainerForLocal                              : loaded 2 times (x 80B)
Class kotlin.reflect.jvm.internal.KDeclarationContainerImpl$Data$moduleData$2         : loaded 2 times (x 75B)
Class com.google.common.collect.ImmutableRangeSet$ComplementRanges                    : loaded 2 times (x 203B)
Class org.objectweb.asm.SymbolTable                                                   : loaded 2 times (x 68B)
Class com.google.common.cache.CacheLoader$InvalidCacheLoadException                   : loaded 2 times (x 78B)
Class com.google.common.base.CharMatcher$SingleWidth                                  : loaded 2 times (x 108B)
Class org.gradle.internal.classloader.SystemClassLoaderSpec                           : loaded 2 times (x 67B)
Class com.google.common.collect.ReverseNaturalOrdering                                : loaded 2 times (x 110B)
Class com.google.common.collect.MultimapBuilder$MultimapBuilderWithKeys$2             : loaded 2 times (x 72B)
Class kotlin.ranges.IntRange$Companion                                                : loaded 2 times (x 67B)
Class kotlin.coroutines.intrinsics.IntrinsicsKt                                       : loaded 2 times (x 67B)
Class com.google.common.base.CaseFormat                                               : loaded 2 times (x 79B)
Class kotlin.jvm.internal.markers.KMutableCollection                                  : loaded 2 times (x 66B)
Class kotlin.jvm.functions.Function11                                                 : loaded 2 times (x 66B)
Class kotlin.reflect.jvm.internal.KClassImpl$Data$sealedSubclasses$2                  : loaded 2 times (x 75B)
Class kotlin.reflect.KAnnotatedElement                                                : loaded 2 times (x 66B)
Class org.gradle.internal.classloader.DefaultClassLoaderFactory                       : loaded 2 times (x 78B)
Class com.google.common.collect.FluentIterable                                        : loaded 2 times (x 77B)
Class com.google.common.cache.LocalCache$StrongEntry                                  : loaded 2 times (x 104B)
Class com.google.common.util.concurrent.AbstractFuture$TrustedFuture                  : loaded 2 times (x 110B)
Class com.google.common.cache.LoadingCache                                            : loaded 2 times (x 66B)
Class jdk.internal.jrtfs.JrtFileSystem                                                : loaded 2 times (x 98B)
Class androidx.room.compiler.processing.XProcessingEnvConfig                          : loaded 2 times (x 67B)
Class com.google.common.collect.MultimapBuilder$MultimapBuilderWithKeys$3             : loaded 2 times (x 72B)
Class kotlin.coroutines.intrinsics.CoroutineSingletons                                : loaded 2 times (x 75B)
Class [Lcom.google.common.cache.CacheBuilder$OneWeigher;                              : loaded 2 times (x 65B)
Class kotlin.jvm.functions.Function12                                                 : loaded 2 times (x 66B)
Class org.objectweb.asm.MethodTooLargeException                                       : loaded 2 times (x 79B)
Class com.google.common.collect.MapMakerInternalMap$Strength                          : loaded 2 times (x 76B)
Class com.google.common.collect.MapMakerInternalMap$StrongKeyDummyValueEntry$LinkedStrongKeyDummyValueEntry: loaded 2 times (x 78B)
Class kotlin.io.FileTreeWalk$FileTreeWalkIterator$TopDownDirectoryState               : loaded 2 times (x 70B)
Class org.objectweb.asm.MethodWriter                                                  : loaded 2 times (x 102B)
Class [Lcom.google.common.cache.Weigher;                                              : loaded 2 times (x 65B)
Class kotlin.io.LinesSequence                                                         : loaded 2 times (x 71B)
Class com.google.common.collect.MultimapBuilder$MultimapBuilderWithKeys$4             : loaded 2 times (x 72B)
Class [Lkotlin.reflect.KClass;                                                        : loaded 2 times (x 65B)
Class kotlin.ranges.OpenEndRange                                                      : loaded 2 times (x 66B)
Class kotlin.sequences.SequenceBuilderIterator                                        : loaded 2 times (x 81B)
Class kotlin.jvm.functions.Function13                                                 : loaded 2 times (x 66B)
Class kotlin.text.Charsets                                                            : loaded 2 times (x 67B)
Class com.google.common.collect.AbstractMapBasedMultimap$RandomAccessWrappedList      : loaded 2 times (x 201B)
Class dagger.hilt.processor.internal.definecomponent.DefineComponentProcessor         : loaded 2 times (x 96B)
Class com.google.common.collect.MultimapBuilder$MultimapBuilderWithKeys$5             : loaded 2 times (x 74B)
Class kotlin.reflect.jvm.internal.impl.name.FqName                                    : loaded 2 times (x 68B)
Class org.objectweb.asm.ClassVisitor                                                  : loaded 2 times (x 84B)
Class [Lorg.objectweb.asm.Symbol;                                                     : loaded 2 times (x 65B)
Class com.google.common.reflect.TypeCapture                                           : loaded 2 times (x 67B)
Class kotlin.jvm.functions.Function14                                                 : loaded 2 times (x 66B)
Class com.google.common.collect.TransformedListIterator                               : loaded 2 times (x 89B)
Class com.google.common.collect.AbstractIterator$State                                : loaded 2 times (x 75B)
Class com.google.common.reflect.Types$JavaVersion$1                                   : loaded 2 times (x 79B)
Class com.google.common.cache.LocalCache$ValueReference                               : loaded 2 times (x 66B)
Class com.google.common.collect.MultimapBuilder$MultimapBuilderWithKeys$6             : loaded 2 times (x 72B)
Class com.google.common.cache.LocalCache$Values                                       : loaded 2 times (x 114B)
Class org.apache.commons.io.function.IOFunction                                       : loaded 2 times (x 66B)
Class kotlin.jvm.functions.Function15                                                 : loaded 2 times (x 66B)
Class kotlin.collections.builders.ListBuilder$Itr                                     : loaded 2 times (x 90B)
Class kotlin.sequences.TransformingSequence                                           : loaded 2 times (x 71B)
Class org.apache.commons.io.FileSystem                                                : loaded 2 times (x 76B)
Class kotlin.jvm.internal.MutablePropertyReference2                                   : loaded 2 times (x 133B)
Class com.google.common.reflect.Types$JavaVersion$2                                   : loaded 2 times (x 79B)
Class com.google.common.reflect.Types                                                 : loaded 2 times (x 67B)
Class com.google.common.util.concurrent.AbstractFuture$Failure                        : loaded 2 times (x 68B)
Class kotlin.reflect.jvm.internal.ReflectProperties$Val                               : loaded 2 times (x 70B)
Class com.google.common.collect.ByFunctionOrdering                                    : loaded 2 times (x 111B)
Class kotlin.reflect.jvm.internal.impl.builtins.PrimitiveType$typeFqName$2            : loaded 2 times (x 75B)
Class kotlin.coroutines.EmptyCoroutineContext                                         : loaded 2 times (x 73B)
Class kotlin.collections.builders.MapBuilder                                          : loaded 2 times (x 108B)
Class kotlin.ranges.IntProgression$Companion                                          : loaded 2 times (x 67B)
Class [Lcom.squareup.javapoet.TypeSpec$Kind;                                          : loaded 2 times (x 65B)
Class kotlin.jvm.functions.Function16                                                 : loaded 2 times (x 66B)
Class kotlin.reflect.jvm.internal.CacheByClassKt                                      : loaded 2 times (x 67B)
Class com.google.common.collect.ImmutableListMultimap$Builder                         : loaded 2 times (x 79B)
Class org.gradle.api.internal.classpath.ManifestUtil                                  : loaded 2 times (x 67B)
Class [Lorg.apache.commons.io.file.DeleteOption;                                      : loaded 2 times (x 65B)
Class com.google.common.io.CharSink                                                   : loaded 2 times (x 75B)
Class com.google.common.reflect.Types$JavaVersion$3                                   : loaded 2 times (x 79B)
Class org.objectweb.asm.Label                                                         : loaded 2 times (x 69B)
Class org.objectweb.asm.CurrentFrame                                                  : loaded 2 times (x 69B)
Class org.objectweb.asm.ClassTooLargeException                                        : loaded 2 times (x 79B)
Class com.google.common.util.concurrent.ExecutionError                                : loaded 2 times (x 78B)
Class com.google.common.collect.ImmutableBiMap$SerializedForm                         : loaded 2 times (x 71B)
Class kotlin.jvm.internal.MutablePropertyReference1                                   : loaded 2 times (x 133B)
Class kotlin.SafePublicationLazyImpl$Companion                                        : loaded 2 times (x 67B)
Class kotlin.jvm.functions.Function17                                                 : loaded 2 times (x 66B)
Class kotlin.jvm.internal.PropertyReference1Impl                                      : loaded 2 times (x 123B)
Class com.google.common.collect.MapMakerInternalMap$InternalEntryHelper               : loaded 2 times (x 66B)
Class com.google.common.collect.Table                                                 : loaded 2 times (x 66B)
Class com.google.common.reflect.Types$JavaVersion$4                                   : loaded 2 times (x 79B)
Class com.google.common.collect.RangeGwtSerializationDependencies                     : loaded 2 times (x 67B)
Class org.objectweb.asm.Frame                                                         : loaded 2 times (x 69B)
Class org.objectweb.asm.MethodVisitor                                                 : loaded 2 times (x 101B)
Class com.google.common.cache.LocalCache$EntryFactory$1                               : loaded 2 times (x 79B)
Class [Lcom.google.common.cache.RemovalListener;                                      : loaded 2 times (x 65B)
Class androidx.room.compiler.processing.javac.JavacBasicAnnotationProcessor$xEnv$2    : loaded 2 times (x 75B)
Class kotlin.jvm.functions.Function18                                                 : loaded 2 times (x 66B)
Class kotlin.jvm.internal.CallableReference$NoReceiver                                : loaded 2 times (x 67B)
Class kotlin.reflect.jvm.internal.CachesKt                                            : loaded 2 times (x 67B)
Class dagger.hilt.android.processor.internal.customtestapplication.CustomTestApplicationProcessingStep: loaded 2 times (x 82B)
Class com.google.common.reflect.Types$JavaVersion$5                                   : loaded 2 times (x 67B)
Class [Lcom.google.common.reflect.Types$ClassOwnership;                               : loaded 2 times (x 65B)
Class com.google.common.collect.RangeSet                                              : loaded 2 times (x 66B)
Class com.google.common.cache.LocalCache$EntryFactory$2                               : loaded 2 times (x 79B)
Class org.gradle.internal.classloader.ClassLoaderHierarchy                            : loaded 2 times (x 66B)
Class [Lcom.google.common.base.AbstractIterator$State;                                : loaded 2 times (x 65B)
Class com.google.common.collect.Multimaps                                             : loaded 2 times (x 67B)
Class com.google.common.io.FileWriteMode                                              : loaded 2 times (x 75B)
Class [Lcom.google.common.collect.MapMakerInternalMap$Segment;                        : loaded 2 times (x 65B)
Class kotlin.reflect.KMutableProperty$Setter                                          : loaded 2 times (x 66B)
Class kotlin.jvm.functions.Function19                                                 : loaded 2 times (x 66B)
Class kotlin.reflect.jvm.internal.KClassImpl$Data$allStaticMembers$2                  : loaded 2 times (x 75B)
Class com.google.common.collect.CollectCollectors                                     : loaded 2 times (x 67B)
Class org.objectweb.asm.ModuleWriter                                                  : loaded 2 times (x 78B)
Class com.google.common.cache.LocalCache$EntryFactory$3                               : loaded 2 times (x 79B)
Class com.google.common.base.Ticker$1                                                 : loaded 2 times (x 68B)
Class com.google.common.collect.MultimapBuilder$1                                     : loaded 2 times (x 79B)
Class com.google.common.cache.LocalCache$ValueIterator                                : loaded 2 times (x 82B)
Class kotlin.io.FilesKt__FileTreeWalkKt                                               : loaded 2 times (x 67B)
Class kotlin.jvm.internal.CollectionToArray                                           : loaded 2 times (x 67B)
Class com.google.common.collect.CollectSpliterators$1                                 : loaded 2 times (x 86B)
Class com.google.common.cache.LocalCache$EntryFactory$4                               : loaded 2 times (x 79B)
Class com.google.common.collect.MultimapBuilder$2                                     : loaded 2 times (x 79B)
Class com.google.common.collect.MultimapBuilder$MultimapBuilderWithKeys               : loaded 2 times (x 78B)
Class com.google.common.collect.ReverseOrdering                                       : loaded 2 times (x 111B)
Class com.squareup.javapoet.CodeBlock                                                 : loaded 2 times (x 68B)
Class com.squareup.javapoet.AnnotationSpec                                            : loaded 2 times (x 68B)
Class kotlin.reflect.jvm.internal.KCallableImpl$_parameters$1                         : loaded 2 times (x 75B)
Class kotlin.sequences.ConstrainedOnceSequence                                        : loaded 2 times (x 71B)
Class com.google.common.cache.LocalCache$EntryFactory$5                               : loaded 2 times (x 79B)
Class com.google.common.collect.MultimapBuilder$3                                     : loaded 2 times (x 80B)
Class kotlin.reflect.jvm.internal.KClassImpl$Data$simpleName$2                        : loaded 2 times (x 75B)
Class [Lkotlin.reflect.KProperty;                                                     : loaded 2 times (x 65B)
Class kotlin.reflect.jvm.internal.CachesKt$CACHE_FOR_BASE_CLASSIFIERS$1               : loaded 2 times (x 74B)
Class kotlin.jvm.internal.MutablePropertyReference0                                   : loaded 2 times (x 133B)
Class kotlin.reflect.jvm.internal.KCallableImpl$_annotations$1                        : loaded 2 times (x 75B)
Class org.apache.commons.io.output.AppendableWriter                                   : loaded 2 times (x 96B)
Class com.google.common.cache.LocalCache$EntryFactory$6                               : loaded 2 times (x 79B)
Class org.gradle.internal.installation.CurrentGradleInstallationLocator               : loaded 2 times (x 67B)
Class dagger.hilt.processor.internal.aggregateddeps.AggregatedDepsProcessingStep      : loaded 2 times (x 82B)
Class dagger.spi.internal.shaded.androidx.room.compiler.processing.XProcessingEnvConfig$Builder: loaded 2 times (x 68B)
Class com.google.common.collect.MultimapBuilder$4                                     : loaded 2 times (x 80B)
Class kotlin.reflect.jvm.internal.KClassImpl$Data$inheritedNonStaticMembers$2         : loaded 2 times (x 75B)
Class kotlin.reflect.jvm.internal.impl.builtins.CompanionObjectMapping                : loaded 2 times (x 67B)
Class com.google.common.collect.SortedSetMultimap                                     : loaded 2 times (x 66B)
Class [Lkotlin.io.FileWalkDirection;                                                  : loaded 2 times (x 65B)
Class org.apache.commons.io.output.ThresholdingOutputStream                           : loaded 2 times (x 90B)
Class com.google.common.collect.Maps$KeySet                                           : loaded 2 times (x 133B)
Class com.google.common.cache.LocalCache$EntryFactory$7                               : loaded 2 times (x 79B)
Class org.gradle.internal.service.DefaultServiceLocator                               : loaded 2 times (x 79B)
Class jdk.internal.jrtfs.JrtDirectoryStream                                           : loaded 2 times (x 85B)
Class jdk.internal.jimage.BasicImageReader                                            : loaded 2 times (x 91B)
Class org.gradle.internal.classloader.FilteringClassLoader                            : loaded 2 times (x 101B)
Class kotlin.coroutines.jvm.internal.SuspendFunction                                  : loaded 2 times (x 66B)
Class kotlin.reflect.KMutableProperty0                                                : loaded 2 times (x 66B)
Class kotlin.reflect.KClassifier                                                      : loaded 2 times (x 66B)
Class com.google.common.io.LineReader                                                 : loaded 2 times (x 68B)
Class kotlin.io.FileTreeWalk                                                          : loaded 2 times (x 71B)
Class com.google.common.cache.LocalCache$SoftValueReference                           : loaded 2 times (x 93B)
Class com.google.common.cache.LocalCache$EntryFactory$8                               : loaded 2 times (x 79B)
Class org.gradle.internal.installation.CurrentGradleInstallation                      : loaded 2 times (x 69B)
Class kotlin.jvm.internal.StringCompanionObject                                       : loaded 2 times (x 67B)
Class kotlin.coroutines.intrinsics.IntrinsicsKt__IntrinsicsJvmKt                      : loaded 2 times (x 67B)
Class kotlin.coroutines.jvm.internal.CoroutineStackFrame                              : loaded 2 times (x 66B)
Class kotlin.reflect.KMutableProperty1                                                : loaded 2 times (x 66B)
Class kotlin.io.TextStreamsKt                                                         : loaded 2 times (x 67B)
Class com.google.common.cache.CacheLoader$1                                           : loaded 2 times (x 71B)
Class com.google.common.collect.ForwardingObject                                      : loaded 2 times (x 68B)
Class org.gradle.util.internal.GUtil                                                  : loaded 2 times (x 67B)
Class kotlin.reflect.KMutableProperty2                                                : loaded 2 times (x 66B)
Class kotlin.coroutines.jvm.internal.CompletedContinuation                            : loaded 2 times (x 71B)
Class kotlin.io.NoSuchFileException                                                   : loaded 2 times (x 78B)
Class com.google.common.io.ByteSource                                                 : loaded 2 times (x 80B)
Class com.google.common.util.concurrent.AbstractFuture$SetFuture                      : loaded 2 times (x 71B)
Class com.google.common.cache.AbstractCache$StatsCounter                              : loaded 2 times (x 66B)
Class kotlin.ranges.IntProgressionIterator                                            : loaded 2 times (x 78B)
Class kotlin.coroutines.CoroutineContext                                              : loaded 2 times (x 66B)
Class kotlin.coroutines.jvm.internal.DebugProbesKt                                    : loaded 2 times (x 67B)
Class kotlin.reflect.jvm.internal.RuntimeTypeMapper                                   : loaded 2 times (x 67B)
Class kotlin.sequences.FlatteningSequence                                             : loaded 2 times (x 71B)
Class kotlin.coroutines.jvm.internal.RestrictedContinuationImpl                       : loaded 2 times (x 83B)
Class com.google.common.collect.MapMakerInternalMap$1                                 : loaded 2 times (x 79B)
Class com.google.common.io.LineBuffer                                                 : loaded 2 times (x 71B)
Class com.google.common.reflect.Types$TypeVariableImpl                                : loaded 2 times (x 68B)
Class org.gradle.internal.installation.GradleInstallation                             : loaded 2 times (x 71B)
Class com.google.common.collect.LexicographicalOrdering                               : loaded 2 times (x 111B)
Class dagger.hilt.processor.internal.uninstallmodules.UninstallModulesProcessor       : loaded 2 times (x 96B)
Class kotlin.reflect.jvm.internal.KPackageImpl$data$1                                 : loaded 2 times (x 75B)
Class com.squareup.javapoet.ClassName                                                 : loaded 2 times (x 80B)
Class com.google.common.base.Splitter$Strategy                                        : loaded 2 times (x 66B)
Class dagger.hilt.processor.internal.root.ComponentTreeDepsProcessor                  : loaded 2 times (x 96B)
Class kotlin.ranges.IntProgression                                                    : loaded 2 times (x 77B)
Class kotlin.jvm.KotlinReflectionNotSupportedError                                    : loaded 2 times (x 78B)
Class kotlin.io.FileWalkDirection                                                     : loaded 2 times (x 75B)

---------------  S Y S T E M  ---------------

OS:
 Windows 11 , 64 bit Build 22621 (10.0.22621.5415)
OS uptime: 0 days 2:49 hours
Hyper-V role detected

CPU: total 2 (initial active 2) (2 cores per cpu, 1 threads per core) family 23 model 24 stepping 1 microcode 0x0, cx8, cmov, fxsr, mmx, 3dnowpref, sse, sse2, sse3, ssse3, sse4a, sse4.1, sse4.2, popcnt, lzcnt, tsc, tscinvbit, avx, avx2, aes, clmul, bmi1, bmi2, adx, sha, fma, vzeroupper, clflush, clflushopt, hv, rdtscp, f16c
Processor Information for all 2 processors :
  Max Mhz: 2300, Current Mhz: 2300, Mhz Limit: 2300

Memory: 4k page, system-wide physical 6055M (401M free)
TotalPageFile size 13934M (AvailPageFile size 0M)
current process WorkingSet (physical memory assigned to process): 1104M, peak: 1672M
current process commit charge ("private bytes"): 2095M, peak: 2096M

vm_info: OpenJDK 64-Bit Server VM (21.0.5+-13047016-b750.29) for windows-amd64 JRE (21.0.5+-13047016-b750.29), built on 2025-02-11T21:12:39Z by "builder" with MS VC++ 16.10 / 16.11 (VS2019)

END.
